system_index,date,WRS_PATH,WRS_ROW,CLOUD_COVER,IMAGE_QUALITY
LE07_191024_20000121,2000-01-21,191.0,24.0,87.0,9.0
LE07_191024_20000222,2000-02-22,191.0,24.0,28.0,9.0
LE07_191024_20000410,2000-04-10,191.0,24.0,36.0,9.0
LE07_191024_20000426,2000-04-26,191.0,24.0,50.0,9.0
LE07_191024_20000512,2000-05-12,191.0,24.0,0.0,9.0
LE07_191024_20000528,2000-05-28,191.0,24.0,87.0,9.0
LE07_191024_20000613,2000-06-13,191.0,24.0,0.0,9.0
LE07_191024_20000816,2000-08-16,191.0,24.0,55.0,9.0
LE07_191024_20000901,2000-09-01,191.0,24.0,8.0,9.0
LE07_191024_20001003,2000-10-03,191.0,24.0,81.0,9.0
LE07_191024_20001120,2000-11-20,191.0,24.0,86.0,9.0
LE07_191024_20001206,2000-12-06,191.0,24.0,55.0,9.0
LE07_191024_20010123,2001-01-23,191.0,24.0,95.0,9.0
LE07_191024_20010224,2001-02-24,191.0,24.0,34.0,9.0
LE07_191024_20010312,2001-03-12,191.0,24.0,93.0,9.0
LE07_191024_20010328,2001-03-28,191.0,24.0,2.0,9.0
LE07_191024_20010429,2001-04-29,191.0,24.0,96.0,9.0
LE07_191024_20010515,2001-05-15,191.0,24.0,93.0,9.0
LE07_191024_20010531,2001-05-31,191.0,24.0,94.0,9.0
LE07_191024_20010616,2001-06-16,191.0,24.0,100.0,9.0
LE07_191024_20010718,2001-07-18,191.0,24.0,24.0,9.0
LE07_191024_20010803,2001-08-03,191.0,24.0,57.0,9.0
LE07_191024_20010819,2001-08-19,191.0,24.0,8.0,9.0
LE07_191024_20010904,2001-09-04,191.0,24.0,93.0,9.0
LE07_191024_20010920,2001-09-20,191.0,24.0,95.0,9.0
LE07_191024_20011006,2001-10-06,191.0,24.0,5.0,9.0
LE07_191024_20011107,2001-11-07,191.0,24.0,82.0,9.0
LE07_191024_20011123,2001-11-23,191.0,24.0,85.0,9.0
LE07_191024_20020110,2002-01-10,191.0,24.0,66.0,9.0
LE07_191024_20020126,2002-01-26,191.0,24.0,75.0,9.0
LE07_191024_20020331,2002-03-31,191.0,24.0,68.0,9.0
LE07_191024_20020502,2002-05-02,191.0,24.0,17.0,9.0
LE07_191024_20020518,2002-05-18,191.0,24.0,3.0,9.0
LE07_191024_20020603,2002-06-03,191.0,24.0,35.0,9.0
LE07_191024_20020619,2002-06-19,191.0,24.0,14.0,9.0
LE07_191024_20020705,2002-07-05,191.0,24.0,40.0,9.0
LE07_191024_20020721,2002-07-21,191.0,24.0,2.0,9.0
LE07_191024_20020806,2002-08-06,191.0,24.0,25.0,9.0
LE07_191024_20020822,2002-08-22,191.0,24.0,2.0,9.0
LE07_191024_20020907,2002-09-07,191.0,24.0,11.0,9.0
LE07_191024_20021025,2002-10-25,191.0,24.0,28.0,9.0
LE07_191024_20021126,2002-11-26,191.0,24.0,100.0,9.0
LE07_191024_20030129,2003-01-29,191.0,24.0,90.0,9.0
LE07_191024_20030214,2003-02-14,191.0,24.0,37.0,9.0
LE07_191024_20030302,2003-03-02,191.0,24.0,64.0,9.0
LE07_191024_20030318,2003-03-18,191.0,24.0,47.0,9.0
LE07_191024_20030419,2003-04-19,191.0,24.0,94.0,9.0
LE07_191024_20030505,2003-05-05,191.0,24.0,0.0,9.0
LE07_191024_20030521,2003-05-21,191.0,24.0,61.0,9.0
LE07_191024_20030926,2003-09-26,191.0,24.0,1.0,9.0
LE07_191024_20031028,2003-10-28,191.0,24.0,0.0,9.0
LE07_191024_20031113,2003-11-13,191.0,24.0,26.0,9.0
LE07_191024_20040608,2004-06-08,191.0,24.0,77.0,9.0
LE07_191024_20040624,2004-06-24,191.0,24.0,35.0,9.0
LE07_191024_20040811,2004-08-11,191.0,24.0,34.0,9.0
LE07_191024_20041201,2004-12-01,191.0,24.0,67.0,9.0
LE07_191024_20050424,2005-04-24,191.0,24.0,1.0,9.0
LE07_191024_20050510,2005-05-10,191.0,24.0,72.0,9.0
LE07_191024_20050526,2005-05-26,191.0,24.0,41.0,9.0
LE07_191024_20050627,2005-06-27,191.0,24.0,25.0,9.0
LE07_191024_20050713,2005-07-13,191.0,24.0,20.0,9.0
LE07_191024_20050729,2005-07-29,191.0,24.0,38.0,9.0
LE07_191024_20050830,2005-08-30,191.0,24.0,0.0,9.0
LE07_191024_20051001,2005-10-01,191.0,24.0,4.0,9.0
LE07_191024_20060411,2006-04-11,191.0,24.0,78.0,9.0
LE07_191024_20060614,2006-06-14,191.0,24.0,0.0,9.0
LE07_191024_20060716,2006-07-16,191.0,24.0,41.0,9.0
LE07_191024_20070313,2007-03-13,191.0,24.0,29.0,9.0
LE07_191024_20070329,2007-03-29,191.0,24.0,5.0,9.0
LE07_191024_20070414,2007-04-14,191.0,24.0,0.0,9.0
LE07_191024_20070430,2007-04-30,191.0,24.0,17.0,9.0
LE07_191024_20070719,2007-07-19,191.0,24.0,6.0,9.0
LE07_191024_20070804,2007-08-04,191.0,24.0,47.0,9.0
LE07_191024_20080502,2008-05-02,191.0,24.0,31.0,9.0
LE07_191024_20080603,2008-06-03,191.0,24.0,2.0,9.0
LE07_191024_20080705,2008-07-05,191.0,24.0,63.0,9.0
LE07_191024_20080806,2008-08-06,191.0,24.0,36.0,9.0
LE07_191024_20081009,2008-10-09,191.0,24.0,54.0,9.0
LE07_191024_20081025,2008-10-25,191.0,24.0,9.0,9.0
LE07_191024_20090403,2009-04-03,191.0,24.0,0.0,9.0
LE07_191024_20090419,2009-04-19,191.0,24.0,0.0,9.0
LE07_191024_20090724,2009-07-24,191.0,24.0,67.0,9.0
LE07_191024_20090825,2009-08-25,191.0,24.0,0.0,9.0
LE07_191024_20090926,2009-09-26,191.0,24.0,6.0,9.0
LE07_191024_20100406,2010-04-06,191.0,24.0,31.0,9.0
LE07_191024_20100711,2010-07-11,191.0,24.0,0.0,9.0
LE07_191024_20100727,2010-07-27,191.0,24.0,30.0,9.0
LE07_191024_20100812,2010-08-12,191.0,24.0,43.0,9.0
LE07_191024_20110409,2011-04-09,191.0,24.0,44.0,9.0
LE07_191024_20110612,2011-06-12,191.0,24.0,86.0,9.0
LE07_191024_20110628,2011-06-28,191.0,24.0,0.0,9.0
LE07_191024_20110831,2011-08-31,191.0,24.0,42.0,9.0
LE07_191024_20110916,2011-09-16,191.0,24.0,64.0,9.0
LE07_191024_20111002,2011-10-02,191.0,24.0,1.0,9.0
LE07_191024_20111018,2011-10-18,191.0,24.0,29.0,9.0
LE07_191024_20111103,2011-11-03,191.0,24.0,25.0,9.0
LE07_191024_20120326,2012-03-26,191.0,24.0,7.0,9.0
LE07_191024_20120411,2012-04-11,191.0,24.0,72.0,9.0
LE07_191024_20120427,2012-04-27,191.0,24.0,3.0,9.0
LE07_191024_20120529,2012-05-29,191.0,24.0,50.0,9.0
LE07_191024_20120630,2012-06-30,191.0,24.0,76.0,9.0
LE07_191024_20120716,2012-07-16,191.0,24.0,95.0,9.0
LE07_191024_20120801,2012-08-01,191.0,24.0,29.0,9.0
LE07_191024_20120817,2012-08-17,191.0,24.0,88.0,9.0
LE07_191024_20120902,2012-09-02,191.0,24.0,52.0,9.0
LE07_191024_20120918,2012-09-18,191.0,24.0,2.0,9.0
LE07_191024_20121004,2012-10-04,191.0,24.0,94.0,9.0
LE07_191024_20121020,2012-10-20,191.0,24.0,0.0,9.0
LE07_191024_20121121,2012-11-21,191.0,24.0,84.0,9.0
LE07_191025_20000105,2000-01-05,191.0,25.0,31.0,9.0
LE07_191025_20000222,2000-02-22,191.0,25.0,44.0,9.0
LE07_191025_20000410,2000-04-10,191.0,25.0,4.0,9.0
LE07_191025_20000426,2000-04-26,191.0,25.0,1.0,9.0
LE07_191025_20000512,2000-05-12,191.0,25.0,2.0,9.0
LE07_191025_20000528,2000-05-28,191.0,25.0,67.0,9.0
LE07_191025_20000613,2000-06-13,191.0,25.0,1.0,9.0
LE07_191025_20000731,2000-07-31,191.0,25.0,77.0,9.0
LE07_191025_20000816,2000-08-16,191.0,25.0,44.0,9.0
LE07_191025_20000901,2000-09-01,191.0,25.0,9.0,9.0
LE07_191025_20001120,2000-11-20,191.0,25.0,92.0,9.0
LE07_191025_20001206,2000-12-06,191.0,25.0,86.0,9.0
LE07_191025_20001222,2000-12-22,191.0,25.0,57.0,9.0
LE07_191025_20010224,2001-02-24,191.0,25.0,40.0,9.0
LE07_191025_20010312,2001-03-12,191.0,25.0,87.0,9.0
LE07_191025_20010328,2001-03-28,191.0,25.0,52.0,9.0
LE07_191025_20010429,2001-04-29,191.0,25.0,83.0,9.0
LE07_191025_20010515,2001-05-15,191.0,25.0,82.0,9.0
LE07_191025_20010531,2001-05-31,191.0,25.0,100.0,9.0
LE07_191025_20010702,2001-07-02,191.0,25.0,74.0,9.0
LE07_191025_20010718,2001-07-18,191.0,25.0,19.0,9.0
LE07_191025_20010803,2001-08-03,191.0,25.0,71.0,9.0
LE07_191025_20010819,2001-08-19,191.0,25.0,14.0,9.0
LE07_191025_20010904,2001-09-04,191.0,25.0,29.0,9.0
LE07_191025_20010920,2001-09-20,191.0,25.0,87.0,9.0
LE07_191025_20011006,2001-10-06,191.0,25.0,52.0,9.0
LE07_191025_20011107,2001-11-07,191.0,25.0,87.0,9.0
LE07_191025_20011209,2001-12-09,191.0,25.0,8.0,9.0
LE07_191025_20020110,2002-01-10,191.0,25.0,74.0,9.0
LE07_191025_20020126,2002-01-26,191.0,25.0,85.0,9.0
LE07_191025_20020211,2002-02-11,191.0,25.0,100.0,9.0
LE07_191025_20020227,2002-02-27,191.0,25.0,87.0,9.0
LE07_191025_20020331,2002-03-31,191.0,25.0,61.0,9.0
LE07_191025_20020416,2002-04-16,191.0,25.0,70.0,9.0
LE07_191025_20020502,2002-05-02,191.0,25.0,21.0,9.0
LE07_191025_20020518,2002-05-18,191.0,25.0,6.0,9.0
LE07_191025_20020603,2002-06-03,191.0,25.0,29.0,9.0
LE07_191025_20020619,2002-06-19,191.0,25.0,3.0,9.0
LE07_191025_20020705,2002-07-05,191.0,25.0,40.0,9.0
LE07_191025_20020721,2002-07-21,191.0,25.0,0.0,9.0
LE07_191025_20020806,2002-08-06,191.0,25.0,52.0,9.0
LE07_191025_20020822,2002-08-22,191.0,25.0,18.0,9.0
LE07_191025_20020907,2002-09-07,191.0,25.0,14.0,9.0
LE07_191025_20021025,2002-10-25,191.0,25.0,81.0,9.0
LE07_191025_20021110,2002-11-10,191.0,25.0,84.0,9.0
LE07_191025_20021126,2002-11-26,191.0,25.0,100.0,9.0
LE07_191025_20030129,2003-01-29,191.0,25.0,91.0,9.0
LE07_191025_20030214,2003-02-14,191.0,25.0,18.0,9.0
LE07_191025_20030302,2003-03-02,191.0,25.0,93.0,9.0
LE07_191025_20030318,2003-03-18,191.0,25.0,58.0,9.0
LE07_191025_20030419,2003-04-19,191.0,25.0,91.0,9.0
LE07_191025_20030505,2003-05-05,191.0,25.0,0.0,9.0
LE07_191025_20030521,2003-05-21,191.0,25.0,87.0,9.0
LE07_191025_20030926,2003-09-26,191.0,25.0,0.0,9.0
LE07_191025_20031028,2003-10-28,191.0,25.0,2.0,9.0
LE07_191025_20031113,2003-11-13,191.0,25.0,25.0,9.0
LE07_191025_20040608,2004-06-08,191.0,25.0,31.0,9.0
LE07_191025_20040624,2004-06-24,191.0,25.0,31.0,9.0
LE07_191025_20040811,2004-08-11,191.0,25.0,38.0,9.0
LE07_191025_20041030,2004-10-30,191.0,25.0,79.0,9.0
LE07_191025_20041201,2004-12-01,191.0,25.0,65.0,9.0
LE07_191025_20050424,2005-04-24,191.0,25.0,62.0,9.0
LE07_191025_20050510,2005-05-10,191.0,25.0,63.0,9.0
LE07_191025_20050526,2005-05-26,191.0,25.0,7.0,9.0
LE07_191025_20050627,2005-06-27,191.0,25.0,25.0,9.0
LE07_191025_20050729,2005-07-29,191.0,25.0,2.0,9.0
LE07_191025_20050830,2005-08-30,191.0,25.0,2.0,9.0
LE07_191025_20051001,2005-10-01,191.0,25.0,15.0,9.0
LE07_191025_20051118,2005-11-18,191.0,25.0,61.0,9.0
LE07_191025_20051204,2005-12-04,191.0,25.0,85.0,9.0
LE07_191025_20060614,2006-06-14,191.0,25.0,1.0,9.0
LE07_191025_20060716,2006-07-16,191.0,25.0,6.0,9.0
LE07_191025_20061207,2006-12-07,191.0,25.0,32.0,9.0
LE07_191025_20070313,2007-03-13,191.0,25.0,3.0,9.0
LE07_191025_20070329,2007-03-29,191.0,25.0,82.0,9.0
LE07_191025_20070414,2007-04-14,191.0,25.0,0.0,9.0
LE07_191025_20070430,2007-04-30,191.0,25.0,0.0,9.0
LE07_191025_20070719,2007-07-19,191.0,25.0,6.0,9.0
LE07_191025_20070804,2007-08-04,191.0,25.0,45.0,9.0
LE07_191025_20080331,2008-03-31,191.0,25.0,1.0,9.0
LE07_191025_20080502,2008-05-02,191.0,25.0,37.0,9.0
LE07_191025_20080603,2008-06-03,191.0,25.0,57.0,9.0
LE07_191025_20080806,2008-08-06,191.0,25.0,46.0,9.0
LE07_191025_20081009,2008-10-09,191.0,25.0,29.0,9.0
LE07_191025_20081025,2008-10-25,191.0,25.0,60.0,9.0
LE07_191025_20090403,2009-04-03,191.0,25.0,0.0,9.0
LE07_191025_20090419,2009-04-19,191.0,25.0,13.0,9.0
LE07_191025_20090724,2009-07-24,191.0,25.0,49.0,9.0
LE07_191025_20090825,2009-08-25,191.0,25.0,0.0,9.0
LE07_191025_20090910,2009-09-10,191.0,25.0,1.0,9.0
LE07_191025_20090926,2009-09-26,191.0,25.0,7.0,9.0
LE07_191025_20100406,2010-04-06,191.0,25.0,26.0,9.0
LE07_191025_20100422,2010-04-22,191.0,25.0,52.0,9.0
LE07_191025_20100711,2010-07-11,191.0,25.0,0.0,9.0
LE07_191025_20100727,2010-07-27,191.0,25.0,37.0,9.0
LE07_191025_20100812,2010-08-12,191.0,25.0,66.0,9.0
LE07_191025_20110324,2011-03-24,191.0,25.0,6.0,9.0
LE07_191025_20110409,2011-04-09,191.0,25.0,35.0,9.0
LE07_191025_20110425,2011-04-25,191.0,25.0,85.0,9.0
LE07_191025_20110628,2011-06-28,191.0,25.0,1.0,9.0
LE07_191025_20110714,2011-07-14,191.0,25.0,91.0,9.0
LE07_191025_20110831,2011-08-31,191.0,25.0,49.0,9.0
LE07_191025_20110916,2011-09-16,191.0,25.0,26.0,9.0
LE07_191025_20111002,2011-10-02,191.0,25.0,0.0,9.0
LE07_191025_20111018,2011-10-18,191.0,25.0,32.0,9.0
LE07_191025_20111103,2011-11-03,191.0,25.0,57.0,9.0
LE07_191025_20111119,2011-11-19,191.0,25.0,82.0,9.0
LE07_191025_20120326,2012-03-26,191.0,25.0,5.0,9.0
LE07_191025_20120411,2012-04-11,191.0,25.0,50.0,9.0
LE07_191025_20120427,2012-04-27,191.0,25.0,0.0,9.0
LE07_191025_20120513,2012-05-13,191.0,25.0,84.0,9.0
LE07_191025_20120529,2012-05-29,191.0,25.0,36.0,9.0
LE07_191025_20120630,2012-06-30,191.0,25.0,70.0,9.0
LE07_191025_20120801,2012-08-01,191.0,25.0,29.0,9.0
LE07_191025_20120817,2012-08-17,191.0,25.0,72.0,9.0
LE07_191025_20120918,2012-09-18,191.0,25.0,4.0,9.0
LE07_191025_20121004,2012-10-04,191.0,25.0,94.0,9.0
LE07_191025_20121020,2012-10-20,191.0,25.0,50.0,9.0
LE07_191025_20121121,2012-11-21,191.0,25.0,75.0,9.0
LE07_191025_20121207,2012-12-07,191.0,25.0,14.0,9.0
LE07_191026_20000206,2000-02-06,191.0,26.0,70.0,9.0
LE07_191026_20000222,2000-02-22,191.0,26.0,50.0,9.0
LE07_191026_20000325,2000-03-25,191.0,26.0,88.0,9.0
LE07_191026_20000410,2000-04-10,191.0,26.0,49.0,9.0
LE07_191026_20000426,2000-04-26,191.0,26.0,38.0,9.0
LE07_191026_20000512,2000-05-12,191.0,26.0,29.0,9.0
LE07_191026_20000528,2000-05-28,191.0,26.0,32.0,9.0
LE07_191026_20000613,2000-06-13,191.0,26.0,2.0,9.0
LE07_191026_20000629,2000-06-29,191.0,26.0,59.0,9.0
LE07_191026_20000731,2000-07-31,191.0,26.0,69.0,9.0
LE07_191026_20000816,2000-08-16,191.0,26.0,25.0,9.0
LE07_191026_20000901,2000-09-01,191.0,26.0,32.0,9.0
LE07_191026_20000917,2000-09-17,191.0,26.0,91.0,9.0
LE07_191026_20001019,2000-10-19,191.0,26.0,79.0,9.0
LE07_191026_20001120,2000-11-20,191.0,26.0,76.0,9.0
LE07_191026_20001206,2000-12-06,191.0,26.0,92.0,9.0
LE07_191026_20001222,2000-12-22,191.0,26.0,70.0,9.0
LE07_191026_20010208,2001-02-08,191.0,26.0,100.0,9.0
LE07_191026_20010224,2001-02-24,191.0,26.0,31.0,9.0
LE07_191026_20010312,2001-03-12,191.0,26.0,82.0,9.0
LE07_191026_20010328,2001-03-28,191.0,26.0,44.0,9.0
LE07_191026_20010413,2001-04-13,191.0,26.0,80.0,9.0
LE07_191026_20010429,2001-04-29,191.0,26.0,22.0,9.0
LE07_191026_20010515,2001-05-15,191.0,26.0,80.0,9.0
LE07_191026_20010531,2001-05-31,191.0,26.0,93.0,9.0
LE07_191026_20010702,2001-07-02,191.0,26.0,54.0,9.0
LE07_191026_20010718,2001-07-18,191.0,26.0,14.0,9.0
LE07_191026_20010803,2001-08-03,191.0,26.0,40.0,9.0
LE07_191026_20010920,2001-09-20,191.0,26.0,84.0,9.0
LE07_191026_20011006,2001-10-06,191.0,26.0,64.0,9.0
LE07_191026_20011022,2001-10-22,191.0,26.0,93.0,9.0
LE07_191026_20011123,2001-11-23,191.0,26.0,71.0,9.0
LE07_191026_20011209,2001-12-09,191.0,26.0,9.0,9.0
LE07_191026_20020110,2002-01-10,191.0,26.0,74.0,9.0
LE07_191026_20020211,2002-02-11,191.0,26.0,92.0,9.0
LE07_191026_20020227,2002-02-27,191.0,26.0,59.0,9.0
LE07_191026_20020315,2002-03-15,191.0,26.0,78.0,9.0
LE07_191026_20020331,2002-03-31,191.0,26.0,57.0,9.0
LE07_191026_20020416,2002-04-16,191.0,26.0,75.0,9.0
LE07_191026_20020502,2002-05-02,191.0,26.0,36.0,9.0
LE07_191026_20020518,2002-05-18,191.0,26.0,8.0,9.0
LE07_191026_20020603,2002-06-03,191.0,26.0,11.0,9.0
LE07_191026_20020619,2002-06-19,191.0,26.0,0.0,9.0
LE07_191026_20020705,2002-07-05,191.0,26.0,19.0,9.0
LE07_191026_20020721,2002-07-21,191.0,26.0,0.0,9.0
LE07_191026_20020822,2002-08-22,191.0,26.0,82.0,9.0
LE07_191026_20020907,2002-09-07,191.0,26.0,17.0,9.0
LE07_191026_20021025,2002-10-25,191.0,26.0,74.0,9.0
LE07_191026_20021110,2002-11-10,191.0,26.0,82.0,9.0
LE07_191026_20021126,2002-11-26,191.0,26.0,100.0,9.0
LE07_191026_20021212,2002-12-12,191.0,26.0,80.0,9.0
LE07_191026_20030129,2003-01-29,191.0,26.0,76.0,9.0
LE07_191026_20030214,2003-02-14,191.0,26.0,0.0,9.0
LE07_191026_20030318,2003-03-18,191.0,26.0,69.0,9.0
LE07_191026_20030419,2003-04-19,191.0,26.0,96.0,9.0
LE07_191026_20030505,2003-05-05,191.0,26.0,0.0,9.0
LE07_191026_20030521,2003-05-21,191.0,26.0,84.0,9.0
LE07_191026_20030926,2003-09-26,191.0,26.0,0.0,9.0
LE07_191026_20031028,2003-10-28,191.0,26.0,19.0,9.0
LE07_191026_20031113,2003-11-13,191.0,26.0,88.0,9.0
LE07_191026_20031129,2003-11-29,191.0,26.0,92.0,9.0
LE07_191026_20031215,2003-12-15,191.0,26.0,42.0,9.0
LE07_191026_20040217,2004-02-17,191.0,26.0,1.0,9.0
LE07_191026_20040608,2004-06-08,191.0,26.0,8.0,9.0
LE07_191026_20040624,2004-06-24,191.0,26.0,50.0,9.0
LE07_191026_20041030,2004-10-30,191.0,26.0,69.0,9.0
LE07_191026_20041201,2004-12-01,191.0,26.0,40.0,9.0
LE07_191026_20041217,2004-12-17,191.0,26.0,91.0,9.0
LE07_191026_20050118,2005-01-18,191.0,26.0,88.0,9.0
LE07_191026_20050424,2005-04-24,191.0,26.0,64.0,9.0
LE07_191026_20050510,2005-05-10,191.0,26.0,81.0,9.0
LE07_191026_20050526,2005-05-26,191.0,26.0,1.0,9.0
LE07_191026_20050627,2005-06-27,191.0,26.0,45.0,9.0
LE07_191026_20050729,2005-07-29,191.0,26.0,31.0,9.0
LE07_191026_20051001,2005-10-01,191.0,26.0,31.0,9.0
LE07_191026_20051118,2005-11-18,191.0,26.0,79.0,9.0
LE07_191026_20051204,2005-12-04,191.0,26.0,93.0,9.0
LE07_191026_20060206,2006-02-06,191.0,26.0,24.0,9.0
LE07_191026_20060614,2006-06-14,191.0,26.0,11.0,9.0
LE07_191026_20060716,2006-07-16,191.0,26.0,18.0,9.0
LE07_191026_20061207,2006-12-07,191.0,26.0,62.0,9.0
LE07_191026_20061223,2006-12-23,191.0,26.0,85.0,9.0
LE07_191026_20070108,2007-01-08,191.0,26.0,92.0,9.0
LE07_191026_20070209,2007-02-09,191.0,26.0,39.0,9.0
LE07_191026_20070313,2007-03-13,191.0,26.0,0.0,9.0
LE07_191026_20070329,2007-03-29,191.0,26.0,85.0,9.0
LE07_191026_20070414,2007-04-14,191.0,26.0,0.0,9.0
LE07_191026_20070430,2007-04-30,191.0,26.0,0.0,9.0
LE07_191026_20070719,2007-07-19,191.0,26.0,10.0,9.0
LE07_191026_20071226,2007-12-26,191.0,26.0,53.0,9.0
LE07_191026_20080111,2008-01-11,191.0,26.0,60.0,9.0
LE07_191026_20080212,2008-02-12,191.0,26.0,27.0,9.0
LE07_191026_20080228,2008-02-28,191.0,26.0,46.0,9.0
LE07_191026_20080315,2008-03-15,191.0,26.0,26.0,9.0
LE07_191026_20080331,2008-03-31,191.0,26.0,8.0,9.0
LE07_191026_20080502,2008-05-02,191.0,26.0,40.0,9.0
LE07_191026_20080806,2008-08-06,191.0,26.0,16.0,9.0
LE07_191026_20081009,2008-10-09,191.0,26.0,59.0,9.0
LE07_191026_20081228,2008-12-28,191.0,26.0,37.0,9.0
LE07_191026_20090113,2009-01-13,191.0,26.0,43.0,9.0
LE07_191026_20090318,2009-03-18,191.0,26.0,38.0,9.0
LE07_191026_20090403,2009-04-03,191.0,26.0,2.0,9.0
LE07_191026_20090419,2009-04-19,191.0,26.0,2.0,9.0
LE07_191026_20090724,2009-07-24,191.0,26.0,31.0,9.0
LE07_191026_20090809,2009-08-09,191.0,26.0,85.0,9.0
LE07_191026_20090825,2009-08-25,191.0,26.0,0.0,9.0
LE07_191026_20090910,2009-09-10,191.0,26.0,10.0,9.0
LE07_191026_20090926,2009-09-26,191.0,26.0,2.0,9.0
LE07_191026_20100406,2010-04-06,191.0,26.0,65.0,9.0
LE07_191026_20100422,2010-04-22,191.0,26.0,6.0,9.0
LE07_191026_20100524,2010-05-24,191.0,26.0,43.0,9.0
LE07_191026_20100609,2010-06-09,191.0,26.0,13.0,9.0
LE07_191026_20100625,2010-06-25,191.0,26.0,53.0,9.0
LE07_191026_20100711,2010-07-11,191.0,26.0,0.0,9.0
LE07_191026_20100727,2010-07-27,191.0,26.0,60.0,9.0
LE07_191026_20110308,2011-03-08,191.0,26.0,0.0,9.0
LE07_191026_20110324,2011-03-24,191.0,26.0,1.0,9.0
LE07_191026_20110409,2011-04-09,191.0,26.0,4.0,9.0
LE07_191026_20110425,2011-04-25,191.0,26.0,56.0,9.0
LE07_191026_20110628,2011-06-28,191.0,26.0,1.0,9.0
LE07_191026_20110831,2011-08-31,191.0,26.0,26.0,9.0
LE07_191026_20110916,2011-09-16,191.0,26.0,4.0,9.0
LE07_191026_20111002,2011-10-02,191.0,26.0,0.0,9.0
LE07_191026_20111018,2011-10-18,191.0,26.0,4.0,9.0
LE07_191026_20111103,2011-11-03,191.0,26.0,86.0,9.0
LE07_191026_20111119,2011-11-19,191.0,26.0,93.0,9.0
LE07_191026_20111205,2011-12-05,191.0,26.0,74.0,9.0
LE07_191026_20120326,2012-03-26,191.0,26.0,8.0,9.0
LE07_191026_20120411,2012-04-11,191.0,26.0,52.0,9.0
LE07_191026_20120427,2012-04-27,191.0,26.0,0.0,9.0
LE07_191026_20120513,2012-05-13,191.0,26.0,59.0,9.0
LE07_191026_20120529,2012-05-29,191.0,26.0,37.0,9.0
LE07_191026_20120630,2012-06-30,191.0,26.0,17.0,9.0
LE07_191026_20120801,2012-08-01,191.0,26.0,14.0,9.0
LE07_191026_20120817,2012-08-17,191.0,26.0,15.0,9.0
LE07_191026_20120918,2012-09-18,191.0,26.0,2.0,9.0
LE07_191026_20121004,2012-10-04,191.0,26.0,56.0,9.0
LE07_191026_20121020,2012-10-20,191.0,26.0,66.0,9.0
LE07_191026_20121121,2012-11-21,191.0,26.0,90.0,9.0
LE07_191026_20121207,2012-12-07,191.0,26.0,24.0,9.0
LE07_191027_20000105,2000-01-05,191.0,27.0,65.0,9.0
LE07_191027_20000121,2000-01-21,191.0,27.0,81.0,9.0
LE07_191027_20000206,2000-02-06,191.0,27.0,18.0,9.0
LE07_191027_20000222,2000-02-22,191.0,27.0,60.0,9.0
LE07_191027_20000325,2000-03-25,191.0,27.0,76.0,9.0
LE07_191027_20000410,2000-04-10,191.0,27.0,46.0,9.0
LE07_191027_20000426,2000-04-26,191.0,27.0,12.0,9.0
LE07_191027_20000512,2000-05-12,191.0,27.0,65.0,9.0
LE07_191027_20000528,2000-05-28,191.0,27.0,52.0,9.0
LE07_191027_20000613,2000-06-13,191.0,27.0,44.0,9.0
LE07_191027_20000629,2000-06-29,191.0,27.0,74.0,9.0
LE07_191027_20000715,2000-07-15,191.0,27.0,91.0,9.0
LE07_191027_20000731,2000-07-31,191.0,27.0,73.0,9.0
LE07_191027_20000816,2000-08-16,191.0,27.0,16.0,9.0
LE07_191027_20000901,2000-09-01,191.0,27.0,83.0,9.0
LE07_191027_20000917,2000-09-17,191.0,27.0,99.0,9.0
LE07_191027_20001019,2000-10-19,191.0,27.0,92.0,9.0
LE07_191027_20001120,2000-11-20,191.0,27.0,73.0,9.0
LE07_191027_20001206,2000-12-06,191.0,27.0,41.0,9.0
LE07_191027_20001222,2000-12-22,191.0,27.0,34.0,9.0
LE07_191027_20010123,2001-01-23,191.0,27.0,93.0,9.0
LE07_191027_20010208,2001-02-08,191.0,27.0,94.0,9.0
LE07_191027_20010224,2001-02-24,191.0,27.0,69.0,9.0
LE07_191027_20010312,2001-03-12,191.0,27.0,45.0,9.0
LE07_191027_20010328,2001-03-28,191.0,27.0,33.0,9.0
LE07_191027_20010413,2001-04-13,191.0,27.0,76.0,9.0
LE07_191027_20010429,2001-04-29,191.0,27.0,9.0,9.0
LE07_191027_20010515,2001-05-15,191.0,27.0,96.0,9.0
LE07_191027_20010531,2001-05-31,191.0,27.0,55.0,9.0
LE07_191027_20010702,2001-07-02,191.0,27.0,74.0,9.0
LE07_191027_20010718,2001-07-18,191.0,27.0,30.0,9.0
LE07_191027_20010803,2001-08-03,191.0,27.0,15.0,9.0
LE07_191027_20010904,2001-09-04,191.0,27.0,100.0,9.0
LE07_191027_20010920,2001-09-20,191.0,27.0,21.0,9.0
LE07_191027_20011006,2001-10-06,191.0,27.0,58.0,9.0
LE07_191027_20011022,2001-10-22,191.0,27.0,81.0,9.0
LE07_191027_20011107,2001-11-07,191.0,27.0,84.0,9.0
LE07_191027_20011123,2001-11-23,191.0,27.0,82.0,9.0
LE07_191027_20011209,2001-12-09,191.0,27.0,7.0,9.0
LE07_191027_20011225,2001-12-25,191.0,27.0,98.0,9.0
LE07_191027_20020110,2002-01-10,191.0,27.0,40.0,9.0
LE07_191027_20020211,2002-02-11,191.0,27.0,86.0,9.0
LE07_191027_20020227,2002-02-27,191.0,27.0,91.0,9.0
LE07_191027_20020315,2002-03-15,191.0,27.0,40.0,9.0
LE07_191027_20020331,2002-03-31,191.0,27.0,63.0,9.0
LE07_191027_20020502,2002-05-02,191.0,27.0,78.0,9.0
LE07_191027_20020518,2002-05-18,191.0,27.0,18.0,9.0
LE07_191027_20020603,2002-06-03,191.0,27.0,4.0,9.0
LE07_191027_20020619,2002-06-19,191.0,27.0,7.0,9.0
LE07_191027_20020705,2002-07-05,191.0,27.0,12.0,9.0
LE07_191027_20020721,2002-07-21,191.0,27.0,1.0,9.0
LE07_191027_20020822,2002-08-22,191.0,27.0,81.0,9.0
LE07_191027_20020907,2002-09-07,191.0,27.0,13.0,9.0
LE07_191027_20021025,2002-10-25,191.0,27.0,62.0,9.0
LE07_191027_20021110,2002-11-10,191.0,27.0,53.0,9.0
LE07_191027_20021126,2002-11-26,191.0,27.0,93.0,9.0
LE07_191027_20021212,2002-12-12,191.0,27.0,27.0,9.0
LE07_191027_20030113,2003-01-13,191.0,27.0,97.0,9.0
LE07_191027_20030129,2003-01-29,191.0,27.0,58.0,9.0
LE07_191027_20030214,2003-02-14,191.0,27.0,8.0,9.0
LE07_191027_20030302,2003-03-02,191.0,27.0,100.0,9.0
LE07_191027_20030318,2003-03-18,191.0,27.0,23.0,9.0
LE07_191027_20030419,2003-04-19,191.0,27.0,90.0,9.0
LE07_191027_20030505,2003-05-05,191.0,27.0,4.0,9.0
LE07_191027_20030521,2003-05-21,191.0,27.0,94.0,9.0
LE07_191027_20030926,2003-09-26,191.0,27.0,0.0,9.0
LE07_191027_20031028,2003-10-28,191.0,27.0,12.0,9.0
LE07_191027_20031113,2003-11-13,191.0,27.0,91.0,9.0
LE07_191027_20031215,2003-12-15,191.0,27.0,72.0,9.0
LE07_191027_20040217,2004-02-17,191.0,27.0,2.0,9.0
LE07_191027_20040421,2004-04-21,191.0,27.0,22.0,9.0
LE07_191027_20040608,2004-06-08,191.0,27.0,5.0,9.0
LE07_191027_20040624,2004-06-24,191.0,27.0,79.0,9.0
LE07_191027_20041201,2004-12-01,191.0,27.0,43.0,9.0
LE07_191027_20050118,2005-01-18,191.0,27.0,61.0,9.0
LE07_191027_20050219,2005-02-19,191.0,27.0,25.0,9.0
LE07_191027_20050424,2005-04-24,191.0,27.0,86.0,9.0
LE07_191027_20050510,2005-05-10,191.0,27.0,93.0,9.0
LE07_191027_20050526,2005-05-26,191.0,27.0,4.0,9.0
LE07_191027_20050611,2005-06-11,191.0,27.0,81.0,9.0
LE07_191027_20050627,2005-06-27,191.0,27.0,52.0,9.0
LE07_191027_20050713,2005-07-13,191.0,27.0,30.0,9.0
LE07_191027_20050729,2005-07-29,191.0,27.0,12.0,9.0
LE07_191027_20051017,2005-10-17,191.0,27.0,21.0,9.0
LE07_191027_20051118,2005-11-18,191.0,27.0,72.0,9.0
LE07_191027_20051204,2005-12-04,191.0,27.0,55.0,9.0
LE07_191027_20060206,2006-02-06,191.0,27.0,73.0,9.0
LE07_191027_20060614,2006-06-14,191.0,27.0,26.0,9.0
LE07_191027_20060630,2006-06-30,191.0,27.0,83.0,9.0
LE07_191027_20060716,2006-07-16,191.0,27.0,20.0,9.0
LE07_191027_20061223,2006-12-23,191.0,27.0,21.0,9.0
LE07_191027_20070108,2007-01-08,191.0,27.0,56.0,9.0
LE07_191027_20070313,2007-03-13,191.0,27.0,2.0,9.0
LE07_191027_20070329,2007-03-29,191.0,27.0,13.0,9.0
LE07_191027_20070414,2007-04-14,191.0,27.0,5.0,9.0
LE07_191027_20070430,2007-04-30,191.0,27.0,68.0,9.0
LE07_191027_20070719,2007-07-19,191.0,27.0,2.0,9.0
LE07_191027_20071226,2007-12-26,191.0,27.0,14.0,9.0
LE07_191027_20080111,2008-01-11,191.0,27.0,27.0,9.0
LE07_191027_20080212,2008-02-12,191.0,27.0,5.0,9.0
LE07_191027_20080228,2008-02-28,191.0,27.0,19.0,9.0
LE07_191027_20080315,2008-03-15,191.0,27.0,46.0,9.0
LE07_191027_20080502,2008-05-02,191.0,27.0,41.0,9.0
LE07_191027_20080705,2008-07-05,191.0,27.0,74.0,9.0
LE07_191027_20080806,2008-08-06,191.0,27.0,21.0,9.0
LE07_191027_20081009,2008-10-09,191.0,27.0,45.0,9.0
LE07_191027_20081025,2008-10-25,191.0,27.0,66.0,9.0
LE07_191027_20081228,2008-12-28,191.0,27.0,22.0,9.0
LE07_191027_20090113,2009-01-13,191.0,27.0,15.0,9.0
LE07_191027_20090318,2009-03-18,191.0,27.0,56.0,9.0
LE07_191027_20090403,2009-04-03,191.0,27.0,38.0,9.0
LE07_191027_20090724,2009-07-24,191.0,27.0,65.0,9.0
LE07_191027_20090825,2009-08-25,191.0,27.0,6.0,9.0
LE07_191027_20090910,2009-09-10,191.0,27.0,56.0,9.0
LE07_191027_20090926,2009-09-26,191.0,27.0,24.0,9.0
LE07_191027_20100406,2010-04-06,191.0,27.0,49.0,9.0
LE07_191027_20100422,2010-04-22,191.0,27.0,49.0,9.0
LE07_191027_20100524,2010-05-24,191.0,27.0,34.0,9.0
LE07_191027_20100609,2010-06-09,191.0,27.0,12.0,9.0
LE07_191027_20100625,2010-06-25,191.0,27.0,53.0,9.0
LE07_191027_20100711,2010-07-11,191.0,27.0,4.0,9.0
LE07_191027_20100727,2010-07-27,191.0,27.0,85.0,9.0
LE07_191027_20110103,2011-01-03,191.0,27.0,67.0,9.0
LE07_191027_20110308,2011-03-08,191.0,27.0,1.0,9.0
LE07_191027_20110324,2011-03-24,191.0,27.0,16.0,9.0
LE07_191027_20110409,2011-04-09,191.0,27.0,8.0,9.0
LE07_191027_20110425,2011-04-25,191.0,27.0,59.0,9.0
LE07_191027_20110628,2011-06-28,191.0,27.0,3.0,9.0
LE07_191027_20110714,2011-07-14,191.0,27.0,83.0,9.0
LE07_191027_20110831,2011-08-31,191.0,27.0,32.0,9.0
LE07_191027_20110916,2011-09-16,191.0,27.0,16.0,9.0
LE07_191027_20111002,2011-10-02,191.0,27.0,0.0,9.0
LE07_191027_20111018,2011-10-18,191.0,27.0,3.0,9.0
LE07_191027_20111103,2011-11-03,191.0,27.0,32.0,9.0
LE07_191027_20111119,2011-11-19,191.0,27.0,29.0,9.0
LE07_191027_20120326,2012-03-26,191.0,27.0,4.0,9.0
LE07_191027_20120411,2012-04-11,191.0,27.0,71.0,9.0
LE07_191027_20120427,2012-04-27,191.0,27.0,6.0,9.0
LE07_191027_20120513,2012-05-13,191.0,27.0,83.0,9.0
LE07_191027_20120529,2012-05-29,191.0,27.0,69.0,9.0
LE07_191027_20120630,2012-06-30,191.0,27.0,2.0,9.0
LE07_191027_20120716,2012-07-16,191.0,27.0,84.0,9.0
LE07_191027_20120801,2012-08-01,191.0,27.0,7.0,9.0
LE07_191027_20120817,2012-08-17,191.0,27.0,10.0,9.0
LE07_191027_20120918,2012-09-18,191.0,27.0,2.0,9.0
LE07_191027_20121004,2012-10-04,191.0,27.0,30.0,9.0
LE07_191027_20121020,2012-10-20,191.0,27.0,31.0,9.0
LE07_191027_20121121,2012-11-21,191.0,27.0,66.0,9.0
LE07_191027_20121207,2012-12-07,191.0,27.0,54.0,9.0
LE07_192022_20000229,2000-02-29,192.0,22.0,100.0,9.0
LE07_192022_20000316,2000-03-16,192.0,22.0,5.0,9.0
LE07_192022_20000401,2000-04-01,192.0,22.0,100.0,9.0
LE07_192022_20000417,2000-04-17,192.0,22.0,1.0,9.0
LE07_192022_20000519,2000-05-19,192.0,22.0,73.0,9.0
LE07_192022_20000706,2000-07-06,192.0,22.0,73.0,9.0
LE07_192022_20000807,2000-08-07,192.0,22.0,67.0,9.0
LE07_192022_20000823,2000-08-23,192.0,22.0,3.0,9.0
LE07_192022_20000924,2000-09-24,192.0,22.0,0.0,9.0
LE07_192022_20001026,2000-10-26,192.0,22.0,89.0,9.0
LE07_192022_20001111,2000-11-11,192.0,22.0,71.0,9.0
LE07_192022_20010215,2001-02-15,192.0,22.0,73.0,9.0
LE07_192022_20010303,2001-03-03,192.0,22.0,33.0,9.0
LE07_192022_20010404,2001-04-04,192.0,22.0,86.0,9.0
LE07_192022_20010420,2001-04-20,192.0,22.0,6.0,9.0
LE07_192022_20010522,2001-05-22,192.0,22.0,39.0,9.0
LE07_192022_20010607,2001-06-07,192.0,22.0,64.0,9.0
LE07_192022_20010623,2001-06-23,192.0,22.0,99.0,9.0
LE07_192022_20010725,2001-07-25,192.0,22.0,21.0,9.0
LE07_192022_20010810,2001-08-10,192.0,22.0,85.0,9.0
LE07_192022_20010826,2001-08-26,192.0,22.0,0.0,9.0
LE07_192022_20010911,2001-09-11,192.0,22.0,85.0,9.0
LE07_192022_20010927,2001-09-27,192.0,22.0,64.0,9.0
LE07_192022_20011013,2001-10-13,192.0,22.0,12.0,9.0
LE07_192022_20011114,2001-11-14,192.0,22.0,45.0,9.0
LE07_192022_20020202,2002-02-02,192.0,22.0,39.0,9.0
LE07_192022_20020218,2002-02-18,192.0,22.0,76.0,9.0
LE07_192022_20020322,2002-03-22,192.0,22.0,81.0,9.0
LE07_192022_20020407,2002-04-07,192.0,22.0,3.0,9.0
LE07_192022_20020423,2002-04-23,192.0,22.0,96.0,9.0
LE07_192022_20020509,2002-05-09,192.0,22.0,16.0,9.0
LE07_192022_20020525,2002-05-25,192.0,22.0,62.0,9.0
LE07_192022_20020610,2002-06-10,192.0,22.0,45.0,9.0
LE07_192022_20020626,2002-06-26,192.0,22.0,80.0,9.0
LE07_192022_20020712,2002-07-12,192.0,22.0,16.0,9.0
LE07_192022_20020728,2002-07-28,192.0,22.0,3.0,9.0
LE07_192022_20020829,2002-08-29,192.0,22.0,58.0,9.0
LE07_192022_20021101,2002-11-01,192.0,22.0,99.0,9.0
LE07_192022_20030205,2003-02-05,192.0,22.0,41.0,9.0
LE07_192022_20030325,2003-03-25,192.0,22.0,73.0,9.0
LE07_192022_20030528,2003-05-28,192.0,22.0,3.0,9.0
LE07_192022_20030901,2003-09-01,192.0,22.0,95.0,9.0
LE07_192022_20031003,2003-10-03,192.0,22.0,23.0,9.0
LE07_192022_20040428,2004-04-28,192.0,22.0,18.0,9.0
LE07_192022_20040717,2004-07-17,192.0,22.0,12.0,9.0
LE07_192022_20040903,2004-09-03,192.0,22.0,4.0,9.0
LE07_192022_20041106,2004-11-06,192.0,22.0,29.0,9.0
LE07_192022_20050330,2005-03-30,192.0,22.0,13.0,9.0
LE07_192022_20050415,2005-04-15,192.0,22.0,34.0,9.0
LE07_192022_20050720,2005-07-20,192.0,22.0,72.0,9.0
LE07_192022_20050805,2005-08-05,192.0,22.0,47.0,9.0
LE07_192022_20050821,2005-08-21,192.0,22.0,0.0,9.0
LE07_192022_20050906,2005-09-06,192.0,22.0,0.0,9.0
LE07_192022_20050922,2005-09-22,192.0,22.0,42.0,9.0
LE07_192022_20051008,2005-10-08,192.0,22.0,3.0,9.0
LE07_192022_20051024,2005-10-24,192.0,22.0,29.0,9.0
LE07_192022_20051109,2005-11-09,192.0,22.0,0.0,9.0
LE07_192022_20060402,2006-04-02,192.0,22.0,13.0,9.0
LE07_192022_20060418,2006-04-18,192.0,22.0,34.0,9.0
LE07_192022_20060504,2006-05-04,192.0,22.0,1.0,9.0
LE07_192022_20060707,2006-07-07,192.0,22.0,3.0,9.0
LE07_192022_20060808,2006-08-08,192.0,22.0,40.0,9.0
LE07_192022_20070421,2007-04-21,192.0,22.0,5.0,9.0
LE07_192022_20070523,2007-05-23,192.0,22.0,12.0,9.0
LE07_192022_20070608,2007-06-08,192.0,22.0,3.0,9.0
LE07_192022_20070624,2007-06-24,192.0,22.0,51.0,9.0
LE07_192022_20071115,2007-11-15,192.0,22.0,59.0,9.0
LE07_192022_20080423,2008-04-23,192.0,22.0,0.0,9.0
LE07_192022_20080509,2008-05-09,192.0,22.0,0.0,9.0
LE07_192022_20080525,2008-05-25,192.0,22.0,16.0,9.0
LE07_192022_20080813,2008-08-13,192.0,22.0,10.0,9.0
LE07_192022_20090325,2009-03-25,192.0,22.0,23.0,9.0
LE07_192022_20090410,2009-04-10,192.0,22.0,0.0,9.0
LE07_192022_20090426,2009-04-26,192.0,22.0,0.0,9.0
LE07_192022_20090512,2009-05-12,192.0,22.0,10.0,9.0
LE07_192022_20090629,2009-06-29,192.0,22.0,59.0,9.0
LE07_192022_20090901,2009-09-01,192.0,22.0,0.0,9.0
LE07_192022_20100616,2010-06-16,192.0,22.0,5.0,9.0
LE07_192022_20100702,2010-07-02,192.0,22.0,0.0,9.0
LE07_192022_20101022,2010-10-22,192.0,22.0,50.0,9.0
LE07_192022_20110502,2011-05-02,192.0,22.0,9.0,9.0
LE07_192022_20110518,2011-05-18,192.0,22.0,64.0,9.0
LE07_192022_20110603,2011-06-03,192.0,22.0,0.0,9.0
LE07_192022_20110619,2011-06-19,192.0,22.0,41.0,9.0
LE07_192022_20110705,2011-07-05,192.0,22.0,17.0,9.0
LE07_192022_20110923,2011-09-23,192.0,22.0,44.0,9.0
LE07_192022_20111009,2011-10-09,192.0,22.0,29.0,9.0
LE07_192022_20111025,2011-10-25,192.0,22.0,0.0,9.0
LE07_192022_20111110,2011-11-10,192.0,22.0,16.0,9.0
LE07_192022_20120402,2012-04-02,192.0,22.0,52.0,9.0
LE07_192022_20120520,2012-05-20,192.0,22.0,1.0,9.0
LE07_192022_20120621,2012-06-21,192.0,22.0,96.0,9.0
LE07_192022_20120723,2012-07-23,192.0,22.0,23.0,9.0
LE07_192022_20120808,2012-08-08,192.0,22.0,48.0,9.0
LE07_192022_20120909,2012-09-09,192.0,22.0,56.0,9.0
LE07_192022_20120925,2012-09-25,192.0,22.0,75.0,9.0
LE07_192022_20121011,2012-10-11,192.0,22.0,25.0,9.0
LE07_192023_20000229,2000-02-29,192.0,23.0,83.0,9.0
LE07_192023_20000316,2000-03-16,192.0,23.0,52.0,9.0
LE07_192023_20000401,2000-04-01,192.0,23.0,90.0,9.0
LE07_192023_20000417,2000-04-17,192.0,23.0,9.0,9.0
LE07_192023_20000503,2000-05-03,192.0,23.0,19.0,9.0
LE07_192023_20000519,2000-05-19,192.0,23.0,82.0,9.0
LE07_192023_20000604,2000-06-04,192.0,23.0,87.0,9.0
LE07_192023_20000620,2000-06-20,192.0,23.0,0.0,9.0
LE07_192023_20000706,2000-07-06,192.0,23.0,93.0,9.0
LE07_192023_20000807,2000-08-07,192.0,23.0,85.0,9.0
LE07_192023_20000823,2000-08-23,192.0,23.0,39.0,9.0
LE07_192023_20000908,2000-09-08,192.0,23.0,96.0,9.0
LE07_192023_20000924,2000-09-24,192.0,23.0,0.0,9.0
LE07_192023_20001010,2000-10-10,192.0,23.0,100.0,9.0
LE07_192023_20001026,2000-10-26,192.0,23.0,82.0,9.0
LE07_192023_20001111,2000-11-11,192.0,23.0,43.0,9.0
LE07_192023_20010215,2001-02-15,192.0,23.0,59.0,9.0
LE07_192023_20010303,2001-03-03,192.0,23.0,40.0,9.0
LE07_192023_20010404,2001-04-04,192.0,23.0,79.0,9.0
LE07_192023_20010420,2001-04-20,192.0,23.0,58.0,9.0
LE07_192023_20010522,2001-05-22,192.0,23.0,23.0,9.0
LE07_192023_20010607,2001-06-07,192.0,23.0,94.0,9.0
LE07_192023_20010725,2001-07-25,192.0,23.0,22.0,9.0
LE07_192023_20010810,2001-08-10,192.0,23.0,79.0,9.0
LE07_192023_20010826,2001-08-26,192.0,23.0,10.0,9.0
LE07_192023_20010911,2001-09-11,192.0,23.0,90.0,9.0
LE07_192023_20010927,2001-09-27,192.0,23.0,50.0,9.0
LE07_192023_20011013,2001-10-13,192.0,23.0,35.0,9.0
LE07_192023_20011114,2001-11-14,192.0,23.0,78.0,9.0
LE07_192023_20020202,2002-02-02,192.0,23.0,24.0,9.0
LE07_192023_20020218,2002-02-18,192.0,23.0,50.0,9.0
LE07_192023_20020306,2002-03-06,192.0,23.0,95.0,9.0
LE07_192023_20020322,2002-03-22,192.0,23.0,91.0,9.0
LE07_192023_20020407,2002-04-07,192.0,23.0,9.0,9.0
LE07_192023_20020423,2002-04-23,192.0,23.0,94.0,9.0
LE07_192023_20020509,2002-05-09,192.0,23.0,1.0,9.0
LE07_192023_20020610,2002-06-10,192.0,23.0,88.0,9.0
LE07_192023_20020626,2002-06-26,192.0,23.0,70.0,9.0
LE07_192023_20020712,2002-07-12,192.0,23.0,31.0,9.0
LE07_192023_20020728,2002-07-28,192.0,23.0,0.0,9.0
LE07_192023_20020829,2002-08-29,192.0,23.0,69.0,9.0
LE07_192023_20020914,2002-09-14,192.0,23.0,49.0,9.0
LE07_192023_20020930,2002-09-30,192.0,23.0,83.0,9.0
LE07_192023_20021016,2002-10-16,192.0,23.0,70.0,9.0
LE07_192023_20021101,2002-11-01,192.0,23.0,88.0,9.0
LE07_192023_20030325,2003-03-25,192.0,23.0,26.0,9.0
LE07_192023_20030410,2003-04-10,192.0,23.0,82.0,9.0
LE07_192023_20030426,2003-04-26,192.0,23.0,100.0,9.0
LE07_192023_20030512,2003-05-12,192.0,23.0,98.0,9.0
LE07_192023_20030528,2003-05-28,192.0,23.0,28.0,9.0
LE07_192023_20031003,2003-10-03,192.0,23.0,51.0,9.0
LE07_192023_20031019,2003-10-19,192.0,23.0,0.0,9.0
LE07_192023_20040123,2004-01-23,192.0,23.0,3.0,9.0
LE07_192023_20040327,2004-03-27,192.0,23.0,22.0,9.0
LE07_192023_20040428,2004-04-28,192.0,23.0,3.0,9.0
LE07_192023_20040514,2004-05-14,192.0,23.0,27.0,9.0
LE07_192023_20040717,2004-07-17,192.0,23.0,64.0,9.0
LE07_192023_20040802,2004-08-02,192.0,23.0,38.0,9.0
LE07_192023_20040903,2004-09-03,192.0,23.0,0.0,9.0
LE07_192023_20040919,2004-09-19,192.0,23.0,20.0,9.0
LE07_192023_20050330,2005-03-30,192.0,23.0,1.0,9.0
LE07_192023_20050415,2005-04-15,192.0,23.0,13.0,9.0
LE07_192023_20050602,2005-06-02,192.0,23.0,75.0,9.0
LE07_192023_20050704,2005-07-04,192.0,23.0,6.0,9.0
LE07_192023_20050720,2005-07-20,192.0,23.0,88.0,9.0
LE07_192023_20050805,2005-08-05,192.0,23.0,50.0,9.0
LE07_192023_20050821,2005-08-21,192.0,23.0,0.0,9.0
LE07_192023_20050906,2005-09-06,192.0,23.0,0.0,9.0
LE07_192023_20050922,2005-09-22,192.0,23.0,0.0,9.0
LE07_192023_20051008,2005-10-08,192.0,23.0,6.0,9.0
LE07_192023_20051109,2005-11-09,192.0,23.0,0.0,9.0
LE07_192023_20060402,2006-04-02,192.0,23.0,25.0,9.0
LE07_192023_20060418,2006-04-18,192.0,23.0,68.0,9.0
LE07_192023_20060504,2006-05-04,192.0,23.0,4.0,9.0
LE07_192023_20060621,2006-06-21,192.0,23.0,37.0,9.0
LE07_192023_20060707,2006-07-07,192.0,23.0,9.0,9.0
LE07_192023_20060808,2006-08-08,192.0,23.0,68.0,9.0
LE07_192023_20060925,2006-09-25,192.0,23.0,0.0,9.0
LE07_192023_20061027,2006-10-27,192.0,23.0,38.0,9.0
LE07_192023_20070421,2007-04-21,192.0,23.0,34.0,9.0
LE07_192023_20070523,2007-05-23,192.0,23.0,52.0,9.0
LE07_192023_20070608,2007-06-08,192.0,23.0,8.0,9.0
LE07_192023_20070624,2007-06-24,192.0,23.0,64.0,9.0
LE07_192023_20071014,2007-10-14,192.0,23.0,0.0,9.0
LE07_192023_20071115,2007-11-15,192.0,23.0,60.0,9.0
LE07_192023_20080423,2008-04-23,192.0,23.0,1.0,9.0
LE07_192023_20080509,2008-05-09,192.0,23.0,0.0,9.0
LE07_192023_20080525,2008-05-25,192.0,23.0,48.0,9.0
LE07_192023_20080813,2008-08-13,192.0,23.0,36.0,9.0
LE07_192023_20090325,2009-03-25,192.0,23.0,53.0,9.0
LE07_192023_20090410,2009-04-10,192.0,23.0,0.0,9.0
LE07_192023_20090426,2009-04-26,192.0,23.0,8.0,9.0
LE07_192023_20090512,2009-05-12,192.0,23.0,38.0,9.0
LE07_192023_20090613,2009-06-13,192.0,23.0,49.0,9.0
LE07_192023_20090731,2009-07-31,192.0,23.0,18.0,9.0
LE07_192023_20090816,2009-08-16,192.0,23.0,4.0,9.0
LE07_192023_20090901,2009-09-01,192.0,23.0,0.0,9.0
LE07_192023_20091019,2009-10-19,192.0,23.0,36.0,9.0
LE07_192023_20091120,2009-11-20,192.0,23.0,1.0,9.0
LE07_192023_20100413,2010-04-13,192.0,23.0,17.0,9.0
LE07_192023_20100616,2010-06-16,192.0,23.0,6.0,9.0
LE07_192023_20100702,2010-07-02,192.0,23.0,3.0,9.0
LE07_192023_20100819,2010-08-19,192.0,23.0,80.0,9.0
LE07_192023_20110416,2011-04-16,192.0,23.0,20.0,9.0
LE07_192023_20110502,2011-05-02,192.0,23.0,78.0,9.0
LE07_192023_20110603,2011-06-03,192.0,23.0,5.0,9.0
LE07_192023_20110619,2011-06-19,192.0,23.0,66.0,9.0
LE07_192023_20110705,2011-07-05,192.0,23.0,31.0,9.0
LE07_192023_20110806,2011-08-06,192.0,23.0,39.0,9.0
LE07_192023_20110923,2011-09-23,192.0,23.0,60.0,9.0
LE07_192023_20111009,2011-10-09,192.0,23.0,46.0,9.0
LE07_192023_20111025,2011-10-25,192.0,23.0,22.0,9.0
LE07_192023_20111110,2011-11-10,192.0,23.0,35.0,9.0
LE07_192023_20120214,2012-02-14,192.0,23.0,36.0,9.0
LE07_192023_20120520,2012-05-20,192.0,23.0,1.0,9.0
LE07_192023_20120723,2012-07-23,192.0,23.0,11.0,9.0
LE07_192023_20120808,2012-08-08,192.0,23.0,66.0,9.0
LE07_192023_20120909,2012-09-09,192.0,23.0,72.0,9.0
LE07_192023_20120925,2012-09-25,192.0,23.0,71.0,9.0
LE07_192023_20121011,2012-10-11,192.0,23.0,89.0,9.0
LE07_192023_20121112,2012-11-12,192.0,23.0,79.0,9.0
LE07_192024_20000112,2000-01-12,192.0,24.0,7.0,9.0
LE07_192024_20000213,2000-02-13,192.0,24.0,95.0,9.0
LE07_192024_20000229,2000-02-29,192.0,24.0,73.0,9.0
LE07_192024_20000401,2000-04-01,192.0,24.0,89.0,9.0
LE07_192024_20000417,2000-04-17,192.0,24.0,42.0,9.0
LE07_192024_20000503,2000-05-03,192.0,24.0,11.0,9.0
LE07_192024_20000519,2000-05-19,192.0,24.0,94.0,9.0
LE07_192024_20000604,2000-06-04,192.0,24.0,55.0,9.0
LE07_192024_20000620,2000-06-20,192.0,24.0,0.0,9.0
LE07_192024_20000706,2000-07-06,192.0,24.0,83.0,9.0
LE07_192024_20000807,2000-08-07,192.0,24.0,93.0,9.0
LE07_192024_20000823,2000-08-23,192.0,24.0,46.0,9.0
LE07_192024_20000924,2000-09-24,192.0,24.0,0.0,9.0
LE07_192024_20001010,2000-10-10,192.0,24.0,95.0,9.0
LE07_192024_20001026,2000-10-26,192.0,24.0,94.0,9.0
LE07_192024_20001111,2000-11-11,192.0,24.0,21.0,9.0
LE07_192024_20001127,2000-11-27,192.0,24.0,92.0,9.0
LE07_192024_20010215,2001-02-15,192.0,24.0,14.0,9.0
LE07_192024_20010303,2001-03-03,192.0,24.0,80.0,9.0
LE07_192024_20010319,2001-03-19,192.0,24.0,78.0,9.0
LE07_192024_20010404,2001-04-04,192.0,24.0,59.0,9.0
LE07_192024_20010420,2001-04-20,192.0,24.0,92.0,9.0
LE07_192024_20010522,2001-05-22,192.0,24.0,65.0,9.0
LE07_192024_20010607,2001-06-07,192.0,24.0,97.0,9.0
LE07_192024_20010725,2001-07-25,192.0,24.0,28.0,9.0
LE07_192024_20010810,2001-08-10,192.0,24.0,88.0,9.0
LE07_192024_20010826,2001-08-26,192.0,24.0,21.0,9.0
LE07_192024_20010927,2001-09-27,192.0,24.0,91.0,9.0
LE07_192024_20011013,2001-10-13,192.0,24.0,32.0,9.0
LE07_192024_20011114,2001-11-14,192.0,24.0,64.0,9.0
LE07_192024_20011130,2001-11-30,192.0,24.0,79.0,9.0
LE07_192024_20020117,2002-01-17,192.0,24.0,76.0,9.0
LE07_192024_20020202,2002-02-02,192.0,24.0,19.0,9.0
LE07_192024_20020218,2002-02-18,192.0,24.0,61.0,9.0
LE07_192024_20020306,2002-03-06,192.0,24.0,40.0,9.0
LE07_192024_20020322,2002-03-22,192.0,24.0,91.0,9.0
LE07_192024_20020407,2002-04-07,192.0,24.0,30.0,9.0
LE07_192024_20020423,2002-04-23,192.0,24.0,87.0,9.0
LE07_192024_20020509,2002-05-09,192.0,24.0,17.0,9.0
LE07_192024_20020525,2002-05-25,192.0,24.0,84.0,9.0
LE07_192024_20020610,2002-06-10,192.0,24.0,83.0,9.0
LE07_192024_20020626,2002-06-26,192.0,24.0,56.0,9.0
LE07_192024_20020712,2002-07-12,192.0,24.0,26.0,9.0
LE07_192024_20020728,2002-07-28,192.0,24.0,0.0,9.0
LE07_192024_20020829,2002-08-29,192.0,24.0,28.0,9.0
LE07_192024_20020914,2002-09-14,192.0,24.0,29.0,9.0
LE07_192024_20020930,2002-09-30,192.0,24.0,36.0,9.0
LE07_192024_20021016,2002-10-16,192.0,24.0,93.0,9.0
LE07_192024_20021101,2002-11-01,192.0,24.0,55.0,9.0
LE07_192024_20021117,2002-11-17,192.0,24.0,89.0,9.0
LE07_192024_20030120,2003-01-20,192.0,24.0,58.0,9.0
LE07_192024_20030205,2003-02-05,192.0,24.0,71.0,9.0
LE07_192024_20030221,2003-02-21,192.0,24.0,95.0,9.0
LE07_192024_20030325,2003-03-25,192.0,24.0,20.0,9.0
LE07_192024_20030410,2003-04-10,192.0,24.0,22.0,9.0
LE07_192024_20030426,2003-04-26,192.0,24.0,83.0,9.0
LE07_192024_20030528,2003-05-28,192.0,24.0,70.0,9.0
LE07_192024_20031003,2003-10-03,192.0,24.0,84.0,9.0
LE07_192024_20031019,2003-10-19,192.0,24.0,7.0,9.0
LE07_192024_20040123,2004-01-23,192.0,24.0,1.0,9.0
LE07_192024_20040327,2004-03-27,192.0,24.0,73.0,9.0
LE07_192024_20040428,2004-04-28,192.0,24.0,1.0,9.0
LE07_192024_20040514,2004-05-14,192.0,24.0,68.0,9.0
LE07_192024_20040530,2004-05-30,192.0,24.0,3.0,9.0
LE07_192024_20040802,2004-08-02,192.0,24.0,37.0,9.0
LE07_192024_20040903,2004-09-03,192.0,24.0,1.0,9.0
LE07_192024_20040919,2004-09-19,192.0,24.0,15.0,9.0
LE07_192024_20050330,2005-03-30,192.0,24.0,15.0,9.0
LE07_192024_20050415,2005-04-15,192.0,24.0,9.0,9.0
LE07_192024_20050501,2005-05-01,192.0,24.0,26.0,9.0
LE07_192024_20050602,2005-06-02,192.0,24.0,74.0,9.0
LE07_192024_20050704,2005-07-04,192.0,24.0,19.0,9.0
LE07_192024_20050720,2005-07-20,192.0,24.0,81.0,9.0
LE07_192024_20050805,2005-08-05,192.0,24.0,62.0,9.0
LE07_192024_20050821,2005-08-21,192.0,24.0,6.0,9.0
LE07_192024_20050906,2005-09-06,192.0,24.0,0.0,9.0
LE07_192024_20050922,2005-09-22,192.0,24.0,0.0,9.0
LE07_192024_20051008,2005-10-08,192.0,24.0,26.0,9.0
LE07_192024_20051109,2005-11-09,192.0,24.0,10.0,9.0
LE07_192024_20060402,2006-04-02,192.0,24.0,38.0,9.0
LE07_192024_20060418,2006-04-18,192.0,24.0,46.0,9.0
LE07_192024_20060504,2006-05-04,192.0,24.0,9.0,9.0
LE07_192024_20060520,2006-05-20,192.0,24.0,55.0,9.0
LE07_192024_20060621,2006-06-21,192.0,24.0,28.0,9.0
LE07_192024_20060707,2006-07-07,192.0,24.0,14.0,9.0
LE07_192024_20060808,2006-08-08,192.0,24.0,84.0,9.0
LE07_192024_20060925,2006-09-25,192.0,24.0,0.0,9.0
LE07_192024_20061027,2006-10-27,192.0,24.0,33.0,9.0
LE07_192024_20070421,2007-04-21,192.0,24.0,37.0,9.0
LE07_192024_20070608,2007-06-08,192.0,24.0,2.0,9.0
LE07_192024_20070624,2007-06-24,192.0,24.0,50.0,9.0
LE07_192024_20070726,2007-07-26,192.0,24.0,11.0,9.0
LE07_192024_20071014,2007-10-14,192.0,24.0,0.0,9.0
LE07_192024_20080423,2008-04-23,192.0,24.0,46.0,9.0
LE07_192024_20080509,2008-05-09,192.0,24.0,0.0,9.0
LE07_192024_20080525,2008-05-25,192.0,24.0,23.0,9.0
LE07_192024_20080610,2008-06-10,192.0,24.0,1.0,9.0
LE07_192024_20080626,2008-06-26,192.0,24.0,44.0,9.0
LE07_192024_20080728,2008-07-28,192.0,24.0,1.0,9.0
LE07_192024_20080813,2008-08-13,192.0,24.0,35.0,9.0
LE07_192024_20090325,2009-03-25,192.0,24.0,63.0,9.0
LE07_192024_20090410,2009-04-10,192.0,24.0,4.0,9.0
LE07_192024_20090426,2009-04-26,192.0,24.0,27.0,9.0
LE07_192024_20090512,2009-05-12,192.0,24.0,20.0,9.0
LE07_192024_20090613,2009-06-13,192.0,24.0,1.0,9.0
LE07_192024_20090731,2009-07-31,192.0,24.0,36.0,9.0
LE07_192024_20090816,2009-08-16,192.0,24.0,15.0,9.0
LE07_192024_20090901,2009-09-01,192.0,24.0,0.0,9.0
LE07_192024_20091019,2009-10-19,192.0,24.0,27.0,9.0
LE07_192024_20091120,2009-11-20,192.0,24.0,10.0,9.0
LE07_192024_20100413,2010-04-13,192.0,24.0,23.0,9.0
LE07_192024_20100616,2010-06-16,192.0,24.0,5.0,9.0
LE07_192024_20100702,2010-07-02,192.0,24.0,8.0,9.0
LE07_192024_20100819,2010-08-19,192.0,24.0,55.0,9.0
LE07_192024_20110416,2011-04-16,192.0,24.0,33.0,9.0
LE07_192024_20110603,2011-06-03,192.0,24.0,0.0,9.0
LE07_192024_20110619,2011-06-19,192.0,24.0,65.0,9.0
LE07_192024_20110705,2011-07-05,192.0,24.0,44.0,9.0
LE07_192024_20110806,2011-08-06,192.0,24.0,35.0,9.0
LE07_192024_20110923,2011-09-23,192.0,24.0,50.0,9.0
LE07_192024_20111009,2011-10-09,192.0,24.0,65.0,9.0
LE07_192024_20111025,2011-10-25,192.0,24.0,41.0,9.0
LE07_192024_20111126,2011-11-26,192.0,24.0,48.0,9.0
LE07_192024_20120214,2012-02-14,192.0,24.0,43.0,9.0
LE07_192024_20120520,2012-05-20,192.0,24.0,0.0,9.0
LE07_192024_20120723,2012-07-23,192.0,24.0,4.0,9.0
LE07_192024_20120808,2012-08-08,192.0,24.0,71.0,9.0
LE07_192024_20120909,2012-09-09,192.0,24.0,27.0,9.0
LE07_192024_20120925,2012-09-25,192.0,24.0,34.0,9.0
LE07_192024_20121011,2012-10-11,192.0,24.0,87.0,9.0
LE07_192024_20121112,2012-11-12,192.0,24.0,51.0,9.0
LE07_192025_20000112,2000-01-12,192.0,25.0,40.0,9.0
LE07_192025_20000128,2000-01-28,192.0,25.0,49.0,9.0
LE07_192025_20000213,2000-02-13,192.0,25.0,91.0,9.0
LE07_192025_20000229,2000-02-29,192.0,25.0,98.0,9.0
LE07_192025_20000316,2000-03-16,192.0,25.0,93.0,9.0
LE07_192025_20000401,2000-04-01,192.0,25.0,25.0,9.0
LE07_192025_20000417,2000-04-17,192.0,25.0,46.0,9.0
LE07_192025_20000503,2000-05-03,192.0,25.0,1.0,9.0
LE07_192025_20000604,2000-06-04,192.0,25.0,9.0,9.0
LE07_192025_20000620,2000-06-20,192.0,25.0,1.0,9.0
LE07_192025_20000706,2000-07-06,192.0,25.0,79.0,9.0
LE07_192025_20000807,2000-08-07,192.0,25.0,95.0,9.0
LE07_192025_20000823,2000-08-23,192.0,25.0,45.0,9.0
LE07_192025_20000908,2000-09-08,192.0,25.0,83.0,9.0
LE07_192025_20000924,2000-09-24,192.0,25.0,14.0,9.0
LE07_192025_20001026,2000-10-26,192.0,25.0,94.0,9.0
LE07_192025_20001111,2000-11-11,192.0,25.0,38.0,9.0
LE07_192025_20001127,2000-11-27,192.0,25.0,76.0,9.0
LE07_192025_20001213,2000-12-13,192.0,25.0,79.0,9.0
LE07_192025_20001229,2000-12-29,192.0,25.0,88.0,9.0
LE07_192025_20010114,2001-01-14,192.0,25.0,32.0,9.0
LE07_192025_20010215,2001-02-15,192.0,25.0,4.0,9.0
LE07_192025_20010319,2001-03-19,192.0,25.0,66.0,9.0
LE07_192025_20010404,2001-04-04,192.0,25.0,59.0,9.0
LE07_192025_20010522,2001-05-22,192.0,25.0,67.0,9.0
LE07_192025_20010607,2001-06-07,192.0,25.0,66.0,9.0
LE07_192025_20010623,2001-06-23,192.0,25.0,91.0,9.0
LE07_192025_20010709,2001-07-09,192.0,25.0,91.0,9.0
LE07_192025_20010725,2001-07-25,192.0,25.0,41.0,9.0
LE07_192025_20010810,2001-08-10,192.0,25.0,90.0,9.0
LE07_192025_20010826,2001-08-26,192.0,25.0,8.0,9.0
LE07_192025_20010911,2001-09-11,192.0,25.0,85.0,9.0
LE07_192025_20011013,2001-10-13,192.0,25.0,23.0,9.0
LE07_192025_20011029,2001-10-29,192.0,25.0,98.0,9.0
LE07_192025_20011114,2001-11-14,192.0,25.0,49.0,9.0
LE07_192025_20020117,2002-01-17,192.0,25.0,80.0,9.0
LE07_192025_20020202,2002-02-02,192.0,25.0,21.0,9.0
LE07_192025_20020218,2002-02-18,192.0,25.0,59.0,9.0
LE07_192025_20020306,2002-03-06,192.0,25.0,8.0,9.0
LE07_192025_20020407,2002-04-07,192.0,25.0,2.0,9.0
LE07_192025_20020423,2002-04-23,192.0,25.0,66.0,9.0
LE07_192025_20020509,2002-05-09,192.0,25.0,21.0,9.0
LE07_192025_20020525,2002-05-25,192.0,25.0,85.0,9.0
LE07_192025_20020610,2002-06-10,192.0,25.0,79.0,9.0
LE07_192025_20020626,2002-06-26,192.0,25.0,24.0,9.0
LE07_192025_20020712,2002-07-12,192.0,25.0,27.0,9.0
LE07_192025_20020728,2002-07-28,192.0,25.0,0.0,9.0
LE07_192025_20020829,2002-08-29,192.0,25.0,41.0,9.0
LE07_192025_20020914,2002-09-14,192.0,25.0,37.0,9.0
LE07_192025_20020930,2002-09-30,192.0,25.0,18.0,9.0
LE07_192025_20021101,2002-11-01,192.0,25.0,73.0,9.0
LE07_192025_20021117,2002-11-17,192.0,25.0,73.0,9.0
LE07_192025_20030120,2003-01-20,192.0,25.0,60.0,9.0
LE07_192025_20030205,2003-02-05,192.0,25.0,41.0,9.0
LE07_192025_20030221,2003-02-21,192.0,25.0,74.0,9.0
LE07_192025_20030325,2003-03-25,192.0,25.0,65.0,9.0
LE07_192025_20030410,2003-04-10,192.0,25.0,38.0,9.0
LE07_192025_20030426,2003-04-26,192.0,25.0,26.0,9.0
LE07_192025_20030528,2003-05-28,192.0,25.0,88.0,9.0
LE07_192025_20030715,2003-07-15,192.0,25.0,13.0,9.0
LE07_192025_20031003,2003-10-03,192.0,25.0,97.0,9.0
LE07_192025_20031206,2003-12-06,192.0,25.0,83.0,9.0
LE07_192025_20040123,2004-01-23,192.0,25.0,3.0,9.0
LE07_192025_20040327,2004-03-27,192.0,25.0,72.0,9.0
LE07_192025_20040428,2004-04-28,192.0,25.0,5.0,9.0
LE07_192025_20040514,2004-05-14,192.0,25.0,62.0,9.0
LE07_192025_20040530,2004-05-30,192.0,25.0,9.0,9.0
LE07_192025_20040802,2004-08-02,192.0,25.0,33.0,9.0
LE07_192025_20040903,2004-09-03,192.0,25.0,3.0,9.0
LE07_192025_20040919,2004-09-19,192.0,25.0,5.0,9.0
LE07_192025_20041005,2004-10-05,192.0,25.0,9.0,9.0
LE07_192025_20050330,2005-03-30,192.0,25.0,72.0,9.0
LE07_192025_20050415,2005-04-15,192.0,25.0,9.0,9.0
LE07_192025_20050501,2005-05-01,192.0,25.0,20.0,9.0
LE07_192025_20050602,2005-06-02,192.0,25.0,41.0,9.0
LE07_192025_20050704,2005-07-04,192.0,25.0,7.0,9.0
LE07_192025_20050720,2005-07-20,192.0,25.0,88.0,9.0
LE07_192025_20050805,2005-08-05,192.0,25.0,42.0,9.0
LE07_192025_20050906,2005-09-06,192.0,25.0,0.0,9.0
LE07_192025_20050922,2005-09-22,192.0,25.0,0.0,9.0
LE07_192025_20051008,2005-10-08,192.0,25.0,17.0,9.0
LE07_192025_20051109,2005-11-09,192.0,25.0,85.0,9.0
LE07_192025_20060128,2006-01-28,192.0,25.0,0.0,9.0
LE07_192025_20060418,2006-04-18,192.0,25.0,40.0,9.0
LE07_192025_20060504,2006-05-04,192.0,25.0,8.0,9.0
LE07_192025_20060520,2006-05-20,192.0,25.0,86.0,9.0
LE07_192025_20060621,2006-06-21,192.0,25.0,57.0,9.0
LE07_192025_20060707,2006-07-07,192.0,25.0,49.0,9.0
LE07_192025_20060925,2006-09-25,192.0,25.0,31.0,9.0
LE07_192025_20061027,2006-10-27,192.0,25.0,35.0,9.0
LE07_192025_20070405,2007-04-05,192.0,25.0,1.0,9.0
LE07_192025_20070421,2007-04-21,192.0,25.0,9.0,9.0
LE07_192025_20070608,2007-06-08,192.0,25.0,10.0,9.0
LE07_192025_20070624,2007-06-24,192.0,25.0,39.0,9.0
LE07_192025_20070726,2007-07-26,192.0,25.0,1.0,9.0
LE07_192025_20071014,2007-10-14,192.0,25.0,0.0,9.0
LE07_192025_20080423,2008-04-23,192.0,25.0,61.0,9.0
LE07_192025_20080509,2008-05-09,192.0,25.0,4.0,9.0
LE07_192025_20080525,2008-05-25,192.0,25.0,32.0,9.0
LE07_192025_20080610,2008-06-10,192.0,25.0,10.0,9.0
LE07_192025_20080626,2008-06-26,192.0,25.0,66.0,9.0
LE07_192025_20080728,2008-07-28,192.0,25.0,1.0,9.0
LE07_192025_20080813,2008-08-13,192.0,25.0,58.0,9.0
LE07_192025_20081203,2008-12-03,192.0,25.0,14.0,9.0
LE07_192025_20090325,2009-03-25,192.0,25.0,74.0,9.0
LE07_192025_20090410,2009-04-10,192.0,25.0,6.0,9.0
LE07_192025_20090426,2009-04-26,192.0,25.0,50.0,9.0
LE07_192025_20090512,2009-05-12,192.0,25.0,52.0,9.0
LE07_192025_20090613,2009-06-13,192.0,25.0,1.0,9.0
LE07_192025_20090816,2009-08-16,192.0,25.0,5.0,9.0
LE07_192025_20090901,2009-09-01,192.0,25.0,0.0,9.0
LE07_192025_20091120,2009-11-20,192.0,25.0,33.0,9.0
LE07_192025_20100328,2010-03-28,192.0,25.0,80.0,9.0
LE07_192025_20100413,2010-04-13,192.0,25.0,49.0,9.0
LE07_192025_20100819,2010-08-19,192.0,25.0,79.0,9.0
LE07_192025_20100904,2010-09-04,192.0,25.0,68.0,9.0
LE07_192025_20100920,2010-09-20,192.0,25.0,58.0,9.0
LE07_192025_20101006,2010-10-06,192.0,25.0,87.0,9.0
LE07_192025_20101022,2010-10-22,192.0,25.0,25.0,9.0
LE07_192025_20110416,2011-04-16,192.0,25.0,63.0,9.0
LE07_192025_20110502,2011-05-02,192.0,25.0,73.0,9.0
LE07_192025_20110603,2011-06-03,192.0,25.0,22.0,9.0
LE07_192025_20110619,2011-06-19,192.0,25.0,64.0,9.0
LE07_192025_20110705,2011-07-05,192.0,25.0,87.0,9.0
LE07_192025_20110806,2011-08-06,192.0,25.0,40.0,9.0
LE07_192025_20110822,2011-08-22,192.0,25.0,20.0,9.0
LE07_192025_20110907,2011-09-07,192.0,25.0,94.0,9.0
LE07_192025_20110923,2011-09-23,192.0,25.0,77.0,9.0
LE07_192025_20111009,2011-10-09,192.0,25.0,74.0,9.0
LE07_192025_20111025,2011-10-25,192.0,25.0,97.0,9.0
LE07_192025_20111126,2011-11-26,192.0,25.0,93.0,9.0
LE07_192025_20111212,2011-12-12,192.0,25.0,96.0,9.0
LE07_192025_20120214,2012-02-14,192.0,25.0,70.0,9.0
LE07_192025_20120317,2012-03-17,192.0,25.0,1.0,9.0
LE07_192025_20120418,2012-04-18,192.0,25.0,50.0,9.0
LE07_192025_20120504,2012-05-04,192.0,25.0,36.0,9.0
LE07_192025_20120520,2012-05-20,192.0,25.0,0.0,9.0
LE07_192025_20120621,2012-06-21,192.0,25.0,69.0,9.0
LE07_192025_20120723,2012-07-23,192.0,25.0,6.0,9.0
LE07_192025_20120808,2012-08-08,192.0,25.0,64.0,9.0
LE07_192025_20120909,2012-09-09,192.0,25.0,4.0,9.0
LE07_192025_20120925,2012-09-25,192.0,25.0,42.0,9.0
LE07_192025_20121011,2012-10-11,192.0,25.0,28.0,9.0
LE07_192026_20000112,2000-01-12,192.0,26.0,34.0,9.0
LE07_192026_20000128,2000-01-28,192.0,26.0,25.0,9.0
LE07_192026_20000213,2000-02-13,192.0,26.0,97.0,9.0
LE07_192026_20000229,2000-02-29,192.0,26.0,100.0,9.0
LE07_192026_20000316,2000-03-16,192.0,26.0,86.0,9.0
LE07_192026_20000401,2000-04-01,192.0,26.0,100.0,9.0
LE07_192026_20000417,2000-04-17,192.0,26.0,86.0,9.0
LE07_192026_20000503,2000-05-03,192.0,26.0,1.0,9.0
LE07_192026_20000519,2000-05-19,192.0,26.0,87.0,9.0
LE07_192026_20000604,2000-06-04,192.0,26.0,33.0,9.0
LE07_192026_20000620,2000-06-20,192.0,26.0,1.0,9.0
LE07_192026_20000706,2000-07-06,192.0,26.0,59.0,9.0
LE07_192026_20000722,2000-07-22,192.0,26.0,87.0,9.0
LE07_192026_20000807,2000-08-07,192.0,26.0,87.0,9.0
LE07_192026_20000823,2000-08-23,192.0,26.0,29.0,9.0
LE07_192026_20000924,2000-09-24,192.0,26.0,31.0,9.0
LE07_192026_20001111,2000-11-11,192.0,26.0,23.0,9.0
LE07_192026_20001127,2000-11-27,192.0,26.0,88.0,9.0
LE07_192026_20001213,2000-12-13,192.0,26.0,97.0,9.0
LE07_192026_20001229,2000-12-29,192.0,26.0,100.0,9.0
LE07_192026_20010114,2001-01-14,192.0,26.0,8.0,9.0
LE07_192026_20010130,2001-01-30,192.0,26.0,98.0,9.0
LE07_192026_20010215,2001-02-15,192.0,26.0,0.0,9.0
LE07_192026_20010303,2001-03-03,192.0,26.0,95.0,9.0
LE07_192026_20010319,2001-03-19,192.0,26.0,80.0,9.0
LE07_192026_20010404,2001-04-04,192.0,26.0,38.0,9.0
LE07_192026_20010522,2001-05-22,192.0,26.0,84.0,9.0
LE07_192026_20010607,2001-06-07,192.0,26.0,70.0,9.0
LE07_192026_20010623,2001-06-23,192.0,26.0,67.0,9.0
LE07_192026_20010709,2001-07-09,192.0,26.0,80.0,9.0
LE07_192026_20010725,2001-07-25,192.0,26.0,39.0,9.0
LE07_192026_20010810,2001-08-10,192.0,26.0,96.0,9.0
LE07_192026_20010826,2001-08-26,192.0,26.0,0.0,9.0
LE07_192026_20010911,2001-09-11,192.0,26.0,77.0,9.0
LE07_192026_20011013,2001-10-13,192.0,26.0,11.0,9.0
LE07_192026_20011029,2001-10-29,192.0,26.0,100.0,9.0
LE07_192026_20011114,2001-11-14,192.0,26.0,38.0,9.0
LE07_192026_20011216,2001-12-16,192.0,26.0,57.0,9.0
LE07_192026_20020117,2002-01-17,192.0,26.0,91.0,9.0
LE07_192026_20020202,2002-02-02,192.0,26.0,21.0,9.0
LE07_192026_20020218,2002-02-18,192.0,26.0,24.0,9.0
LE07_192026_20020306,2002-03-06,192.0,26.0,3.0,9.0
LE07_192026_20020407,2002-04-07,192.0,26.0,37.0,9.0
LE07_192026_20020423,2002-04-23,192.0,26.0,32.0,9.0
LE07_192026_20020509,2002-05-09,192.0,26.0,1.0,9.0
LE07_192026_20020525,2002-05-25,192.0,26.0,70.0,9.0
LE07_192026_20020610,2002-06-10,192.0,26.0,94.0,9.0
LE07_192026_20020626,2002-06-26,192.0,26.0,22.0,9.0
LE07_192026_20020712,2002-07-12,192.0,26.0,28.0,9.0
LE07_192026_20020728,2002-07-28,192.0,26.0,0.0,9.0
LE07_192026_20020829,2002-08-29,192.0,26.0,33.0,9.0
LE07_192026_20020914,2002-09-14,192.0,26.0,32.0,9.0
LE07_192026_20020930,2002-09-30,192.0,26.0,2.0,9.0
LE07_192026_20021016,2002-10-16,192.0,26.0,71.0,9.0
LE07_192026_20021101,2002-11-01,192.0,26.0,73.0,9.0
LE07_192026_20021117,2002-11-17,192.0,26.0,56.0,9.0
LE07_192026_20021219,2002-12-19,192.0,26.0,42.0,9.0
LE07_192026_20030120,2003-01-20,192.0,26.0,49.0,9.0
LE07_192026_20030205,2003-02-05,192.0,26.0,79.0,9.0
LE07_192026_20030221,2003-02-21,192.0,26.0,46.0,9.0
LE07_192026_20030325,2003-03-25,192.0,26.0,15.0,9.0
LE07_192026_20030410,2003-04-10,192.0,26.0,80.0,9.0
LE07_192026_20030426,2003-04-26,192.0,26.0,10.0,9.0
LE07_192026_20030512,2003-05-12,192.0,26.0,94.0,9.0
LE07_192026_20030528,2003-05-28,192.0,26.0,93.0,9.0
LE07_192026_20030715,2003-07-15,192.0,26.0,1.0,9.0
LE07_192026_20030917,2003-09-17,192.0,26.0,7.0,9.0
LE07_192026_20031222,2003-12-22,192.0,26.0,70.0,9.0
LE07_192026_20040123,2004-01-23,192.0,26.0,2.0,9.0
LE07_192026_20040327,2004-03-27,192.0,26.0,71.0,9.0
LE07_192026_20040428,2004-04-28,192.0,26.0,2.0,9.0
LE07_192026_20040530,2004-05-30,192.0,26.0,2.0,9.0
LE07_192026_20040615,2004-06-15,192.0,26.0,90.0,9.0
LE07_192026_20040802,2004-08-02,192.0,26.0,38.0,9.0
LE07_192026_20040903,2004-09-03,192.0,26.0,1.0,9.0
LE07_192026_20040919,2004-09-19,192.0,26.0,5.0,9.0
LE07_192026_20041005,2004-10-05,192.0,26.0,0.0,9.0
LE07_192026_20041208,2004-12-08,192.0,26.0,77.0,9.0
LE07_192026_20050330,2005-03-30,192.0,26.0,87.0,9.0
LE07_192026_20050415,2005-04-15,192.0,26.0,3.0,9.0
LE07_192026_20050501,2005-05-01,192.0,26.0,21.0,9.0
LE07_192026_20050602,2005-06-02,192.0,26.0,9.0,9.0
LE07_192026_20050704,2005-07-04,192.0,26.0,5.0,9.0
LE07_192026_20050720,2005-07-20,192.0,26.0,81.0,9.0
LE07_192026_20050805,2005-08-05,192.0,26.0,50.0,9.0
LE07_192026_20050922,2005-09-22,192.0,26.0,1.0,9.0
LE07_192026_20051008,2005-10-08,192.0,26.0,21.0,9.0
LE07_192026_20051109,2005-11-09,192.0,26.0,79.0,9.0
LE07_192026_20060128,2006-01-28,192.0,26.0,6.0,9.0
LE07_192026_20060213,2006-02-13,192.0,26.0,36.0,9.0
LE07_192026_20060504,2006-05-04,192.0,26.0,4.0,9.0
LE07_192026_20060605,2006-06-05,192.0,26.0,88.0,9.0
LE07_192026_20060621,2006-06-21,192.0,26.0,43.0,9.0
LE07_192026_20060925,2006-09-25,192.0,26.0,90.0,9.0
LE07_192026_20061027,2006-10-27,192.0,26.0,32.0,9.0
LE07_192026_20061214,2006-12-14,192.0,26.0,13.0,9.0
LE07_192026_20070115,2007-01-15,192.0,26.0,10.0,9.0
LE07_192026_20070405,2007-04-05,192.0,26.0,6.0,9.0
LE07_192026_20070421,2007-04-21,192.0,26.0,0.0,9.0
LE07_192026_20070523,2007-05-23,192.0,26.0,34.0,9.0
LE07_192026_20070608,2007-06-08,192.0,26.0,6.0,9.0
LE07_192026_20070624,2007-06-24,192.0,26.0,18.0,9.0
LE07_192026_20070726,2007-07-26,192.0,26.0,11.0,9.0
LE07_192026_20071014,2007-10-14,192.0,26.0,2.0,9.0
LE07_192026_20071217,2007-12-17,192.0,26.0,73.0,9.0
LE07_192026_20080203,2008-02-03,192.0,26.0,0.0,9.0
LE07_192026_20080219,2008-02-19,192.0,26.0,76.0,9.0
LE07_192026_20080306,2008-03-06,192.0,26.0,1.0,9.0
LE07_192026_20080509,2008-05-09,192.0,26.0,4.0,9.0
LE07_192026_20080525,2008-05-25,192.0,26.0,47.0,9.0
LE07_192026_20080610,2008-06-10,192.0,26.0,13.0,9.0
LE07_192026_20080626,2008-06-26,192.0,26.0,92.0,9.0
LE07_192026_20080728,2008-07-28,192.0,26.0,0.0,9.0
LE07_192026_20080813,2008-08-13,192.0,26.0,85.0,9.0
LE07_192026_20081101,2008-11-01,192.0,26.0,32.0,9.0
LE07_192026_20081203,2008-12-03,192.0,26.0,5.0,9.0
LE07_192026_20090205,2009-02-05,192.0,26.0,71.0,9.0
LE07_192026_20090325,2009-03-25,192.0,26.0,68.0,9.0
LE07_192026_20090410,2009-04-10,192.0,26.0,0.0,9.0
LE07_192026_20090426,2009-04-26,192.0,26.0,97.0,9.0
LE07_192026_20090613,2009-06-13,192.0,26.0,7.0,9.0
LE07_192026_20090629,2009-06-29,192.0,26.0,84.0,9.0
LE07_192026_20090816,2009-08-16,192.0,26.0,1.0,9.0
LE07_192026_20090901,2009-09-01,192.0,26.0,0.0,9.0
LE07_192026_20091120,2009-11-20,192.0,26.0,27.0,9.0
LE07_192026_20100413,2010-04-13,192.0,26.0,89.0,9.0
LE07_192026_20100429,2010-04-29,192.0,26.0,1.0,9.0
LE07_192026_20100920,2010-09-20,192.0,26.0,4.0,9.0
LE07_192026_20101022,2010-10-22,192.0,26.0,12.0,9.0
LE07_192026_20110315,2011-03-15,192.0,26.0,2.0,9.0
LE07_192026_20110416,2011-04-16,192.0,26.0,70.0,9.0
LE07_192026_20110502,2011-05-02,192.0,26.0,37.0,9.0
LE07_192026_20110603,2011-06-03,192.0,26.0,49.0,9.0
LE07_192026_20110806,2011-08-06,192.0,26.0,48.0,9.0
LE07_192026_20110822,2011-08-22,192.0,26.0,0.0,9.0
LE07_192026_20110923,2011-09-23,192.0,26.0,60.0,9.0
LE07_192026_20111009,2011-10-09,192.0,26.0,76.0,9.0
LE07_192026_20111025,2011-10-25,192.0,26.0,60.0,9.0
LE07_192026_20111110,2011-11-10,192.0,26.0,94.0,9.0
LE07_192026_20111126,2011-11-26,192.0,26.0,86.0,9.0
LE07_192026_20111212,2011-12-12,192.0,26.0,79.0,9.0
LE07_192026_20111228,2011-12-28,192.0,26.0,94.0,9.0
LE07_192026_20120214,2012-02-14,192.0,26.0,90.0,9.0
LE07_192026_20120317,2012-03-17,192.0,26.0,1.0,9.0
LE07_192026_20120402,2012-04-02,192.0,26.0,23.0,9.0
LE07_192026_20120418,2012-04-18,192.0,26.0,81.0,9.0
LE07_192026_20120504,2012-05-04,192.0,26.0,32.0,9.0
LE07_192026_20120520,2012-05-20,192.0,26.0,2.0,9.0
LE07_192026_20120621,2012-06-21,192.0,26.0,53.0,9.0
LE07_192026_20120707,2012-07-07,192.0,26.0,93.0,9.0
LE07_192026_20120723,2012-07-23,192.0,26.0,15.0,9.0
LE07_192026_20120808,2012-08-08,192.0,26.0,65.0,9.0
LE07_192026_20120909,2012-09-09,192.0,26.0,0.0,9.0
LE07_192026_20120925,2012-09-25,192.0,26.0,5.0,9.0
LE07_192026_20121011,2012-10-11,192.0,26.0,16.0,9.0
LE07_192027_20000112,2000-01-12,192.0,27.0,9.0,9.0
LE07_192027_20000128,2000-01-28,192.0,27.0,48.0,9.0
LE07_192027_20000213,2000-02-13,192.0,27.0,65.0,9.0
LE07_192027_20000229,2000-02-29,192.0,27.0,42.0,9.0
LE07_192027_20000401,2000-04-01,192.0,27.0,100.0,9.0
LE07_192027_20000417,2000-04-17,192.0,27.0,84.0,9.0
LE07_192027_20000503,2000-05-03,192.0,27.0,21.0,9.0
LE07_192027_20000519,2000-05-19,192.0,27.0,82.0,9.0
LE07_192027_20000604,2000-06-04,192.0,27.0,59.0,9.0
LE07_192027_20000620,2000-06-20,192.0,27.0,5.0,9.0
LE07_192027_20000706,2000-07-06,192.0,27.0,29.0,9.0
LE07_192027_20000722,2000-07-22,192.0,27.0,22.0,9.0
LE07_192027_20000823,2000-08-23,192.0,27.0,5.0,9.0
LE07_192027_20000908,2000-09-08,192.0,27.0,37.0,9.0
LE07_192027_20000924,2000-09-24,192.0,27.0,28.0,9.0
LE07_192027_20001010,2000-10-10,192.0,27.0,94.0,9.0
LE07_192027_20001026,2000-10-26,192.0,27.0,52.0,9.0
LE07_192027_20001111,2000-11-11,192.0,27.0,6.0,9.0
LE07_192027_20001127,2000-11-27,192.0,27.0,61.0,9.0
LE07_192027_20001213,2000-12-13,192.0,27.0,89.0,9.0
LE07_192027_20010114,2001-01-14,192.0,27.0,11.0,9.0
LE07_192027_20010130,2001-01-30,192.0,27.0,100.0,9.0
LE07_192027_20010215,2001-02-15,192.0,27.0,2.0,9.0
LE07_192027_20010319,2001-03-19,192.0,27.0,85.0,9.0
LE07_192027_20010404,2001-04-04,192.0,27.0,26.0,9.0
LE07_192027_20010522,2001-05-22,192.0,27.0,70.0,9.0
LE07_192027_20010607,2001-06-07,192.0,27.0,72.0,9.0
LE07_192027_20010623,2001-06-23,192.0,27.0,26.0,9.0
LE07_192027_20010709,2001-07-09,192.0,27.0,73.0,9.0
LE07_192027_20010725,2001-07-25,192.0,27.0,66.0,9.0
LE07_192027_20010810,2001-08-10,192.0,27.0,96.0,9.0
LE07_192027_20010826,2001-08-26,192.0,27.0,2.0,9.0
LE07_192027_20010911,2001-09-11,192.0,27.0,0.0,9.0
LE07_192027_20010927,2001-09-27,192.0,27.0,86.0,9.0
LE07_192027_20011013,2001-10-13,192.0,27.0,3.0,9.0
LE07_192027_20011029,2001-10-29,192.0,27.0,54.0,9.0
LE07_192027_20011114,2001-11-14,192.0,27.0,72.0,9.0
LE07_192027_20011130,2001-11-30,192.0,27.0,88.0,9.0
LE07_192027_20011216,2001-12-16,192.0,27.0,16.0,9.0
LE07_192027_20020117,2002-01-17,192.0,27.0,53.0,9.0
LE07_192027_20020202,2002-02-02,192.0,27.0,3.0,9.0
LE07_192027_20020218,2002-02-18,192.0,27.0,28.0,9.0
LE07_192027_20020306,2002-03-06,192.0,27.0,39.0,9.0
LE07_192027_20020322,2002-03-22,192.0,27.0,97.0,9.0
LE07_192027_20020407,2002-04-07,192.0,27.0,23.0,9.0
LE07_192027_20020423,2002-04-23,192.0,27.0,66.0,9.0
LE07_192027_20020509,2002-05-09,192.0,27.0,54.0,9.0
LE07_192027_20020525,2002-05-25,192.0,27.0,79.0,9.0
LE07_192027_20020610,2002-06-10,192.0,27.0,97.0,9.0
LE07_192027_20020626,2002-06-26,192.0,27.0,12.0,9.0
LE07_192027_20020712,2002-07-12,192.0,27.0,32.0,9.0
LE07_192027_20020728,2002-07-28,192.0,27.0,4.0,9.0
LE07_192027_20020813,2002-08-13,192.0,27.0,80.0,9.0
LE07_192027_20020829,2002-08-29,192.0,27.0,66.0,9.0
LE07_192027_20020914,2002-09-14,192.0,27.0,5.0,9.0
LE07_192027_20020930,2002-09-30,192.0,27.0,1.0,9.0
LE07_192027_20021016,2002-10-16,192.0,27.0,39.0,9.0
LE07_192027_20021101,2002-11-01,192.0,27.0,34.0,9.0
LE07_192027_20021117,2002-11-17,192.0,27.0,74.0,9.0
LE07_192027_20021219,2002-12-19,192.0,27.0,6.0,9.0
LE07_192027_20030104,2003-01-04,192.0,27.0,70.0,9.0
LE07_192027_20030120,2003-01-20,192.0,27.0,33.0,9.0
LE07_192027_20030205,2003-02-05,192.0,27.0,71.0,9.0
LE07_192027_20030221,2003-02-21,192.0,27.0,22.0,9.0
LE07_192027_20030309,2003-03-09,192.0,27.0,100.0,9.0
LE07_192027_20030325,2003-03-25,192.0,27.0,2.0,9.0
LE07_192027_20030426,2003-04-26,192.0,27.0,26.0,9.0
LE07_192027_20030512,2003-05-12,192.0,27.0,85.0,9.0
LE07_192027_20030528,2003-05-28,192.0,27.0,43.0,9.0
LE07_192027_20030715,2003-07-15,192.0,27.0,8.0,9.0
LE07_192027_20030917,2003-09-17,192.0,27.0,4.0,9.0
LE07_192027_20031120,2003-11-20,192.0,27.0,28.0,9.0
LE07_192027_20031206,2003-12-06,192.0,27.0,25.0,9.0
LE07_192027_20031222,2003-12-22,192.0,27.0,58.0,9.0
LE07_192027_20040123,2004-01-23,192.0,27.0,1.0,9.0
LE07_192027_20040327,2004-03-27,192.0,27.0,36.0,9.0
LE07_192027_20040428,2004-04-28,192.0,27.0,19.0,9.0
LE07_192027_20040514,2004-05-14,192.0,27.0,72.0,9.0
LE07_192027_20040530,2004-05-30,192.0,27.0,5.0,9.0
LE07_192027_20040615,2004-06-15,192.0,27.0,89.0,9.0
LE07_192027_20040802,2004-08-02,192.0,27.0,50.0,9.0
LE07_192027_20040903,2004-09-03,192.0,27.0,4.0,9.0
LE07_192027_20040919,2004-09-19,192.0,27.0,2.0,9.0
LE07_192027_20041005,2004-10-05,192.0,27.0,1.0,9.0
LE07_192027_20041021,2004-10-21,192.0,27.0,87.0,9.0
LE07_192027_20041208,2004-12-08,192.0,27.0,33.0,9.0
LE07_192027_20050210,2005-02-10,192.0,27.0,5.0,9.0
LE07_192027_20050226,2005-02-26,192.0,27.0,45.0,9.0
LE07_192027_20050314,2005-03-14,192.0,27.0,33.0,9.0
LE07_192027_20050330,2005-03-30,192.0,27.0,94.0,9.0
LE07_192027_20050415,2005-04-15,192.0,27.0,24.0,9.0
LE07_192027_20050501,2005-05-01,192.0,27.0,29.0,9.0
LE07_192027_20050602,2005-06-02,192.0,27.0,22.0,9.0
LE07_192027_20050704,2005-07-04,192.0,27.0,24.0,9.0
LE07_192027_20050720,2005-07-20,192.0,27.0,28.0,9.0
LE07_192027_20050805,2005-08-05,192.0,27.0,60.0,9.0
LE07_192027_20050922,2005-09-22,192.0,27.0,25.0,9.0
LE07_192027_20051008,2005-10-08,192.0,27.0,35.0,9.0
LE07_192027_20051109,2005-11-09,192.0,27.0,12.0,9.0
LE07_192027_20060213,2006-02-13,192.0,27.0,24.0,9.0
LE07_192027_20060504,2006-05-04,192.0,27.0,25.0,9.0
LE07_192027_20060621,2006-06-21,192.0,27.0,84.0,9.0
LE07_192027_20060909,2006-09-09,192.0,27.0,1.0,9.0
LE07_192027_20061011,2006-10-11,192.0,27.0,7.0,9.0
LE07_192027_20061027,2006-10-27,192.0,27.0,2.0,9.0
LE07_192027_20070115,2007-01-15,192.0,27.0,4.0,9.0
LE07_192027_20070131,2007-01-31,192.0,27.0,1.0,9.0
LE07_192027_20070216,2007-02-16,192.0,27.0,7.0,9.0
LE07_192027_20070405,2007-04-05,192.0,27.0,7.0,9.0
LE07_192027_20070421,2007-04-21,192.0,27.0,6.0,9.0
LE07_192027_20070507,2007-05-07,192.0,27.0,76.0,9.0
LE07_192027_20070523,2007-05-23,192.0,27.0,62.0,9.0
LE07_192027_20070608,2007-06-08,192.0,27.0,54.0,9.0
LE07_192027_20070726,2007-07-26,192.0,27.0,10.0,9.0
LE07_192027_20070827,2007-08-27,192.0,27.0,26.0,9.0
LE07_192027_20071014,2007-10-14,192.0,27.0,14.0,9.0
LE07_192027_20071217,2007-12-17,192.0,27.0,29.0,9.0
LE07_192027_20080203,2008-02-03,192.0,27.0,23.0,9.0
LE07_192027_20080219,2008-02-19,192.0,27.0,1.0,9.0
LE07_192027_20080306,2008-03-06,192.0,27.0,24.0,9.0
LE07_192027_20080509,2008-05-09,192.0,27.0,9.0,9.0
LE07_192027_20080525,2008-05-25,192.0,27.0,82.0,9.0
LE07_192027_20080610,2008-06-10,192.0,27.0,26.0,9.0
LE07_192027_20080728,2008-07-28,192.0,27.0,17.0,9.0
LE07_192027_20080829,2008-08-29,192.0,27.0,37.0,9.0
LE07_192027_20081101,2008-11-01,192.0,27.0,41.0,9.0
LE07_192027_20081203,2008-12-03,192.0,27.0,14.0,9.0
LE07_192027_20090104,2009-01-04,192.0,27.0,52.0,9.0
LE07_192027_20090205,2009-02-05,192.0,27.0,41.0,9.0
LE07_192027_20090325,2009-03-25,192.0,27.0,75.0,9.0
LE07_192027_20090410,2009-04-10,192.0,27.0,6.0,9.0
LE07_192027_20090426,2009-04-26,192.0,27.0,90.0,9.0
LE07_192027_20090512,2009-05-12,192.0,27.0,77.0,9.0
LE07_192027_20090613,2009-06-13,192.0,27.0,38.0,9.0
LE07_192027_20090629,2009-06-29,192.0,27.0,86.0,9.0
LE07_192027_20090816,2009-08-16,192.0,27.0,12.0,9.0
LE07_192027_20090901,2009-09-01,192.0,27.0,1.0,9.0
LE07_192027_20091120,2009-11-20,192.0,27.0,21.0,9.0
LE07_192027_20100413,2010-04-13,192.0,27.0,57.0,9.0
LE07_192027_20100429,2010-04-29,192.0,27.0,5.0,9.0
LE07_192027_20100920,2010-09-20,192.0,27.0,2.0,9.0
LE07_192027_20101006,2010-10-06,192.0,27.0,49.0,9.0
LE07_192027_20101022,2010-10-22,192.0,27.0,2.0,9.0
LE07_192027_20110315,2011-03-15,192.0,27.0,58.0,9.0
LE07_192027_20110416,2011-04-16,192.0,27.0,45.0,9.0
LE07_192027_20110502,2011-05-02,192.0,27.0,52.0,9.0
LE07_192027_20110518,2011-05-18,192.0,27.0,30.0,9.0
LE07_192027_20110603,2011-06-03,192.0,27.0,74.0,9.0
LE07_192027_20110705,2011-07-05,192.0,27.0,68.0,9.0
LE07_192027_20110721,2011-07-21,192.0,27.0,68.0,9.0
LE07_192027_20110806,2011-08-06,192.0,27.0,37.0,9.0
LE07_192027_20110822,2011-08-22,192.0,27.0,1.0,9.0
LE07_192027_20110923,2011-09-23,192.0,27.0,16.0,9.0
LE07_192027_20111009,2011-10-09,192.0,27.0,77.0,9.0
LE07_192027_20111025,2011-10-25,192.0,27.0,86.0,9.0
LE07_192027_20111110,2011-11-10,192.0,27.0,33.0,9.0
LE07_192027_20111126,2011-11-26,192.0,27.0,43.0,9.0
LE07_192027_20111212,2011-12-12,192.0,27.0,91.0,9.0
LE07_192027_20111228,2011-12-28,192.0,27.0,20.0,9.0
LE07_192027_20120214,2012-02-14,192.0,27.0,79.0,9.0
LE07_192027_20120317,2012-03-17,192.0,27.0,2.0,9.0
LE07_192027_20120402,2012-04-02,192.0,27.0,9.0,9.0
LE07_192027_20120418,2012-04-18,192.0,27.0,73.0,9.0
LE07_192027_20120504,2012-05-04,192.0,27.0,53.0,9.0
LE07_192027_20120520,2012-05-20,192.0,27.0,24.0,9.0
LE07_192027_20120605,2012-06-05,192.0,27.0,68.0,9.0
LE07_192027_20120621,2012-06-21,192.0,27.0,42.0,9.0
LE07_192027_20120707,2012-07-07,192.0,27.0,79.0,9.0
LE07_192027_20120723,2012-07-23,192.0,27.0,26.0,9.0
LE07_192027_20120808,2012-08-08,192.0,27.0,55.0,9.0
LE07_192027_20120824,2012-08-24,192.0,27.0,47.0,9.0
LE07_192027_20120909,2012-09-09,192.0,27.0,1.0,9.0
LE07_192027_20120925,2012-09-25,192.0,27.0,24.0,9.0
LE07_192027_20121011,2012-10-11,192.0,27.0,53.0,9.0
LE07_193022_20000220,2000-02-20,193.0,22.0,79.0,9.0
LE07_193022_20000323,2000-03-23,193.0,22.0,47.0,9.0
LE07_193022_20000408,2000-04-08,193.0,22.0,7.0,9.0
LE07_193022_20000424,2000-04-24,193.0,22.0,8.0,9.0
LE07_193022_20000510,2000-05-10,193.0,22.0,55.0,9.0
LE07_193022_20000526,2000-05-26,193.0,22.0,36.0,9.0
LE07_193022_20000611,2000-06-11,193.0,22.0,30.0,9.0
LE07_193022_20000729,2000-07-29,193.0,22.0,62.0,9.0
LE07_193022_20000814,2000-08-14,193.0,22.0,0.0,9.0
LE07_193022_20000830,2000-08-30,193.0,22.0,13.0,9.0
LE07_193022_20000915,2000-09-15,193.0,22.0,72.0,9.0
LE07_193022_20001001,2000-10-01,193.0,22.0,11.0,9.0
LE07_193022_20001017,2000-10-17,193.0,22.0,86.0,9.0
LE07_193022_20001102,2000-11-02,193.0,22.0,29.0,9.0
LE07_193022_20001118,2000-11-18,193.0,22.0,45.0,9.0
LE07_193022_20010222,2001-02-22,193.0,22.0,15.0,9.0
LE07_193022_20010310,2001-03-10,193.0,22.0,100.0,9.0
LE07_193022_20010326,2001-03-26,193.0,22.0,61.0,9.0
LE07_193022_20010411,2001-04-11,193.0,22.0,72.0,9.0
LE07_193022_20010427,2001-04-27,193.0,22.0,52.0,9.0
LE07_193022_20010513,2001-05-13,193.0,22.0,1.0,9.0
LE07_193022_20010529,2001-05-29,193.0,22.0,54.0,9.0
LE07_193022_20010614,2001-06-14,193.0,22.0,42.0,9.0
LE07_193022_20010630,2001-06-30,193.0,22.0,46.0,9.0
LE07_193022_20010801,2001-08-01,193.0,22.0,29.0,9.0
LE07_193022_20010817,2001-08-17,193.0,22.0,88.0,9.0
LE07_193022_20010902,2001-09-02,193.0,22.0,81.0,9.0
LE07_193022_20011004,2001-10-04,193.0,22.0,69.0,9.0
LE07_193022_20011020,2001-10-20,193.0,22.0,15.0,9.0
LE07_193022_20011105,2001-11-05,193.0,22.0,24.0,9.0
LE07_193022_20020225,2002-02-25,193.0,22.0,15.0,9.0
LE07_193022_20020313,2002-03-13,193.0,22.0,99.0,9.0
LE07_193022_20020329,2002-03-29,193.0,22.0,0.0,9.0
LE07_193022_20020430,2002-04-30,193.0,22.0,35.0,9.0
LE07_193022_20020516,2002-05-16,193.0,22.0,96.0,9.0
LE07_193022_20020601,2002-06-01,193.0,22.0,31.0,9.0
LE07_193022_20020703,2002-07-03,193.0,22.0,98.0,9.0
LE07_193022_20020804,2002-08-04,193.0,22.0,88.0,9.0
LE07_193022_20020820,2002-08-20,193.0,22.0,0.0,9.0
LE07_193022_20020905,2002-09-05,193.0,22.0,40.0,9.0
LE07_193022_20020921,2002-09-21,193.0,22.0,75.0,9.0
LE07_193022_20021007,2002-10-07,193.0,22.0,52.0,9.0
LE07_193022_20021108,2002-11-08,193.0,22.0,80.0,9.0
LE07_193022_20030212,2003-02-12,193.0,22.0,1.0,9.0
LE07_193022_20030316,2003-03-16,193.0,22.0,1.0,9.0
LE07_193022_20030401,2003-04-01,193.0,22.0,96.0,9.0
LE07_193022_20030417,2003-04-17,193.0,22.0,17.0,9.0
LE07_193022_20030924,2003-09-24,193.0,22.0,24.0,4.0
LE07_193022_20031026,2003-10-26,193.0,22.0,25.0,9.0
LE07_193022_20031111,2003-11-11,193.0,22.0,1.0,9.0
LE07_193022_20040318,2004-03-18,193.0,22.0,20.0,9.0
LE07_193022_20040809,2004-08-09,193.0,22.0,1.0,9.0
LE07_193022_20040910,2004-09-10,193.0,22.0,4.0,9.0
LE07_193022_20041113,2004-11-13,193.0,22.0,14.0,9.0
LE07_193022_20050321,2005-03-21,193.0,22.0,4.0,9.0
LE07_193022_20050406,2005-04-06,193.0,22.0,16.0,9.0
LE07_193022_20050609,2005-06-09,193.0,22.0,2.0,9.0
LE07_193022_20050711,2005-07-11,193.0,22.0,3.0,9.0
LE07_193022_20050727,2005-07-27,193.0,22.0,47.0,9.0
LE07_193022_20051015,2005-10-15,193.0,22.0,4.0,9.0
LE07_193022_20051031,2005-10-31,193.0,22.0,0.0,9.0
LE07_193022_20051116,2005-11-16,193.0,22.0,34.0,9.0
LE07_193022_20060324,2006-03-24,193.0,22.0,26.0,9.0
LE07_193022_20060425,2006-04-25,193.0,22.0,55.0,9.0
LE07_193022_20060511,2006-05-11,193.0,22.0,19.0,9.0
LE07_193022_20060527,2006-05-27,193.0,22.0,67.0,9.0
LE07_193022_20060612,2006-06-12,193.0,22.0,1.0,9.0
LE07_193022_20060628,2006-06-28,193.0,22.0,84.0,9.0
LE07_193022_20060714,2006-07-14,193.0,22.0,21.0,9.0
LE07_193022_20061103,2006-11-03,193.0,22.0,8.0,9.0
LE07_193022_20061119,2006-11-19,193.0,22.0,38.0,9.0
LE07_193022_20070327,2007-03-27,193.0,22.0,0.0,9.0
LE07_193022_20070412,2007-04-12,193.0,22.0,0.0,9.0
LE07_193022_20070428,2007-04-28,193.0,22.0,2.0,9.0
LE07_193022_20070818,2007-08-18,193.0,22.0,18.0,9.0
LE07_193022_20070903,2007-09-03,193.0,22.0,73.0,9.0
LE07_193022_20070919,2007-09-19,193.0,22.0,36.0,9.0
LE07_193022_20071021,2007-10-21,193.0,22.0,53.0,9.0
LE07_193022_20080516,2008-05-16,193.0,22.0,1.0,9.0
LE07_193022_20080601,2008-06-01,193.0,22.0,0.0,9.0
LE07_193022_20080617,2008-06-17,193.0,22.0,19.0,9.0
LE07_193022_20080703,2008-07-03,193.0,22.0,0.0,9.0
LE07_193022_20081007,2008-10-07,193.0,22.0,19.0,9.0
LE07_193022_20081023,2008-10-23,193.0,22.0,10.0,9.0
LE07_193022_20090401,2009-04-01,193.0,22.0,98.0,9.0
LE07_193022_20090417,2009-04-17,193.0,22.0,8.0,9.0
LE07_193022_20090519,2009-05-19,193.0,22.0,13.0,9.0
LE07_193022_20090604,2009-06-04,193.0,22.0,57.0,9.0
LE07_193022_20090620,2009-06-20,193.0,22.0,32.0,9.0
LE07_193022_20090807,2009-08-07,193.0,22.0,13.0,9.0
LE07_193022_20090823,2009-08-23,193.0,22.0,5.0,9.0
LE07_193022_20100623,2010-06-23,193.0,22.0,38.0,9.0
LE07_193022_20100810,2010-08-10,193.0,22.0,52.0,9.0
LE07_193022_20100826,2010-08-26,193.0,22.0,93.0,9.0
LE07_193022_20100911,2010-09-11,193.0,22.0,50.0,9.0
LE07_193022_20101013,2010-10-13,193.0,22.0,31.0,9.0
LE07_193022_20101029,2010-10-29,193.0,22.0,100.0,9.0
LE07_193022_20110423,2011-04-23,193.0,22.0,11.0,9.0
LE07_193022_20110509,2011-05-09,193.0,22.0,0.0,9.0
LE07_193022_20110525,2011-05-25,193.0,22.0,30.0,9.0
LE07_193022_20110813,2011-08-13,193.0,22.0,79.0,9.0
LE07_193022_20110930,2011-09-30,193.0,22.0,0.0,9.0
LE07_193022_20111016,2011-10-16,193.0,22.0,0.0,9.0
LE07_193022_20111101,2011-11-01,193.0,22.0,28.0,9.0
LE07_193022_20120324,2012-03-24,193.0,22.0,63.0,9.0
LE07_193022_20120527,2012-05-27,193.0,22.0,22.0,9.0
LE07_193022_20120628,2012-06-28,193.0,22.0,45.0,9.0
LE07_193022_20120730,2012-07-30,193.0,22.0,21.0,9.0
LE07_193022_20120815,2012-08-15,193.0,22.0,48.0,9.0
LE07_193022_20120916,2012-09-16,193.0,22.0,68.0,9.0
LE07_193022_20121018,2012-10-18,193.0,22.0,26.0,9.0
LE07_193023_20000119,2000-01-19,193.0,23.0,24.0,9.0
LE07_193023_20000204,2000-02-04,193.0,23.0,100.0,9.0
LE07_193023_20000220,2000-02-20,193.0,23.0,65.0,9.0
LE07_193023_20000323,2000-03-23,193.0,23.0,64.0,9.0
LE07_193023_20000408,2000-04-08,193.0,23.0,68.0,9.0
LE07_193023_20000424,2000-04-24,193.0,23.0,23.0,9.0
LE07_193023_20000510,2000-05-10,193.0,23.0,33.0,9.0
LE07_193023_20000526,2000-05-26,193.0,23.0,84.0,9.0
LE07_193023_20000611,2000-06-11,193.0,23.0,17.0,9.0
LE07_193023_20000627,2000-06-27,193.0,23.0,87.0,9.0
LE07_193023_20000713,2000-07-13,193.0,23.0,82.0,9.0
LE07_193023_20000814,2000-08-14,193.0,23.0,0.0,9.0
LE07_193023_20000830,2000-08-30,193.0,23.0,12.0,9.0
LE07_193023_20000915,2000-09-15,193.0,23.0,72.0,9.0
LE07_193023_20001001,2000-10-01,193.0,23.0,32.0,9.0
LE07_193023_20001017,2000-10-17,193.0,23.0,80.0,9.0
LE07_193023_20001102,2000-11-02,193.0,23.0,33.0,9.0
LE07_193023_20001118,2000-11-18,193.0,23.0,39.0,9.0
LE07_193023_20010121,2001-01-21,193.0,23.0,84.0,9.0
LE07_193023_20010222,2001-02-22,193.0,23.0,74.0,9.0
LE07_193023_20010310,2001-03-10,193.0,23.0,90.0,9.0
LE07_193023_20010326,2001-03-26,193.0,23.0,2.0,9.0
LE07_193023_20010411,2001-04-11,193.0,23.0,94.0,9.0
LE07_193023_20010427,2001-04-27,193.0,23.0,78.0,9.0
LE07_193023_20010513,2001-05-13,193.0,23.0,3.0,9.0
LE07_193023_20010529,2001-05-29,193.0,23.0,38.0,9.0
LE07_193023_20010614,2001-06-14,193.0,23.0,63.0,9.0
LE07_193023_20010630,2001-06-30,193.0,23.0,36.0,9.0
LE07_193023_20010801,2001-08-01,193.0,23.0,57.0,9.0
LE07_193023_20010817,2001-08-17,193.0,23.0,83.0,9.0
LE07_193023_20010902,2001-09-02,193.0,23.0,84.0,9.0
LE07_193023_20011004,2001-10-04,193.0,23.0,67.0,9.0
LE07_193023_20011020,2001-10-20,193.0,23.0,28.0,9.0
LE07_193023_20011105,2001-11-05,193.0,23.0,23.0,9.0
LE07_193023_20020124,2002-01-24,193.0,23.0,83.0,9.0
LE07_193023_20020209,2002-02-09,193.0,23.0,100.0,9.0
LE07_193023_20020225,2002-02-25,193.0,23.0,79.0,9.0
LE07_193023_20020313,2002-03-13,193.0,23.0,97.0,9.0
LE07_193023_20020329,2002-03-29,193.0,23.0,4.0,9.0
LE07_193023_20020430,2002-04-30,193.0,23.0,55.0,9.0
LE07_193023_20020516,2002-05-16,193.0,23.0,47.0,9.0
LE07_193023_20020601,2002-06-01,193.0,23.0,44.0,9.0
LE07_193023_20020617,2002-06-17,193.0,23.0,78.0,9.0
LE07_193023_20020703,2002-07-03,193.0,23.0,95.0,9.0
LE07_193023_20020804,2002-08-04,193.0,23.0,67.0,9.0
LE07_193023_20020820,2002-08-20,193.0,23.0,0.0,9.0
LE07_193023_20020905,2002-09-05,193.0,23.0,30.0,9.0
LE07_193023_20020921,2002-09-21,193.0,23.0,99.0,9.0
LE07_193023_20021007,2002-10-07,193.0,23.0,48.0,9.0
LE07_193023_20021023,2002-10-23,193.0,23.0,96.0,9.0
LE07_193023_20021108,2002-11-08,193.0,23.0,86.0,9.0
LE07_193023_20021124,2002-11-24,193.0,23.0,91.0,9.0
LE07_193023_20030212,2003-02-12,193.0,23.0,13.0,9.0
LE07_193023_20030228,2003-02-28,193.0,23.0,79.0,9.0
LE07_193023_20030316,2003-03-16,193.0,23.0,9.0,9.0
LE07_193023_20030401,2003-04-01,193.0,23.0,76.0,9.0
LE07_193023_20030417,2003-04-17,193.0,23.0,3.0,9.0
LE07_193023_20030503,2003-05-03,193.0,23.0,90.0,9.0
LE07_193023_20030519,2003-05-19,193.0,23.0,89.0,9.0
LE07_193023_20030807,2003-08-07,193.0,23.0,14.0,9.0
LE07_193023_20031111,2003-11-11,193.0,23.0,4.0,9.0
LE07_193023_20040606,2004-06-06,193.0,23.0,53.0,9.0
LE07_193023_20040622,2004-06-22,193.0,23.0,71.0,9.0
LE07_193023_20040708,2004-07-08,193.0,23.0,98.0,9.0
LE07_193023_20040809,2004-08-09,193.0,23.0,4.0,9.0
LE07_193023_20040910,2004-09-10,193.0,23.0,9.0,9.0
LE07_193023_20041113,2004-11-13,193.0,23.0,16.0,9.0
LE07_193023_20050321,2005-03-21,193.0,23.0,8.0,9.0
LE07_193023_20050406,2005-04-06,193.0,23.0,20.0,9.0
LE07_193023_20050524,2005-05-24,193.0,23.0,41.0,9.0
LE07_193023_20050609,2005-06-09,193.0,23.0,9.0,9.0
LE07_193023_20050625,2005-06-25,193.0,23.0,27.0,9.0
LE07_193023_20050711,2005-07-11,193.0,23.0,8.0,9.0
LE07_193023_20050727,2005-07-27,193.0,23.0,72.0,9.0
LE07_193023_20051015,2005-10-15,193.0,23.0,10.0,9.0
LE07_193023_20051031,2005-10-31,193.0,23.0,0.0,9.0
LE07_193023_20051116,2005-11-16,193.0,23.0,56.0,9.0
LE07_193023_20060324,2006-03-24,193.0,23.0,52.0,9.0
LE07_193023_20060425,2006-04-25,193.0,23.0,19.0,9.0
LE07_193023_20060511,2006-05-11,193.0,23.0,27.0,9.0
LE07_193023_20060612,2006-06-12,193.0,23.0,6.0,9.0
LE07_193023_20060714,2006-07-14,193.0,23.0,22.0,9.0
LE07_193023_20061103,2006-11-03,193.0,23.0,4.0,9.0
LE07_193023_20061119,2006-11-19,193.0,23.0,94.0,9.0
LE07_193023_20070327,2007-03-27,193.0,23.0,0.0,9.0
LE07_193023_20070412,2007-04-12,193.0,23.0,0.0,9.0
LE07_193023_20070428,2007-04-28,193.0,23.0,0.0,9.0
LE07_193023_20070818,2007-08-18,193.0,23.0,26.0,9.0
LE07_193023_20070903,2007-09-03,193.0,23.0,94.0,9.0
LE07_193023_20070919,2007-09-19,193.0,23.0,42.0,9.0
LE07_193023_20080601,2008-06-01,193.0,23.0,2.0,9.0
LE07_193023_20080617,2008-06-17,193.0,23.0,28.0,9.0
LE07_193023_20080703,2008-07-03,193.0,23.0,0.0,9.0
LE07_193023_20080719,2008-07-19,193.0,23.0,80.0,9.0
LE07_193023_20081007,2008-10-07,193.0,23.0,63.0,9.0
LE07_193023_20081023,2008-10-23,193.0,23.0,0.0,9.0
LE07_193023_20081124,2008-11-24,193.0,23.0,53.0,9.0
LE07_193023_20090401,2009-04-01,193.0,23.0,21.0,9.0
LE07_193023_20090417,2009-04-17,193.0,23.0,20.0,9.0
LE07_193023_20090503,2009-05-03,193.0,23.0,17.0,9.0
LE07_193023_20090519,2009-05-19,193.0,23.0,37.0,9.0
LE07_193023_20090620,2009-06-20,193.0,23.0,69.0,9.0
LE07_193023_20090807,2009-08-07,193.0,23.0,25.0,9.0
LE07_193023_20090823,2009-08-23,193.0,23.0,10.0,9.0
LE07_193023_20090908,2009-09-08,193.0,23.0,6.0,9.0
LE07_193023_20090924,2009-09-24,193.0,23.0,41.0,9.0
LE07_193023_20100420,2010-04-20,193.0,23.0,34.0,9.0
LE07_193023_20100709,2010-07-09,193.0,23.0,0.0,9.0
LE07_193023_20100810,2010-08-10,193.0,23.0,28.0,9.0
LE07_193023_20100911,2010-09-11,193.0,23.0,25.0,9.0
LE07_193023_20101013,2010-10-13,193.0,23.0,18.0,9.0
LE07_193023_20110407,2011-04-07,193.0,23.0,82.0,9.0
LE07_193023_20110423,2011-04-23,193.0,23.0,0.0,9.0
LE07_193023_20110509,2011-05-09,193.0,23.0,0.0,9.0
LE07_193023_20110525,2011-05-25,193.0,23.0,48.0,9.0
LE07_193023_20110610,2011-06-10,193.0,23.0,21.0,9.0
LE07_193023_20110829,2011-08-29,193.0,23.0,89.0,9.0
LE07_193023_20110914,2011-09-14,193.0,23.0,54.0,9.0
LE07_193023_20110930,2011-09-30,193.0,23.0,0.0,9.0
LE07_193023_20111016,2011-10-16,193.0,23.0,0.0,9.0
LE07_193023_20111101,2011-11-01,193.0,23.0,8.0,9.0
LE07_193023_20120324,2012-03-24,193.0,23.0,30.0,9.0
LE07_193023_20120527,2012-05-27,193.0,23.0,3.0,9.0
LE07_193023_20120612,2012-06-12,193.0,23.0,67.0,9.0
LE07_193023_20120628,2012-06-28,193.0,23.0,94.0,9.0
LE07_193023_20120730,2012-07-30,193.0,23.0,48.0,9.0
LE07_193023_20120815,2012-08-15,193.0,23.0,51.0,9.0
LE07_193023_20120916,2012-09-16,193.0,23.0,43.0,9.0
LE07_193023_20121002,2012-10-02,193.0,23.0,31.0,9.0
LE07_193023_20121018,2012-10-18,193.0,23.0,5.0,9.0
LE07_193023_20121103,2012-11-03,193.0,23.0,94.0,9.0
LE07_193023_20121119,2012-11-19,193.0,23.0,61.0,9.0
LE07_193024_20000119,2000-01-19,193.0,24.0,17.0,9.0
LE07_193024_20000204,2000-02-04,193.0,24.0,63.0,9.0
LE07_193024_20000220,2000-02-20,193.0,24.0,94.0,9.0
LE07_193024_20000323,2000-03-23,193.0,24.0,6.0,9.0
LE07_193024_20000408,2000-04-08,193.0,24.0,78.0,9.0
LE07_193024_20000424,2000-04-24,193.0,24.0,73.0,9.0
LE07_193024_20000510,2000-05-10,193.0,24.0,17.0,9.0
LE07_193024_20000526,2000-05-26,193.0,24.0,89.0,9.0
LE07_193024_20000611,2000-06-11,193.0,24.0,15.0,9.0
LE07_193024_20000627,2000-06-27,193.0,24.0,89.0,9.0
LE07_193024_20000713,2000-07-13,193.0,24.0,63.0,9.0
LE07_193024_20000814,2000-08-14,193.0,24.0,0.0,9.0
LE07_193024_20000830,2000-08-30,193.0,24.0,2.0,9.0
LE07_193024_20000915,2000-09-15,193.0,24.0,90.0,9.0
LE07_193024_20001001,2000-10-01,193.0,24.0,36.0,9.0
LE07_193024_20001017,2000-10-17,193.0,24.0,66.0,9.0
LE07_193024_20001102,2000-11-02,193.0,24.0,37.0,9.0
LE07_193024_20001118,2000-11-18,193.0,24.0,17.0,9.0
LE07_193024_20001204,2000-12-04,193.0,24.0,73.0,9.0
LE07_193024_20010206,2001-02-06,193.0,24.0,99.0,9.0
LE07_193024_20010222,2001-02-22,193.0,24.0,93.0,9.0
LE07_193024_20010310,2001-03-10,193.0,24.0,84.0,9.0
LE07_193024_20010326,2001-03-26,193.0,24.0,71.0,9.0
LE07_193024_20010411,2001-04-11,193.0,24.0,100.0,9.0
LE07_193024_20010427,2001-04-27,193.0,24.0,100.0,9.0
LE07_193024_20010513,2001-05-13,193.0,24.0,4.0,9.0
LE07_193024_20010529,2001-05-29,193.0,24.0,37.0,9.0
LE07_193024_20010614,2001-06-14,193.0,24.0,23.0,9.0
LE07_193024_20010630,2001-06-30,193.0,24.0,35.0,9.0
LE07_193024_20010801,2001-08-01,193.0,24.0,56.0,9.0
LE07_193024_20010817,2001-08-17,193.0,24.0,88.0,9.0
LE07_193024_20010902,2001-09-02,193.0,24.0,86.0,9.0
LE07_193024_20011004,2001-10-04,193.0,24.0,65.0,9.0
LE07_193024_20011020,2001-10-20,193.0,24.0,19.0,9.0
LE07_193024_20011105,2001-11-05,193.0,24.0,40.0,9.0
LE07_193024_20020124,2002-01-24,193.0,24.0,75.0,9.0
LE07_193024_20020209,2002-02-09,193.0,24.0,100.0,9.0
LE07_193024_20020313,2002-03-13,193.0,24.0,80.0,9.0
LE07_193024_20020329,2002-03-29,193.0,24.0,20.0,9.0
LE07_193024_20020430,2002-04-30,193.0,24.0,65.0,9.0
LE07_193024_20020516,2002-05-16,193.0,24.0,3.0,9.0
LE07_193024_20020601,2002-06-01,193.0,24.0,54.0,9.0
LE07_193024_20020617,2002-06-17,193.0,24.0,30.0,9.0
LE07_193024_20020703,2002-07-03,193.0,24.0,92.0,9.0
LE07_193024_20020804,2002-08-04,193.0,24.0,85.0,9.0
LE07_193024_20020820,2002-08-20,193.0,24.0,0.0,9.0
LE07_193024_20020905,2002-09-05,193.0,24.0,67.0,9.0
LE07_193024_20020921,2002-09-21,193.0,24.0,100.0,9.0
LE07_193024_20021007,2002-10-07,193.0,24.0,86.0,9.0
LE07_193024_20021023,2002-10-23,193.0,24.0,68.0,9.0
LE07_193024_20021108,2002-11-08,193.0,24.0,75.0,9.0
LE07_193024_20021124,2002-11-24,193.0,24.0,77.0,9.0
LE07_193024_20030212,2003-02-12,193.0,24.0,3.0,9.0
LE07_193024_20030228,2003-02-28,193.0,24.0,46.0,9.0
LE07_193024_20030316,2003-03-16,193.0,24.0,42.0,9.0
LE07_193024_20030401,2003-04-01,193.0,24.0,36.0,9.0
LE07_193024_20030417,2003-04-17,193.0,24.0,0.0,9.0
LE07_193024_20030519,2003-05-19,193.0,24.0,94.0,9.0
LE07_193024_20030807,2003-08-07,193.0,24.0,3.0,9.0
LE07_193024_20031111,2003-11-11,193.0,24.0,4.0,9.0
LE07_193024_20031127,2003-11-27,193.0,24.0,63.0,9.0
LE07_193024_20040606,2004-06-06,193.0,24.0,58.0,9.0
LE07_193024_20040622,2004-06-22,193.0,24.0,79.0,9.0
LE07_193024_20040708,2004-07-08,193.0,24.0,97.0,9.0
LE07_193024_20040809,2004-08-09,193.0,24.0,1.0,9.0
LE07_193024_20040910,2004-09-10,193.0,24.0,19.0,9.0
LE07_193024_20041113,2004-11-13,193.0,24.0,38.0,9.0
LE07_193024_20050321,2005-03-21,193.0,24.0,40.0,9.0
LE07_193024_20050406,2005-04-06,193.0,24.0,39.0,9.0
LE07_193024_20050422,2005-04-22,193.0,24.0,10.0,9.0
LE07_193024_20050524,2005-05-24,193.0,24.0,37.0,9.0
LE07_193024_20050609,2005-06-09,193.0,24.0,25.0,9.0
LE07_193024_20050625,2005-06-25,193.0,24.0,12.0,9.0
LE07_193024_20050711,2005-07-11,193.0,24.0,13.0,9.0
LE07_193024_20051015,2005-10-15,193.0,24.0,6.0,9.0
LE07_193024_20051031,2005-10-31,193.0,24.0,0.0,9.0
LE07_193024_20060409,2006-04-09,193.0,24.0,55.0,9.0
LE07_193024_20060425,2006-04-25,193.0,24.0,0.0,9.0
LE07_193024_20060511,2006-05-11,193.0,24.0,1.0,9.0
LE07_193024_20060612,2006-06-12,193.0,24.0,4.0,9.0
LE07_193024_20061103,2006-11-03,193.0,24.0,19.0,9.0
LE07_193024_20061119,2006-11-19,193.0,24.0,82.0,9.0
LE07_193024_20070327,2007-03-27,193.0,24.0,0.0,9.0
LE07_193024_20070412,2007-04-12,193.0,24.0,3.0,9.0
LE07_193024_20070428,2007-04-28,193.0,24.0,0.0,9.0
LE07_193024_20070818,2007-08-18,193.0,24.0,30.0,9.0
LE07_193024_20080601,2008-06-01,193.0,24.0,26.0,9.0
LE07_193024_20080617,2008-06-17,193.0,24.0,24.0,9.0
LE07_193024_20080703,2008-07-03,193.0,24.0,11.0,9.0
LE07_193024_20081023,2008-10-23,193.0,24.0,2.0,9.0
LE07_193024_20090401,2009-04-01,193.0,24.0,0.0,9.0
LE07_193024_20090417,2009-04-17,193.0,24.0,86.0,9.0
LE07_193024_20090503,2009-05-03,193.0,24.0,7.0,9.0
LE07_193024_20090519,2009-05-19,193.0,24.0,24.0,9.0
LE07_193024_20090620,2009-06-20,193.0,24.0,60.0,9.0
LE07_193024_20090823,2009-08-23,193.0,24.0,7.0,9.0
LE07_193024_20090908,2009-09-08,193.0,24.0,1.0,9.0
LE07_193024_20090924,2009-09-24,193.0,24.0,85.0,9.0
LE07_193024_20100420,2010-04-20,193.0,24.0,21.0,9.0
LE07_193024_20100623,2010-06-23,193.0,24.0,69.0,9.0
LE07_193024_20100709,2010-07-09,193.0,24.0,0.0,9.0
LE07_193024_20100810,2010-08-10,193.0,24.0,37.0,9.0
LE07_193024_20100911,2010-09-11,193.0,24.0,6.0,9.0
LE07_193024_20101013,2010-10-13,193.0,24.0,49.0,9.0
LE07_193024_20110407,2011-04-07,193.0,24.0,33.0,9.0
LE07_193024_20110423,2011-04-23,193.0,24.0,0.0,9.0
LE07_193024_20110509,2011-05-09,193.0,24.0,0.0,9.0
LE07_193024_20110525,2011-05-25,193.0,24.0,29.0,9.0
LE07_193024_20110610,2011-06-10,193.0,24.0,42.0,9.0
LE07_193024_20110829,2011-08-29,193.0,24.0,70.0,9.0
LE07_193024_20110914,2011-09-14,193.0,24.0,23.0,9.0
LE07_193024_20110930,2011-09-30,193.0,24.0,0.0,9.0
LE07_193024_20111016,2011-10-16,193.0,24.0,0.0,9.0
LE07_193024_20111101,2011-11-01,193.0,24.0,10.0,9.0
LE07_193024_20111117,2011-11-17,193.0,24.0,88.0,9.0
LE07_193024_20120324,2012-03-24,193.0,24.0,0.0,9.0
LE07_193024_20120409,2012-04-09,193.0,24.0,56.0,9.0
LE07_193024_20120425,2012-04-25,193.0,24.0,79.0,9.0
LE07_193024_20120527,2012-05-27,193.0,24.0,20.0,9.0
LE07_193024_20120612,2012-06-12,193.0,24.0,47.0,9.0
LE07_193024_20120628,2012-06-28,193.0,24.0,69.0,9.0
LE07_193024_20120730,2012-07-30,193.0,24.0,72.0,9.0
LE07_193024_20120815,2012-08-15,193.0,24.0,20.0,9.0
LE07_193024_20120916,2012-09-16,193.0,24.0,7.0,9.0
LE07_193024_20121002,2012-10-02,193.0,24.0,41.0,9.0
LE07_193024_20121018,2012-10-18,193.0,24.0,43.0,9.0
LE07_193025_20000119,2000-01-19,193.0,25.0,40.0,9.0
LE07_193025_20000204,2000-02-04,193.0,25.0,77.0,9.0
LE07_193025_20000323,2000-03-23,193.0,25.0,2.0,9.0
LE07_193025_20000408,2000-04-08,193.0,25.0,2.0,9.0
LE07_193025_20000510,2000-05-10,193.0,25.0,18.0,9.0
LE07_193025_20000526,2000-05-26,193.0,25.0,48.0,9.0
LE07_193025_20000611,2000-06-11,193.0,25.0,33.0,9.0
LE07_193025_20000627,2000-06-27,193.0,25.0,67.0,9.0
LE07_193025_20000713,2000-07-13,193.0,25.0,62.0,9.0
LE07_193025_20000729,2000-07-29,193.0,25.0,89.0,9.0
LE07_193025_20000814,2000-08-14,193.0,25.0,1.0,9.0
LE07_193025_20000830,2000-08-30,193.0,25.0,57.0,9.0
LE07_193025_20000915,2000-09-15,193.0,25.0,72.0,9.0
LE07_193025_20001001,2000-10-01,193.0,25.0,86.0,9.0
LE07_193025_20001017,2000-10-17,193.0,25.0,64.0,9.0
LE07_193025_20001102,2000-11-02,193.0,25.0,60.0,9.0
LE07_193025_20001118,2000-11-18,193.0,25.0,57.0,9.0
LE07_193025_20001204,2000-12-04,193.0,25.0,83.0,9.0
LE07_193025_20001220,2000-12-20,193.0,25.0,8.0,9.0
LE07_193025_20010206,2001-02-06,193.0,25.0,92.0,9.0
LE07_193025_20010310,2001-03-10,193.0,25.0,89.0,9.0
LE07_193025_20010427,2001-04-27,193.0,25.0,100.0,9.0
LE07_193025_20010513,2001-05-13,193.0,25.0,6.0,9.0
LE07_193025_20010529,2001-05-29,193.0,25.0,69.0,9.0
LE07_193025_20010614,2001-06-14,193.0,25.0,54.0,9.0
LE07_193025_20010630,2001-06-30,193.0,25.0,43.0,9.0
LE07_193025_20010801,2001-08-01,193.0,25.0,58.0,9.0
LE07_193025_20010817,2001-08-17,193.0,25.0,74.0,9.0
LE07_193025_20011004,2001-10-04,193.0,25.0,83.0,9.0
LE07_193025_20011020,2001-10-20,193.0,25.0,49.0,9.0
LE07_193025_20011105,2001-11-05,193.0,25.0,85.0,9.0
LE07_193025_20011223,2001-12-23,193.0,25.0,32.0,9.0
LE07_193025_20020108,2002-01-08,193.0,25.0,83.0,9.0
LE07_193025_20020124,2002-01-24,193.0,25.0,75.0,9.0
LE07_193025_20020313,2002-03-13,193.0,25.0,63.0,9.0
LE07_193025_20020329,2002-03-29,193.0,25.0,9.0,9.0
LE07_193025_20020430,2002-04-30,193.0,25.0,91.0,9.0
LE07_193025_20020516,2002-05-16,193.0,25.0,2.0,9.0
LE07_193025_20020601,2002-06-01,193.0,25.0,38.0,9.0
LE07_193025_20020617,2002-06-17,193.0,25.0,11.0,9.0
LE07_193025_20020703,2002-07-03,193.0,25.0,43.0,9.0
LE07_193025_20020719,2002-07-19,193.0,25.0,82.0,9.0
LE07_193025_20020820,2002-08-20,193.0,25.0,1.0,9.0
LE07_193025_20020905,2002-09-05,193.0,25.0,98.0,9.0
LE07_193025_20020921,2002-09-21,193.0,25.0,85.0,9.0
LE07_193025_20021007,2002-10-07,193.0,25.0,81.0,9.0
LE07_193025_20021023,2002-10-23,193.0,25.0,88.0,9.0
LE07_193025_20021108,2002-11-08,193.0,25.0,81.0,9.0
LE07_193025_20021124,2002-11-24,193.0,25.0,68.0,9.0
LE07_193025_20021210,2002-12-10,193.0,25.0,9.0,9.0
LE07_193025_20030111,2003-01-11,193.0,25.0,48.0,9.0
LE07_193025_20030212,2003-02-12,193.0,25.0,0.0,9.0
LE07_193025_20030228,2003-02-28,193.0,25.0,18.0,9.0
LE07_193025_20030316,2003-03-16,193.0,25.0,22.0,9.0
LE07_193025_20030401,2003-04-01,193.0,25.0,3.0,9.0
LE07_193025_20030417,2003-04-17,193.0,25.0,0.0,9.0
LE07_193025_20030519,2003-05-19,193.0,25.0,70.0,9.0
LE07_193025_20030807,2003-08-07,193.0,25.0,0.0,9.0
LE07_193025_20031111,2003-11-11,193.0,25.0,15.0,9.0
LE07_193025_20031127,2003-11-27,193.0,25.0,88.0,9.0
LE07_193025_20040708,2004-07-08,193.0,25.0,84.0,9.0
LE07_193025_20040809,2004-08-09,193.0,25.0,2.0,9.0
LE07_193025_20040910,2004-09-10,193.0,25.0,8.0,9.0
LE07_193025_20050321,2005-03-21,193.0,25.0,2.0,9.0
LE07_193025_20050406,2005-04-06,193.0,25.0,27.0,9.0
LE07_193025_20050422,2005-04-22,193.0,25.0,1.0,9.0
LE07_193025_20050524,2005-05-24,193.0,25.0,40.0,9.0
LE07_193025_20050609,2005-06-09,193.0,25.0,64.0,9.0
LE07_193025_20050625,2005-06-25,193.0,25.0,58.0,9.0
LE07_193025_20051015,2005-10-15,193.0,25.0,3.0,9.0
LE07_193025_20051031,2005-10-31,193.0,25.0,58.0,9.0
LE07_193025_20051202,2005-12-02,193.0,25.0,26.0,9.0
LE07_193025_20060409,2006-04-09,193.0,25.0,91.0,9.0
LE07_193025_20060425,2006-04-25,193.0,25.0,8.0,9.0
LE07_193025_20060511,2006-05-11,193.0,25.0,5.0,9.0
LE07_193025_20060612,2006-06-12,193.0,25.0,0.0,9.0
LE07_193025_20061018,2006-10-18,193.0,25.0,39.0,9.0
LE07_193025_20061103,2006-11-03,193.0,25.0,61.0,9.0
LE07_193025_20061119,2006-11-19,193.0,25.0,93.0,9.0
LE07_193025_20070311,2007-03-11,193.0,25.0,3.0,9.0
LE07_193025_20070327,2007-03-27,193.0,25.0,15.0,9.0
LE07_193025_20070412,2007-04-12,193.0,25.0,0.0,9.0
LE07_193025_20070428,2007-04-28,193.0,25.0,0.0,9.0
LE07_193025_20070818,2007-08-18,193.0,25.0,74.0,9.0
LE07_193025_20080125,2008-01-25,193.0,25.0,3.0,9.0
LE07_193025_20080601,2008-06-01,193.0,25.0,18.0,9.0
LE07_193025_20080617,2008-06-17,193.0,25.0,38.0,9.0
LE07_193025_20080703,2008-07-03,193.0,25.0,45.0,9.0
LE07_193025_20081023,2008-10-23,193.0,25.0,47.0,9.0
LE07_193025_20090401,2009-04-01,193.0,25.0,58.0,9.0
LE07_193025_20090503,2009-05-03,193.0,25.0,3.0,9.0
LE07_193025_20090519,2009-05-19,193.0,25.0,25.0,9.0
LE07_193025_20090620,2009-06-20,193.0,25.0,55.0,9.0
LE07_193025_20090823,2009-08-23,193.0,25.0,13.0,9.0
LE07_193025_20090908,2009-09-08,193.0,25.0,0.0,9.0
LE07_193025_20100420,2010-04-20,193.0,25.0,36.0,9.0
LE07_193025_20100623,2010-06-23,193.0,25.0,78.0,9.0
LE07_193025_20100709,2010-07-09,193.0,25.0,0.0,9.0
LE07_193025_20100725,2010-07-25,193.0,25.0,51.0,9.0
LE07_193025_20100810,2010-08-10,193.0,25.0,48.0,9.0
LE07_193025_20100911,2010-09-11,193.0,25.0,10.0,9.0
LE07_193025_20101013,2010-10-13,193.0,25.0,27.0,9.0
LE07_193025_20110407,2011-04-07,193.0,25.0,11.0,9.0
LE07_193025_20110423,2011-04-23,193.0,25.0,0.0,9.0
LE07_193025_20110509,2011-05-09,193.0,25.0,0.0,9.0
LE07_193025_20110525,2011-05-25,193.0,25.0,0.0,9.0
LE07_193025_20110610,2011-06-10,193.0,25.0,86.0,9.0
LE07_193025_20110829,2011-08-29,193.0,25.0,58.0,9.0
LE07_193025_20110914,2011-09-14,193.0,25.0,10.0,9.0
LE07_193025_20110930,2011-09-30,193.0,25.0,0.0,9.0
LE07_193025_20111016,2011-10-16,193.0,25.0,1.0,9.0
LE07_193025_20111101,2011-11-01,193.0,25.0,75.0,9.0
LE07_193025_20111117,2011-11-17,193.0,25.0,59.0,9.0
LE07_193025_20120324,2012-03-24,193.0,25.0,7.0,9.0
LE07_193025_20120409,2012-04-09,193.0,25.0,51.0,9.0
LE07_193025_20120425,2012-04-25,193.0,25.0,63.0,9.0
LE07_193025_20120527,2012-05-27,193.0,25.0,66.0,9.0
LE07_193025_20120628,2012-06-28,193.0,25.0,76.0,9.0
LE07_193025_20120714,2012-07-14,193.0,25.0,69.0,9.0
LE07_193025_20120730,2012-07-30,193.0,25.0,70.0,9.0
LE07_193025_20120815,2012-08-15,193.0,25.0,4.0,9.0
LE07_193025_20120916,2012-09-16,193.0,25.0,7.0,9.0
LE07_193025_20121002,2012-10-02,193.0,25.0,37.0,9.0
LE07_193025_20121018,2012-10-18,193.0,25.0,77.0,9.0
LE07_193025_20121119,2012-11-19,193.0,25.0,42.0,9.0
LE07_193026_20000103,2000-01-03,193.0,26.0,87.0,9.0
LE07_193026_20000119,2000-01-19,193.0,26.0,18.0,9.0
LE07_193026_20000204,2000-02-04,193.0,26.0,60.0,9.0
LE07_193026_20000307,2000-03-07,193.0,26.0,44.0,9.0
LE07_193026_20000323,2000-03-23,193.0,26.0,21.0,9.0
LE07_193026_20000408,2000-04-08,193.0,26.0,65.0,9.0
LE07_193026_20000510,2000-05-10,193.0,26.0,5.0,9.0
LE07_193026_20000526,2000-05-26,193.0,26.0,50.0,9.0
LE07_193026_20000611,2000-06-11,193.0,26.0,12.0,9.0
LE07_193026_20000627,2000-06-27,193.0,26.0,29.0,9.0
LE07_193026_20000713,2000-07-13,193.0,26.0,77.0,9.0
LE07_193026_20000729,2000-07-29,193.0,26.0,68.0,9.0
LE07_193026_20000814,2000-08-14,193.0,26.0,1.0,9.0
LE07_193026_20000830,2000-08-30,193.0,26.0,28.0,9.0
LE07_193026_20000915,2000-09-15,193.0,26.0,64.0,9.0
LE07_193026_20001001,2000-10-01,193.0,26.0,98.0,9.0
LE07_193026_20001017,2000-10-17,193.0,26.0,93.0,9.0
LE07_193026_20001102,2000-11-02,193.0,26.0,35.0,9.0
LE07_193026_20001118,2000-11-18,193.0,26.0,58.0,9.0
LE07_193026_20001204,2000-12-04,193.0,26.0,100.0,9.0
LE07_193026_20001220,2000-12-20,193.0,26.0,24.0,9.0
LE07_193026_20010121,2001-01-21,193.0,26.0,81.0,9.0
LE07_193026_20010206,2001-02-06,193.0,26.0,48.0,9.0
LE07_193026_20010222,2001-02-22,193.0,26.0,77.0,9.0
LE07_193026_20010310,2001-03-10,193.0,26.0,92.0,9.0
LE07_193026_20010427,2001-04-27,193.0,26.0,99.0,9.0
LE07_193026_20010513,2001-05-13,193.0,26.0,1.0,9.0
LE07_193026_20010529,2001-05-29,193.0,26.0,32.0,9.0
LE07_193026_20010614,2001-06-14,193.0,26.0,74.0,9.0
LE07_193026_20010630,2001-06-30,193.0,26.0,29.0,9.0
LE07_193026_20010801,2001-08-01,193.0,26.0,38.0,9.0
LE07_193026_20010817,2001-08-17,193.0,26.0,59.0,9.0
LE07_193026_20010902,2001-09-02,193.0,26.0,85.0,9.0
LE07_193026_20010918,2001-09-18,193.0,26.0,88.0,9.0
LE07_193026_20011004,2001-10-04,193.0,26.0,82.0,9.0
LE07_193026_20011020,2001-10-20,193.0,26.0,87.0,9.0
LE07_193026_20011105,2001-11-05,193.0,26.0,89.0,9.0
LE07_193026_20011121,2001-11-21,193.0,26.0,93.0,9.0
LE07_193026_20011223,2001-12-23,193.0,26.0,48.0,9.0
LE07_193026_20020124,2002-01-24,193.0,26.0,81.0,9.0
LE07_193026_20020209,2002-02-09,193.0,26.0,100.0,9.0
LE07_193026_20020313,2002-03-13,193.0,26.0,22.0,9.0
LE07_193026_20020329,2002-03-29,193.0,26.0,0.0,9.0
LE07_193026_20020430,2002-04-30,193.0,26.0,66.0,9.0
LE07_193026_20020516,2002-05-16,193.0,26.0,12.0,9.0
LE07_193026_20020601,2002-06-01,193.0,26.0,24.0,9.0
LE07_193026_20020617,2002-06-17,193.0,26.0,1.0,9.0
LE07_193026_20020703,2002-07-03,193.0,26.0,9.0,9.0
LE07_193026_20020719,2002-07-19,193.0,26.0,73.0,9.0
LE07_193026_20020804,2002-08-04,193.0,26.0,76.0,9.0
LE07_193026_20020820,2002-08-20,193.0,26.0,9.0,9.0
LE07_193026_20020905,2002-09-05,193.0,26.0,73.0,9.0
LE07_193026_20020921,2002-09-21,193.0,26.0,77.0,9.0
LE07_193026_20021007,2002-10-07,193.0,26.0,85.0,9.0
LE07_193026_20021023,2002-10-23,193.0,26.0,30.0,9.0
LE07_193026_20021124,2002-11-24,193.0,26.0,86.0,9.0
LE07_193026_20021210,2002-12-10,193.0,26.0,15.0,9.0
LE07_193026_20030111,2003-01-11,193.0,26.0,16.0,9.0
LE07_193026_20030212,2003-02-12,193.0,26.0,34.0,9.0
LE07_193026_20030228,2003-02-28,193.0,26.0,21.0,9.0
LE07_193026_20030316,2003-03-16,193.0,26.0,20.0,9.0
LE07_193026_20030401,2003-04-01,193.0,26.0,0.0,9.0
LE07_193026_20030417,2003-04-17,193.0,26.0,0.0,9.0
LE07_193026_20030503,2003-05-03,193.0,26.0,57.0,9.0
LE07_193026_20030519,2003-05-19,193.0,26.0,69.0,9.0
LE07_193026_20030807,2003-08-07,193.0,26.0,0.0,9.0
LE07_193026_20031111,2003-11-11,193.0,26.0,65.0,9.0
LE07_193026_20040318,2004-03-18,193.0,26.0,15.0,9.0
LE07_193026_20040521,2004-05-21,193.0,26.0,86.0,9.0
LE07_193026_20040606,2004-06-06,193.0,26.0,73.0,9.0
LE07_193026_20040708,2004-07-08,193.0,26.0,54.0,9.0
LE07_193026_20040809,2004-08-09,193.0,26.0,2.0,9.0
LE07_193026_20040910,2004-09-10,193.0,26.0,0.0,9.0
LE07_193026_20041215,2004-12-15,193.0,26.0,69.0,9.0
LE07_193026_20050116,2005-01-16,193.0,26.0,9.0,9.0
LE07_193026_20050321,2005-03-21,193.0,26.0,3.0,9.0
LE07_193026_20050422,2005-04-22,193.0,26.0,1.0,9.0
LE07_193026_20050524,2005-05-24,193.0,26.0,36.0,9.0
LE07_193026_20050609,2005-06-09,193.0,26.0,69.0,9.0
LE07_193026_20050625,2005-06-25,193.0,26.0,20.0,9.0
LE07_193026_20051015,2005-10-15,193.0,26.0,20.0,9.0
LE07_193026_20051031,2005-10-31,193.0,26.0,96.0,9.0
LE07_193026_20051202,2005-12-02,193.0,26.0,14.0,9.0
LE07_193026_20060425,2006-04-25,193.0,26.0,42.0,9.0
LE07_193026_20060511,2006-05-11,193.0,26.0,3.0,9.0
LE07_193026_20060612,2006-06-12,193.0,26.0,0.0,9.0
LE07_193026_20061018,2006-10-18,193.0,26.0,69.0,9.0
LE07_193026_20061103,2006-11-03,193.0,26.0,39.0,9.0
LE07_193026_20061119,2006-11-19,193.0,26.0,72.0,9.0
LE07_193026_20061221,2006-12-21,193.0,26.0,84.0,9.0
LE07_193026_20070311,2007-03-11,193.0,26.0,7.0,9.0
LE07_193026_20070327,2007-03-27,193.0,26.0,26.0,9.0
LE07_193026_20070412,2007-04-12,193.0,26.0,0.0,9.0
LE07_193026_20070428,2007-04-28,193.0,26.0,0.0,9.0
LE07_193026_20080125,2008-01-25,193.0,26.0,35.0,9.0
LE07_193026_20080210,2008-02-10,193.0,26.0,12.0,9.0
LE07_193026_20080226,2008-02-26,193.0,26.0,8.0,9.0
LE07_193026_20080601,2008-06-01,193.0,26.0,2.0,9.0
LE07_193026_20080703,2008-07-03,193.0,26.0,8.0,9.0
LE07_193026_20081023,2008-10-23,193.0,26.0,61.0,9.0
LE07_193026_20081226,2008-12-26,193.0,26.0,16.0,9.0
LE07_193026_20090111,2009-01-11,193.0,26.0,12.0,9.0
LE07_193026_20090401,2009-04-01,193.0,26.0,63.0,9.0
LE07_193026_20090503,2009-05-03,193.0,26.0,3.0,9.0
LE07_193026_20090519,2009-05-19,193.0,26.0,18.0,9.0
LE07_193026_20090604,2009-06-04,193.0,26.0,80.0,9.0
LE07_193026_20090620,2009-06-20,193.0,26.0,83.0,9.0
LE07_193026_20090807,2009-08-07,193.0,26.0,12.0,9.0
LE07_193026_20090823,2009-08-23,193.0,26.0,20.0,9.0
LE07_193026_20090908,2009-09-08,193.0,26.0,0.0,9.0
LE07_193026_20100303,2010-03-03,193.0,26.0,60.0,9.0
LE07_193026_20100420,2010-04-20,193.0,26.0,35.0,9.0
LE07_193026_20100522,2010-05-22,193.0,26.0,71.0,9.0
LE07_193026_20100607,2010-06-07,193.0,26.0,68.0,9.0
LE07_193026_20100623,2010-06-23,193.0,26.0,69.0,9.0
LE07_193026_20100709,2010-07-09,193.0,26.0,0.0,9.0
LE07_193026_20100725,2010-07-25,193.0,26.0,38.0,9.0
LE07_193026_20100810,2010-08-10,193.0,26.0,28.0,9.0
LE07_193026_20100911,2010-09-11,193.0,26.0,12.0,9.0
LE07_193026_20101013,2010-10-13,193.0,26.0,31.0,9.0
LE07_193026_20110117,2011-01-17,193.0,26.0,33.0,9.0
LE07_193026_20110322,2011-03-22,193.0,26.0,3.0,9.0
LE07_193026_20110407,2011-04-07,193.0,26.0,0.0,9.0
LE07_193026_20110829,2011-08-29,193.0,26.0,33.0,9.0
LE07_193026_20110914,2011-09-14,193.0,26.0,48.0,9.0
LE07_193026_20110930,2011-09-30,193.0,26.0,0.0,9.0
LE07_193026_20111016,2011-10-16,193.0,26.0,2.0,9.0
LE07_193026_20111101,2011-11-01,193.0,26.0,98.0,9.0
LE07_193026_20111117,2011-11-17,193.0,26.0,65.0,9.0
LE07_193026_20111219,2011-12-19,193.0,26.0,25.0,9.0
LE07_193026_20120205,2012-02-05,193.0,26.0,1.0,9.0
LE07_193026_20120221,2012-02-21,193.0,26.0,29.0,9.0
LE07_193026_20120324,2012-03-24,193.0,26.0,11.0,9.0
LE07_193026_20120409,2012-04-09,193.0,26.0,86.0,9.0
LE07_193026_20120425,2012-04-25,193.0,26.0,16.0,9.0
LE07_193026_20120527,2012-05-27,193.0,26.0,63.0,9.0
LE07_193026_20120628,2012-06-28,193.0,26.0,30.0,9.0
LE07_193026_20120714,2012-07-14,193.0,26.0,78.0,9.0
LE07_193026_20120730,2012-07-30,193.0,26.0,54.0,9.0
LE07_193026_20120815,2012-08-15,193.0,26.0,49.0,9.0
LE07_193026_20120916,2012-09-16,193.0,26.0,5.0,9.0
LE07_193026_20121002,2012-10-02,193.0,26.0,50.0,9.0
LE07_193026_20121018,2012-10-18,193.0,26.0,61.0,9.0
LE07_193026_20121103,2012-11-03,193.0,26.0,81.0,9.0
LE07_193026_20121119,2012-11-19,193.0,26.0,74.0,9.0
LE07_193027_20000103,2000-01-03,193.0,27.0,7.0,9.0
LE07_193027_20000119,2000-01-19,193.0,27.0,37.0,9.0
LE07_193027_20000204,2000-02-04,193.0,27.0,2.0,9.0
LE07_193027_20000220,2000-02-20,193.0,27.0,91.0,9.0
LE07_193027_20000307,2000-03-07,193.0,27.0,1.0,9.0
LE07_193027_20000323,2000-03-23,193.0,27.0,10.0,9.0
LE07_193027_20000408,2000-04-08,193.0,27.0,6.0,9.0
LE07_193027_20000510,2000-05-10,193.0,27.0,16.0,9.0
LE07_193027_20000526,2000-05-26,193.0,27.0,60.0,9.0
LE07_193027_20000611,2000-06-11,193.0,27.0,77.0,9.0
LE07_193027_20000627,2000-06-27,193.0,27.0,8.0,9.0
LE07_193027_20000713,2000-07-13,193.0,27.0,85.0,9.0
LE07_193027_20000729,2000-07-29,193.0,27.0,80.0,9.0
LE07_193027_20000814,2000-08-14,193.0,27.0,10.0,9.0
LE07_193027_20000830,2000-08-30,193.0,27.0,28.0,9.0
LE07_193027_20000915,2000-09-15,193.0,27.0,28.0,9.0
LE07_193027_20001001,2000-10-01,193.0,27.0,98.0,9.0
LE07_193027_20001102,2000-11-02,193.0,27.0,21.0,9.0
LE07_193027_20001118,2000-11-18,193.0,27.0,78.0,9.0
LE07_193027_20001204,2000-12-04,193.0,27.0,47.0,9.0
LE07_193027_20001220,2000-12-20,193.0,27.0,3.0,9.0
LE07_193027_20010105,2001-01-05,193.0,27.0,95.0,9.0
LE07_193027_20010121,2001-01-21,193.0,27.0,44.0,9.0
LE07_193027_20010206,2001-02-06,193.0,27.0,34.0,9.0
LE07_193027_20010310,2001-03-10,193.0,27.0,97.0,9.0
LE07_193027_20010326,2001-03-26,193.0,27.0,90.0,9.0
LE07_193027_20010427,2001-04-27,193.0,27.0,55.0,9.0
LE07_193027_20010513,2001-05-13,193.0,27.0,6.0,9.0
LE07_193027_20010529,2001-05-29,193.0,27.0,10.0,9.0
LE07_193027_20010614,2001-06-14,193.0,27.0,73.0,9.0
LE07_193027_20010630,2001-06-30,193.0,27.0,15.0,9.0
LE07_193027_20010716,2001-07-16,193.0,27.0,98.0,9.0
LE07_193027_20010801,2001-08-01,193.0,27.0,15.0,9.0
LE07_193027_20010817,2001-08-17,193.0,27.0,67.0,9.0
LE07_193027_20010902,2001-09-02,193.0,27.0,94.0,9.0
LE07_193027_20010918,2001-09-18,193.0,27.0,63.0,9.0
LE07_193027_20011020,2001-10-20,193.0,27.0,30.0,9.0
LE07_193027_20011105,2001-11-05,193.0,27.0,68.0,9.0
LE07_193027_20011121,2001-11-21,193.0,27.0,35.0,9.0
LE07_193027_20011223,2001-12-23,193.0,27.0,64.0,9.0
LE07_193027_20020108,2002-01-08,193.0,27.0,17.0,9.0
LE07_193027_20020124,2002-01-24,193.0,27.0,94.0,9.0
LE07_193027_20020209,2002-02-09,193.0,27.0,78.0,9.0
LE07_193027_20020225,2002-02-25,193.0,27.0,83.0,9.0
LE07_193027_20020313,2002-03-13,193.0,27.0,2.0,9.0
LE07_193027_20020329,2002-03-29,193.0,27.0,2.0,9.0
LE07_193027_20020430,2002-04-30,193.0,27.0,35.0,9.0
LE07_193027_20020516,2002-05-16,193.0,27.0,6.0,9.0
LE07_193027_20020601,2002-06-01,193.0,27.0,9.0,9.0
LE07_193027_20020617,2002-06-17,193.0,27.0,5.0,9.0
LE07_193027_20020703,2002-07-03,193.0,27.0,38.0,9.0
LE07_193027_20020719,2002-07-19,193.0,27.0,35.0,9.0
LE07_193027_20020804,2002-08-04,193.0,27.0,31.0,9.0
LE07_193027_20020820,2002-08-20,193.0,27.0,21.0,9.0
LE07_193027_20020905,2002-09-05,193.0,27.0,44.0,9.0
LE07_193027_20020921,2002-09-21,193.0,27.0,83.0,9.0
LE07_193027_20021007,2002-10-07,193.0,27.0,68.0,9.0
LE07_193027_20021023,2002-10-23,193.0,27.0,51.0,9.0
LE07_193027_20021108,2002-11-08,193.0,27.0,66.0,9.0
LE07_193027_20021124,2002-11-24,193.0,27.0,89.0,9.0
LE07_193027_20021210,2002-12-10,193.0,27.0,25.0,9.0
LE07_193027_20021226,2002-12-26,193.0,27.0,47.0,9.0
LE07_193027_20030111,2003-01-11,193.0,27.0,11.0,9.0
LE07_193027_20030127,2003-01-27,193.0,27.0,96.0,9.0
LE07_193027_20030212,2003-02-12,193.0,27.0,40.0,9.0
LE07_193027_20030228,2003-02-28,193.0,27.0,39.0,9.0
LE07_193027_20030316,2003-03-16,193.0,27.0,18.0,9.0
LE07_193027_20030401,2003-04-01,193.0,27.0,5.0,9.0
LE07_193027_20030417,2003-04-17,193.0,27.0,8.0,9.0
LE07_193027_20030503,2003-05-03,193.0,27.0,55.0,9.0
LE07_193027_20030519,2003-05-19,193.0,27.0,16.0,9.0
LE07_193027_20030722,2003-07-22,193.0,27.0,7.0,9.0
LE07_193027_20031111,2003-11-11,193.0,27.0,40.0,9.0
LE07_193027_20031127,2003-11-27,193.0,27.0,74.0,9.0
LE07_193027_20031213,2003-12-13,193.0,27.0,84.0,9.0
LE07_193027_20040318,2004-03-18,193.0,27.0,6.0,9.0
LE07_193027_20040708,2004-07-08,193.0,27.0,82.0,9.0
LE07_193027_20040809,2004-08-09,193.0,27.0,19.0,9.0
LE07_193027_20040910,2004-09-10,193.0,27.0,1.0,9.0
LE07_193027_20041215,2004-12-15,193.0,27.0,9.0,9.0
LE07_193027_20050116,2005-01-16,193.0,27.0,3.0,9.0
LE07_193027_20050422,2005-04-22,193.0,27.0,3.0,9.0
LE07_193027_20050524,2005-05-24,193.0,27.0,73.0,9.0
LE07_193027_20050609,2005-06-09,193.0,27.0,78.0,9.0
LE07_193027_20050625,2005-06-25,193.0,27.0,20.0,9.0
LE07_193027_20050727,2005-07-27,193.0,27.0,16.0,9.0
LE07_193027_20050812,2005-08-12,193.0,27.0,7.0,9.0
LE07_193027_20051015,2005-10-15,193.0,27.0,10.0,9.0
LE07_193027_20051031,2005-10-31,193.0,27.0,14.0,9.0
LE07_193027_20051202,2005-12-02,193.0,27.0,2.0,9.0
LE07_193027_20060204,2006-02-04,193.0,27.0,40.0,9.0
LE07_193027_20060511,2006-05-11,193.0,27.0,16.0,9.0
LE07_193027_20060612,2006-06-12,193.0,27.0,7.0,9.0
LE07_193027_20061018,2006-10-18,193.0,27.0,55.0,9.0
LE07_193027_20061103,2006-11-03,193.0,27.0,87.0,9.0
LE07_193027_20061119,2006-11-19,193.0,27.0,23.0,9.0
LE07_193027_20061221,2006-12-21,193.0,27.0,4.0,9.0
LE07_193027_20070223,2007-02-23,193.0,27.0,76.0,9.0
LE07_193027_20070311,2007-03-11,193.0,27.0,24.0,9.0
LE07_193027_20070327,2007-03-27,193.0,27.0,24.0,9.0
LE07_193027_20070412,2007-04-12,193.0,27.0,6.0,9.0
LE07_193027_20070428,2007-04-28,193.0,27.0,18.0,9.0
LE07_193027_20071224,2007-12-24,193.0,27.0,14.0,9.0
LE07_193027_20080210,2008-02-10,193.0,27.0,3.0,9.0
LE07_193027_20080226,2008-02-26,193.0,27.0,1.0,9.0
LE07_193027_20081023,2008-10-23,193.0,27.0,72.0,9.0
LE07_193027_20081226,2008-12-26,193.0,27.0,2.0,9.0
LE07_193027_20090111,2009-01-11,193.0,27.0,3.0,9.0
LE07_193027_20090228,2009-02-28,193.0,27.0,10.0,9.0
LE07_193027_20090401,2009-04-01,193.0,27.0,50.0,9.0
LE07_193027_20090503,2009-05-03,193.0,27.0,21.0,9.0
LE07_193027_20090519,2009-05-19,193.0,27.0,49.0,9.0
LE07_193027_20090604,2009-06-04,193.0,27.0,63.0,9.0
LE07_193027_20090807,2009-08-07,193.0,27.0,11.0,9.0
LE07_193027_20090823,2009-08-23,193.0,27.0,11.0,9.0
LE07_193027_20090908,2009-09-08,193.0,27.0,1.0,9.0
LE07_193027_20100215,2010-02-15,193.0,27.0,38.0,9.0
LE07_193027_20100420,2010-04-20,193.0,27.0,59.0,9.0
LE07_193027_20100522,2010-05-22,193.0,27.0,47.0,9.0
LE07_193027_20100623,2010-06-23,193.0,27.0,43.0,9.0
LE07_193027_20100709,2010-07-09,193.0,27.0,3.0,9.0
LE07_193027_20100725,2010-07-25,193.0,27.0,66.0,9.0
LE07_193027_20100810,2010-08-10,193.0,27.0,28.0,9.0
LE07_193027_20100826,2010-08-26,193.0,27.0,1.0,9.0
LE07_193027_20100911,2010-09-11,193.0,27.0,7.0,9.0
LE07_193027_20110117,2011-01-17,193.0,27.0,3.0,9.0
LE07_193027_20110202,2011-02-02,193.0,27.0,37.0,9.0
LE07_193027_20110218,2011-02-18,193.0,27.0,71.0,9.0
LE07_193027_20110322,2011-03-22,193.0,27.0,3.0,9.0
LE07_193027_20110407,2011-04-07,193.0,27.0,6.0,9.0
LE07_193027_20110829,2011-08-29,193.0,27.0,10.0,9.0
LE07_193027_20110914,2011-09-14,193.0,27.0,91.0,9.0
LE07_193027_20110930,2011-09-30,193.0,27.0,6.0,9.0
LE07_193027_20111016,2011-10-16,193.0,27.0,15.0,9.0
LE07_193027_20111101,2011-11-01,193.0,27.0,23.0,9.0
LE07_193027_20111117,2011-11-17,193.0,27.0,2.0,9.0
LE07_193027_20111219,2011-12-19,193.0,27.0,16.0,9.0
LE07_193027_20120205,2012-02-05,193.0,27.0,1.0,9.0
LE07_193027_20120221,2012-02-21,193.0,27.0,0.0,9.0
LE07_193027_20120324,2012-03-24,193.0,27.0,12.0,9.0
LE07_193027_20120409,2012-04-09,193.0,27.0,72.0,9.0
LE07_193027_20120425,2012-04-25,193.0,27.0,7.0,9.0
LE07_193027_20120511,2012-05-11,193.0,27.0,19.0,9.0
LE07_193027_20120527,2012-05-27,193.0,27.0,43.0,9.0
LE07_193027_20120628,2012-06-28,193.0,27.0,24.0,9.0
LE07_193027_20120730,2012-07-30,193.0,27.0,88.0,9.0
LE07_193027_20120815,2012-08-15,193.0,27.0,28.0,9.0
LE07_193027_20120916,2012-09-16,193.0,27.0,4.0,9.0
LE07_193027_20121002,2012-10-02,193.0,27.0,59.0,9.0
LE07_193027_20121018,2012-10-18,193.0,27.0,21.0,9.0
LE07_193027_20121103,2012-11-03,193.0,27.0,73.0,9.0
LE07_193027_20121119,2012-11-19,193.0,27.0,29.0,9.0
LE07_194022_20000211,2000-02-11,194.0,22.0,24.0,9.0
LE07_194022_20000227,2000-02-27,194.0,22.0,42.0,9.0
LE07_194022_20000501,2000-05-01,194.0,22.0,28.0,9.0
LE07_194022_20000517,2000-05-17,194.0,22.0,23.0,9.0
LE07_194022_20000602,2000-06-02,194.0,22.0,35.0,9.0
LE07_194022_20000618,2000-06-18,194.0,22.0,72.0,9.0
LE07_194022_20000704,2000-07-04,194.0,22.0,64.0,9.0
LE07_194022_20000805,2000-08-05,194.0,22.0,41.0,9.0
LE07_194022_20000906,2000-09-06,194.0,22.0,95.0,9.0
LE07_194022_20000922,2000-09-22,194.0,22.0,37.0,9.0
LE07_194022_20001024,2000-10-24,194.0,22.0,88.0,9.0
LE07_194022_20001109,2000-11-09,194.0,22.0,82.0,9.0
LE07_194022_20010213,2001-02-13,194.0,22.0,15.0,9.0
LE07_194022_20010301,2001-03-01,194.0,22.0,95.0,9.0
LE07_194022_20010317,2001-03-17,194.0,22.0,74.0,9.0
LE07_194022_20010402,2001-04-02,194.0,22.0,93.0,9.0
LE07_194022_20010504,2001-05-04,194.0,22.0,78.0,9.0
LE07_194022_20010520,2001-05-20,194.0,22.0,37.0,9.0
LE07_194022_20010621,2001-06-21,194.0,22.0,52.0,9.0
LE07_194022_20010707,2001-07-07,194.0,22.0,25.0,9.0
LE07_194022_20010723,2001-07-23,194.0,22.0,33.0,9.0
LE07_194022_20010808,2001-08-08,194.0,22.0,89.0,9.0
LE07_194022_20010824,2001-08-24,194.0,22.0,4.0,9.0
LE07_194022_20011011,2001-10-11,194.0,22.0,56.0,9.0
LE07_194022_20020216,2002-02-16,194.0,22.0,96.0,9.0
LE07_194022_20020304,2002-03-04,194.0,22.0,95.0,9.0
LE07_194022_20020320,2002-03-20,194.0,22.0,74.0,9.0
LE07_194022_20020405,2002-04-05,194.0,22.0,47.0,9.0
LE07_194022_20020421,2002-04-21,194.0,22.0,43.0,9.0
LE07_194022_20020523,2002-05-23,194.0,22.0,57.0,9.0
LE07_194022_20020608,2002-06-08,194.0,22.0,43.0,9.0
LE07_194022_20020624,2002-06-24,194.0,22.0,47.0,9.0
LE07_194022_20020710,2002-07-10,194.0,22.0,38.0,9.0
LE07_194022_20020811,2002-08-11,194.0,22.0,16.0,9.0
LE07_194022_20020827,2002-08-27,194.0,22.0,20.0,9.0
LE07_194022_20020912,2002-09-12,194.0,22.0,19.0,9.0
LE07_194022_20020928,2002-09-28,194.0,22.0,85.0,9.0
LE07_194022_20021030,2002-10-30,194.0,22.0,47.0,9.0
LE07_194022_20030323,2003-03-23,194.0,22.0,0.0,9.0
LE07_194022_20030408,2003-04-08,194.0,22.0,45.0,9.0
LE07_194022_20030424,2003-04-24,194.0,22.0,15.0,9.0
LE07_194022_20030510,2003-05-10,194.0,22.0,7.0,9.0
LE07_194022_20030526,2003-05-26,194.0,22.0,33.0,9.0
LE07_194022_20030814,2003-08-14,194.0,22.0,51.0,9.0
LE07_194022_20031017,2003-10-17,194.0,22.0,60.0,9.0
LE07_194022_20031102,2003-11-02,194.0,22.0,77.0,9.0
LE07_194022_20040325,2004-03-25,194.0,22.0,84.0,9.0
LE07_194022_20040410,2004-04-10,194.0,22.0,14.0,9.0
LE07_194022_20040528,2004-05-28,194.0,22.0,32.0,9.0
LE07_194022_20040613,2004-06-13,194.0,22.0,22.0,9.0
LE07_194022_20040731,2004-07-31,194.0,22.0,28.0,9.0
LE07_194022_20041019,2004-10-19,194.0,22.0,40.0,9.0
LE07_194022_20050328,2005-03-28,194.0,22.0,2.0,9.0
LE07_194022_20050515,2005-05-15,194.0,22.0,95.0,9.0
LE07_194022_20050616,2005-06-16,194.0,22.0,63.0,9.0
LE07_194022_20050819,2005-08-19,194.0,22.0,16.0,9.0
LE07_194022_20050904,2005-09-04,194.0,22.0,32.0,9.0
LE07_194022_20051006,2005-10-06,194.0,22.0,2.0,9.0
LE07_194022_20060705,2006-07-05,194.0,22.0,0.0,9.0
LE07_194022_20060822,2006-08-22,194.0,22.0,59.0,9.0
LE07_194022_20060923,2006-09-23,194.0,22.0,0.0,9.0
LE07_194022_20061009,2006-10-09,194.0,22.0,11.0,9.0
LE07_194022_20061025,2006-10-25,194.0,22.0,39.0,9.0
LE07_194022_20070505,2007-05-05,194.0,22.0,0.0,9.0
LE07_194022_20070606,2007-06-06,194.0,22.0,51.0,9.0
LE07_194022_20070809,2007-08-09,194.0,22.0,52.0,9.0
LE07_194022_20070926,2007-09-26,194.0,22.0,48.0,9.0
LE07_194022_20071028,2007-10-28,194.0,22.0,15.0,9.0
LE07_194022_20080320,2008-03-20,194.0,22.0,28.0,9.0
LE07_194022_20080421,2008-04-21,194.0,22.0,1.0,9.0
LE07_194022_20080507,2008-05-07,194.0,22.0,34.0,9.0
LE07_194022_20080523,2008-05-23,194.0,22.0,17.0,9.0
LE07_194022_20080608,2008-06-08,194.0,22.0,1.0,9.0
LE07_194022_20080624,2008-06-24,194.0,22.0,44.0,9.0
LE07_194022_20080726,2008-07-26,194.0,22.0,0.0,9.0
LE07_194022_20080811,2008-08-11,194.0,22.0,24.0,9.0
LE07_194022_20090424,2009-04-24,194.0,22.0,0.0,9.0
LE07_194022_20090510,2009-05-10,194.0,22.0,5.0,9.0
LE07_194022_20090526,2009-05-26,194.0,22.0,75.0,9.0
LE07_194022_20090627,2009-06-27,194.0,22.0,84.0,9.0
LE07_194022_20090814,2009-08-14,194.0,22.0,19.0,9.0
LE07_194022_20090830,2009-08-30,194.0,22.0,70.0,9.0
LE07_194022_20090915,2009-09-15,194.0,22.0,17.0,9.0
LE07_194022_20091001,2009-10-01,194.0,22.0,34.0,9.0
LE07_194022_20100529,2010-05-29,194.0,22.0,14.0,9.0
LE07_194022_20100614,2010-06-14,194.0,22.0,40.0,9.0
LE07_194022_20100630,2010-06-30,194.0,22.0,54.0,9.0
LE07_194022_20100716,2010-07-16,194.0,22.0,0.0,9.0
LE07_194022_20100902,2010-09-02,194.0,22.0,82.0,9.0
LE07_194022_20100918,2010-09-18,194.0,22.0,44.0,9.0
LE07_194022_20110414,2011-04-14,194.0,22.0,83.0,9.0
LE07_194022_20110430,2011-04-30,194.0,22.0,0.0,9.0
LE07_194022_20110601,2011-06-01,194.0,22.0,16.0,9.0
LE07_194022_20110617,2011-06-17,194.0,22.0,84.0,9.0
LE07_194022_20110719,2011-07-19,194.0,22.0,21.0,9.0
LE07_194022_20110804,2011-08-04,194.0,22.0,24.0,9.0
LE07_194022_20110820,2011-08-20,194.0,22.0,10.0,9.0
LE07_194022_20111007,2011-10-07,194.0,22.0,63.0,9.0
LE07_194022_20111023,2011-10-23,194.0,22.0,0.0,9.0
LE07_194022_20111108,2011-11-08,194.0,22.0,39.0,9.0
LE07_194022_20120331,2012-03-31,194.0,22.0,52.0,9.0
LE07_194022_20120416,2012-04-16,194.0,22.0,4.0,9.0
LE07_194022_20120502,2012-05-02,194.0,22.0,3.0,9.0
LE07_194022_20120518,2012-05-18,194.0,22.0,62.0,9.0
LE07_194022_20120619,2012-06-19,194.0,22.0,44.0,9.0
LE07_194022_20120721,2012-07-21,194.0,22.0,70.0,9.0
LE07_194022_20120822,2012-08-22,194.0,22.0,26.0,9.0
LE07_194022_20120923,2012-09-23,194.0,22.0,17.0,9.0
LE07_194022_20121009,2012-10-09,194.0,22.0,35.0,9.0
LE07_194023_20000211,2000-02-11,194.0,23.0,46.0,9.0
LE07_194023_20000227,2000-02-27,194.0,23.0,3.0,9.0
LE07_194023_20000415,2000-04-15,194.0,23.0,100.0,9.0
LE07_194023_20000501,2000-05-01,194.0,23.0,24.0,9.0
LE07_194023_20000517,2000-05-17,194.0,23.0,19.0,9.0
LE07_194023_20000602,2000-06-02,194.0,23.0,5.0,9.0
LE07_194023_20000618,2000-06-18,194.0,23.0,24.0,9.0
LE07_194023_20000704,2000-07-04,194.0,23.0,67.0,9.0
LE07_194023_20000805,2000-08-05,194.0,23.0,41.0,9.0
LE07_194023_20000906,2000-09-06,194.0,23.0,92.0,9.0
LE07_194023_20000922,2000-09-22,194.0,23.0,7.0,9.0
LE07_194023_20001008,2000-10-08,194.0,23.0,61.0,9.0
LE07_194023_20001024,2000-10-24,194.0,23.0,77.0,9.0
LE07_194023_20001109,2000-11-09,194.0,23.0,84.0,9.0
LE07_194023_20001125,2000-11-25,194.0,23.0,86.0,9.0
LE07_194023_20010213,2001-02-13,194.0,23.0,91.0,9.0
LE07_194023_20010301,2001-03-01,194.0,23.0,66.0,9.0
LE07_194023_20010317,2001-03-17,194.0,23.0,81.0,9.0
LE07_194023_20010402,2001-04-02,194.0,23.0,52.0,9.0
LE07_194023_20010504,2001-05-04,194.0,23.0,73.0,9.0
LE07_194023_20010520,2001-05-20,194.0,23.0,58.0,9.0
LE07_194023_20010621,2001-06-21,194.0,23.0,77.0,9.0
LE07_194023_20010707,2001-07-07,194.0,23.0,74.0,9.0
LE07_194023_20010723,2001-07-23,194.0,23.0,52.0,9.0
LE07_194023_20010808,2001-08-08,194.0,23.0,70.0,9.0
LE07_194023_20010824,2001-08-24,194.0,23.0,65.0,9.0
LE07_194023_20011027,2001-10-27,194.0,23.0,100.0,9.0
LE07_194023_20011128,2001-11-28,194.0,23.0,79.0,9.0
LE07_194023_20020131,2002-01-31,194.0,23.0,31.0,9.0
LE07_194023_20020216,2002-02-16,194.0,23.0,12.0,9.0
LE07_194023_20020405,2002-04-05,194.0,23.0,50.0,9.0
LE07_194023_20020421,2002-04-21,194.0,23.0,7.0,9.0
LE07_194023_20020523,2002-05-23,194.0,23.0,76.0,9.0
LE07_194023_20020624,2002-06-24,194.0,23.0,63.0,9.0
LE07_194023_20020710,2002-07-10,194.0,23.0,27.0,9.0
LE07_194023_20020811,2002-08-11,194.0,23.0,23.0,9.0
LE07_194023_20020827,2002-08-27,194.0,23.0,22.0,9.0
LE07_194023_20020912,2002-09-12,194.0,23.0,8.0,9.0
LE07_194023_20020928,2002-09-28,194.0,23.0,87.0,9.0
LE07_194023_20021030,2002-10-30,194.0,23.0,85.0,9.0
LE07_194023_20030203,2003-02-03,194.0,23.0,89.0,9.0
LE07_194023_20030323,2003-03-23,194.0,23.0,0.0,9.0
LE07_194023_20030408,2003-04-08,194.0,23.0,96.0,9.0
LE07_194023_20030424,2003-04-24,194.0,23.0,23.0,9.0
LE07_194023_20030510,2003-05-10,194.0,23.0,21.0,9.0
LE07_194023_20030526,2003-05-26,194.0,23.0,82.0,9.0
LE07_194023_20030814,2003-08-14,194.0,23.0,77.0,9.0
LE07_194023_20031001,2003-10-01,194.0,23.0,20.0,9.0
LE07_194023_20031017,2003-10-17,194.0,23.0,0.0,9.0
LE07_194023_20040410,2004-04-10,194.0,23.0,70.0,9.0
LE07_194023_20040528,2004-05-28,194.0,23.0,24.0,9.0
LE07_194023_20040613,2004-06-13,194.0,23.0,72.0,9.0
LE07_194023_20040629,2004-06-29,194.0,23.0,79.0,9.0
LE07_194023_20040731,2004-07-31,194.0,23.0,49.0,9.0
LE07_194023_20040917,2004-09-17,194.0,23.0,24.0,9.0
LE07_194023_20050328,2005-03-28,194.0,23.0,21.0,9.0
LE07_194023_20050616,2005-06-16,194.0,23.0,43.0,9.0
LE07_194023_20050819,2005-08-19,194.0,23.0,14.0,9.0
LE07_194023_20050904,2005-09-04,194.0,23.0,0.0,9.0
LE07_194023_20050920,2005-09-20,194.0,23.0,53.0,9.0
LE07_194023_20051006,2005-10-06,194.0,23.0,6.0,9.0
LE07_194023_20060705,2006-07-05,194.0,23.0,0.0,9.0
LE07_194023_20060721,2006-07-21,194.0,23.0,12.0,9.0
LE07_194023_20060923,2006-09-23,194.0,23.0,0.0,9.0
LE07_194023_20061009,2006-10-09,194.0,23.0,2.0,9.0
LE07_194023_20061025,2006-10-25,194.0,23.0,20.0,9.0
LE07_194023_20070505,2007-05-05,194.0,23.0,0.0,9.0
LE07_194023_20070521,2007-05-21,194.0,23.0,0.0,9.0
LE07_194023_20070606,2007-06-06,194.0,23.0,45.0,9.0
LE07_194023_20070622,2007-06-22,194.0,23.0,72.0,9.0
LE07_194023_20070708,2007-07-08,194.0,23.0,47.0,9.0
LE07_194023_20070926,2007-09-26,194.0,23.0,46.0,9.0
LE07_194023_20071028,2007-10-28,194.0,23.0,28.0,9.0
LE07_194023_20080320,2008-03-20,194.0,23.0,61.0,9.0
LE07_194023_20080421,2008-04-21,194.0,23.0,4.0,9.0
LE07_194023_20080507,2008-05-07,194.0,23.0,19.0,9.0
LE07_194023_20080608,2008-06-08,194.0,23.0,0.0,9.0
LE07_194023_20080624,2008-06-24,194.0,23.0,22.0,9.0
LE07_194023_20080726,2008-07-26,194.0,23.0,0.0,9.0
LE07_194023_20080811,2008-08-11,194.0,23.0,69.0,9.0
LE07_194023_20080827,2008-08-27,194.0,23.0,97.0,9.0
LE07_194023_20080912,2008-09-12,194.0,23.0,58.0,9.0
LE07_194023_20090424,2009-04-24,194.0,23.0,0.0,9.0
LE07_194023_20090510,2009-05-10,194.0,23.0,8.0,9.0
LE07_194023_20090526,2009-05-26,194.0,23.0,84.0,9.0
LE07_194023_20090830,2009-08-30,194.0,23.0,56.0,9.0
LE07_194023_20100310,2010-03-10,194.0,23.0,87.0,9.0
LE07_194023_20100529,2010-05-29,194.0,23.0,24.0,9.0
LE07_194023_20100614,2010-06-14,194.0,23.0,72.0,9.0
LE07_194023_20100630,2010-06-30,194.0,23.0,48.0,9.0
LE07_194023_20100716,2010-07-16,194.0,23.0,5.0,9.0
LE07_194023_20100801,2010-08-01,194.0,23.0,46.0,9.0
LE07_194023_20100817,2010-08-17,194.0,23.0,87.0,9.0
LE07_194023_20100918,2010-09-18,194.0,23.0,91.0,9.0
LE07_194023_20110414,2011-04-14,194.0,23.0,73.0,9.0
LE07_194023_20110430,2011-04-30,194.0,23.0,0.0,9.0
LE07_194023_20110617,2011-06-17,194.0,23.0,53.0,9.0
LE07_194023_20110820,2011-08-20,194.0,23.0,2.0,9.0
LE07_194023_20110921,2011-09-21,194.0,23.0,75.0,9.0
LE07_194023_20111023,2011-10-23,194.0,23.0,0.0,9.0
LE07_194023_20111108,2011-11-08,194.0,23.0,59.0,9.0
LE07_194023_20120315,2012-03-15,194.0,23.0,94.0,9.0
LE07_194023_20120416,2012-04-16,194.0,23.0,28.0,9.0
LE07_194023_20120502,2012-05-02,194.0,23.0,1.0,9.0
LE07_194023_20120518,2012-05-18,194.0,23.0,95.0,9.0
LE07_194023_20120619,2012-06-19,194.0,23.0,58.0,9.0
LE07_194023_20120721,2012-07-21,194.0,23.0,78.0,9.0
LE07_194023_20120822,2012-08-22,194.0,23.0,27.0,9.0
LE07_194023_20121009,2012-10-09,194.0,23.0,24.0,9.0
LE07_194023_20121025,2012-10-25,194.0,23.0,100.0,9.0
LE07_194024_20000110,2000-01-10,194.0,24.0,76.0,9.0
LE07_194024_20000211,2000-02-11,194.0,24.0,47.0,9.0
LE07_194024_20000227,2000-02-27,194.0,24.0,1.0,9.0
LE07_194024_20000415,2000-04-15,194.0,24.0,85.0,9.0
LE07_194024_20000501,2000-05-01,194.0,24.0,57.0,9.0
LE07_194024_20000517,2000-05-17,194.0,24.0,20.0,9.0
LE07_194024_20000602,2000-06-02,194.0,24.0,10.0,9.0
LE07_194024_20000618,2000-06-18,194.0,24.0,13.0,9.0
LE07_194024_20000704,2000-07-04,194.0,24.0,84.0,9.0
LE07_194024_20000805,2000-08-05,194.0,24.0,33.0,9.0
LE07_194024_20000821,2000-08-21,194.0,24.0,68.0,9.0
LE07_194024_20000906,2000-09-06,194.0,24.0,60.0,9.0
LE07_194024_20000922,2000-09-22,194.0,24.0,54.0,9.0
LE07_194024_20001008,2000-10-08,194.0,24.0,52.0,9.0
LE07_194024_20001024,2000-10-24,194.0,24.0,54.0,9.0
LE07_194024_20001109,2000-11-09,194.0,24.0,74.0,9.0
LE07_194024_20001125,2000-11-25,194.0,24.0,76.0,9.0
LE07_194024_20010112,2001-01-12,194.0,24.0,71.0,9.0
LE07_194024_20010128,2001-01-28,194.0,24.0,74.0,9.0
LE07_194024_20010213,2001-02-13,194.0,24.0,77.0,9.0
LE07_194024_20010301,2001-03-01,194.0,24.0,55.0,9.0
LE07_194024_20010402,2001-04-02,194.0,24.0,9.0,9.0
LE07_194024_20010504,2001-05-04,194.0,24.0,71.0,9.0
LE07_194024_20010520,2001-05-20,194.0,24.0,38.0,9.0
LE07_194024_20010621,2001-06-21,194.0,24.0,83.0,9.0
LE07_194024_20010707,2001-07-07,194.0,24.0,48.0,9.0
LE07_194024_20010723,2001-07-23,194.0,24.0,28.0,9.0
LE07_194024_20010808,2001-08-08,194.0,24.0,44.0,9.0
LE07_194024_20010824,2001-08-24,194.0,24.0,31.0,9.0
LE07_194024_20010925,2001-09-25,194.0,24.0,84.0,9.0
LE07_194024_20011011,2001-10-11,194.0,24.0,83.0,9.0
LE07_194024_20011027,2001-10-27,194.0,24.0,100.0,9.0
LE07_194024_20011128,2001-11-28,194.0,24.0,88.0,9.0
LE07_194024_20020115,2002-01-15,194.0,24.0,9.0,9.0
LE07_194024_20020131,2002-01-31,194.0,24.0,40.0,9.0
LE07_194024_20020216,2002-02-16,194.0,24.0,0.0,9.0
LE07_194024_20020405,2002-04-05,194.0,24.0,10.0,9.0
LE07_194024_20020421,2002-04-21,194.0,24.0,57.0,9.0
LE07_194024_20020507,2002-05-07,194.0,24.0,71.0,9.0
LE07_194024_20020523,2002-05-23,194.0,24.0,83.0,9.0
LE07_194024_20020624,2002-06-24,194.0,24.0,45.0,9.0
LE07_194024_20020710,2002-07-10,194.0,24.0,49.0,9.0
LE07_194024_20020811,2002-08-11,194.0,24.0,85.0,9.0
LE07_194024_20020827,2002-08-27,194.0,24.0,10.0,9.0
LE07_194024_20020912,2002-09-12,194.0,24.0,0.0,9.0
LE07_194024_20020928,2002-09-28,194.0,24.0,59.0,9.0
LE07_194024_20021014,2002-10-14,194.0,24.0,94.0,9.0
LE07_194024_20021030,2002-10-30,194.0,24.0,36.0,9.0
LE07_194024_20030219,2003-02-19,194.0,24.0,96.0,9.0
LE07_194024_20030323,2003-03-23,194.0,24.0,0.0,9.0
LE07_194024_20030424,2003-04-24,194.0,24.0,6.0,9.0
LE07_194024_20030510,2003-05-10,194.0,24.0,95.0,8.0
LE07_194024_20030526,2003-05-26,194.0,24.0,100.0,9.0
LE07_194024_20030814,2003-08-14,194.0,24.0,88.0,9.0
LE07_194024_20031001,2003-10-01,194.0,24.0,51.0,9.0
LE07_194024_20031017,2003-10-17,194.0,24.0,0.0,9.0
LE07_194024_20040410,2004-04-10,194.0,24.0,60.0,9.0
LE07_194024_20040528,2004-05-28,194.0,24.0,48.0,9.0
LE07_194024_20040629,2004-06-29,194.0,24.0,82.0,9.0
LE07_194024_20040731,2004-07-31,194.0,24.0,49.0,9.0
LE07_194024_20040901,2004-09-01,194.0,24.0,34.0,9.0
LE07_194024_20040917,2004-09-17,194.0,24.0,21.0,9.0
LE07_194024_20041003,2004-10-03,194.0,24.0,21.0,9.0
LE07_194024_20050123,2005-01-23,194.0,24.0,25.0,9.0
LE07_194024_20050616,2005-06-16,194.0,24.0,54.0,9.0
LE07_194024_20050718,2005-07-18,194.0,24.0,4.0,9.0
LE07_194024_20050819,2005-08-19,194.0,24.0,23.0,9.0
LE07_194024_20050904,2005-09-04,194.0,24.0,2.0,9.0
LE07_194024_20050920,2005-09-20,194.0,24.0,0.0,9.0
LE07_194024_20051006,2005-10-06,194.0,24.0,76.0,9.0
LE07_194024_20060619,2006-06-19,194.0,24.0,17.0,9.0
LE07_194024_20060705,2006-07-05,194.0,24.0,2.0,9.0
LE07_194024_20060721,2006-07-21,194.0,24.0,10.0,9.0
LE07_194024_20060923,2006-09-23,194.0,24.0,2.0,9.0
LE07_194024_20061009,2006-10-09,194.0,24.0,31.0,9.0
LE07_194024_20061025,2006-10-25,194.0,24.0,11.0,9.0
LE07_194024_20061110,2006-11-10,194.0,24.0,28.0,9.0
LE07_194024_20070403,2007-04-03,194.0,24.0,66.0,9.0
LE07_194024_20070419,2007-04-19,194.0,24.0,5.0,9.0
LE07_194024_20070521,2007-05-21,194.0,24.0,1.0,9.0
LE07_194024_20070606,2007-06-06,194.0,24.0,50.0,9.0
LE07_194024_20070622,2007-06-22,194.0,24.0,54.0,9.0
LE07_194024_20070708,2007-07-08,194.0,24.0,30.0,9.0
LE07_194024_20070926,2007-09-26,194.0,24.0,53.0,9.0
LE07_194024_20071028,2007-10-28,194.0,24.0,41.0,9.0
LE07_194024_20071129,2007-11-29,194.0,24.0,58.0,9.0
LE07_194024_20080421,2008-04-21,194.0,24.0,44.0,9.0
LE07_194024_20080507,2008-05-07,194.0,24.0,12.0,9.0
LE07_194024_20080608,2008-06-08,194.0,24.0,12.0,9.0
LE07_194024_20080624,2008-06-24,194.0,24.0,10.0,9.0
LE07_194024_20080827,2008-08-27,194.0,24.0,58.0,9.0
LE07_194024_20080912,2008-09-12,194.0,24.0,51.0,9.0
LE07_194024_20080928,2008-09-28,194.0,24.0,6.0,9.0
LE07_194024_20090424,2009-04-24,194.0,24.0,0.0,9.0
LE07_194024_20090510,2009-05-10,194.0,24.0,24.0,9.0
LE07_194024_20090526,2009-05-26,194.0,24.0,74.0,9.0
LE07_194024_20090830,2009-08-30,194.0,24.0,66.0,9.0
LE07_194024_20100310,2010-03-10,194.0,24.0,7.0,9.0
LE07_194024_20100529,2010-05-29,194.0,24.0,61.0,9.0
LE07_194024_20100614,2010-06-14,194.0,24.0,60.0,9.0
LE07_194024_20100630,2010-06-30,194.0,24.0,23.0,9.0
LE07_194024_20100716,2010-07-16,194.0,24.0,12.0,9.0
LE07_194024_20100801,2010-08-01,194.0,24.0,61.0,9.0
LE07_194024_20100918,2010-09-18,194.0,24.0,83.0,9.0
LE07_194024_20101121,2010-11-21,194.0,24.0,67.0,9.0
LE07_194024_20110414,2011-04-14,194.0,24.0,53.0,9.0
LE07_194024_20110430,2011-04-30,194.0,24.0,1.0,9.0
LE07_194024_20110617,2011-06-17,194.0,24.0,22.0,9.0
LE07_194024_20110820,2011-08-20,194.0,24.0,0.0,9.0
LE07_194024_20110921,2011-09-21,194.0,24.0,43.0,9.0
LE07_194024_20111007,2011-10-07,194.0,24.0,74.0,9.0
LE07_194024_20111023,2011-10-23,194.0,24.0,0.0,9.0
LE07_194024_20111108,2011-11-08,194.0,24.0,65.0,9.0
LE07_194024_20111124,2011-11-24,194.0,24.0,87.0,9.0
LE07_194024_20120315,2012-03-15,194.0,24.0,33.0,9.0
LE07_194024_20120416,2012-04-16,194.0,24.0,57.0,9.0
LE07_194024_20120502,2012-05-02,194.0,24.0,3.0,9.0
LE07_194024_20120619,2012-06-19,194.0,24.0,69.0,9.0
LE07_194024_20120721,2012-07-21,194.0,24.0,80.0,9.0
LE07_194024_20120822,2012-08-22,194.0,24.0,21.0,9.0
LE07_194024_20121009,2012-10-09,194.0,24.0,42.0,9.0
LE07_194024_20121126,2012-11-26,194.0,24.0,84.0,9.0
LE07_194025_20000110,2000-01-10,194.0,25.0,92.0,9.0
LE07_194025_20000126,2000-01-26,194.0,25.0,50.0,9.0
LE07_194025_20000211,2000-02-11,194.0,25.0,66.0,9.0
LE07_194025_20000227,2000-02-27,194.0,25.0,1.0,9.0
LE07_194025_20000415,2000-04-15,194.0,25.0,19.0,9.0
LE07_194025_20000501,2000-05-01,194.0,25.0,62.0,9.0
LE07_194025_20000517,2000-05-17,194.0,25.0,32.0,9.0
LE07_194025_20000602,2000-06-02,194.0,25.0,29.0,9.0
LE07_194025_20000618,2000-06-18,194.0,25.0,1.0,9.0
LE07_194025_20000704,2000-07-04,194.0,25.0,99.0,9.0
LE07_194025_20000720,2000-07-20,194.0,25.0,88.0,9.0
LE07_194025_20000805,2000-08-05,194.0,25.0,49.0,9.0
LE07_194025_20000821,2000-08-21,194.0,25.0,68.0,9.0
LE07_194025_20000906,2000-09-06,194.0,25.0,85.0,9.0
LE07_194025_20001008,2000-10-08,194.0,25.0,79.0,9.0
LE07_194025_20001024,2000-10-24,194.0,25.0,39.0,9.0
LE07_194025_20001109,2000-11-09,194.0,25.0,92.0,9.0
LE07_194025_20001125,2000-11-25,194.0,25.0,91.0,9.0
LE07_194025_20001211,2000-12-11,194.0,25.0,70.0,9.0
LE07_194025_20001227,2000-12-27,194.0,25.0,83.0,9.0
LE07_194025_20010112,2001-01-12,194.0,25.0,27.0,9.0
LE07_194025_20010128,2001-01-28,194.0,25.0,35.0,9.0
LE07_194025_20010213,2001-02-13,194.0,25.0,76.0,9.0
LE07_194025_20010301,2001-03-01,194.0,25.0,79.0,9.0
LE07_194025_20010402,2001-04-02,194.0,25.0,16.0,9.0
LE07_194025_20010504,2001-05-04,194.0,25.0,59.0,9.0
LE07_194025_20010520,2001-05-20,194.0,25.0,32.0,9.0
LE07_194025_20010621,2001-06-21,194.0,25.0,72.0,9.0
LE07_194025_20010707,2001-07-07,194.0,25.0,46.0,9.0
LE07_194025_20010723,2001-07-23,194.0,25.0,8.0,9.0
LE07_194025_20010808,2001-08-08,194.0,25.0,65.0,9.0
LE07_194025_20010824,2001-08-24,194.0,25.0,27.0,9.0
LE07_194025_20010925,2001-09-25,194.0,25.0,100.0,9.0
LE07_194025_20011011,2001-10-11,194.0,25.0,46.0,9.0
LE07_194025_20011027,2001-10-27,194.0,25.0,100.0,9.0
LE07_194025_20011214,2001-12-14,194.0,25.0,18.0,9.0
LE07_194025_20011230,2001-12-30,194.0,25.0,66.0,9.0
LE07_194025_20020115,2002-01-15,194.0,25.0,75.0,9.0
LE07_194025_20020131,2002-01-31,194.0,25.0,69.0,9.0
LE07_194025_20020216,2002-02-16,194.0,25.0,0.0,9.0
LE07_194025_20020304,2002-03-04,194.0,25.0,90.0,9.0
LE07_194025_20020405,2002-04-05,194.0,25.0,1.0,9.0
LE07_194025_20020421,2002-04-21,194.0,25.0,45.0,9.0
LE07_194025_20020507,2002-05-07,194.0,25.0,39.0,9.0
LE07_194025_20020523,2002-05-23,194.0,25.0,87.0,9.0
LE07_194025_20020608,2002-06-08,194.0,25.0,82.0,9.0
LE07_194025_20020624,2002-06-24,194.0,25.0,69.0,9.0
LE07_194025_20020710,2002-07-10,194.0,25.0,87.0,9.0
LE07_194025_20020827,2002-08-27,194.0,25.0,37.0,9.0
LE07_194025_20020912,2002-09-12,194.0,25.0,2.0,9.0
LE07_194025_20020928,2002-09-28,194.0,25.0,43.0,9.0
LE07_194025_20021014,2002-10-14,194.0,25.0,79.0,9.0
LE07_194025_20021030,2002-10-30,194.0,25.0,96.0,9.0
LE07_194025_20030118,2003-01-18,194.0,25.0,76.0,9.0
LE07_194025_20030219,2003-02-19,194.0,25.0,33.0,9.0
LE07_194025_20030307,2003-03-07,194.0,25.0,64.0,9.0
LE07_194025_20030323,2003-03-23,194.0,25.0,0.0,9.0
LE07_194025_20030408,2003-04-08,194.0,25.0,43.0,9.0
LE07_194025_20030424,2003-04-24,194.0,25.0,16.0,9.0
LE07_194025_20030510,2003-05-10,194.0,25.0,100.0,9.0
LE07_194025_20031001,2003-10-01,194.0,25.0,100.0,9.0
LE07_194025_20031017,2003-10-17,194.0,25.0,1.0,9.0
LE07_194025_20040410,2004-04-10,194.0,25.0,47.0,9.0
LE07_194025_20040528,2004-05-28,194.0,25.0,60.0,9.0
LE07_194025_20040629,2004-06-29,194.0,25.0,62.0,9.0
LE07_194025_20040901,2004-09-01,194.0,25.0,11.0,9.0
LE07_194025_20040917,2004-09-17,194.0,25.0,12.0,9.0
LE07_194025_20041003,2004-10-03,194.0,25.0,55.0,9.0
LE07_194025_20050123,2005-01-23,194.0,25.0,41.0,9.0
LE07_194025_20050616,2005-06-16,194.0,25.0,70.0,9.0
LE07_194025_20050718,2005-07-18,194.0,25.0,0.0,9.0
LE07_194025_20050819,2005-08-19,194.0,25.0,8.0,9.0
LE07_194025_20050904,2005-09-04,194.0,25.0,7.0,9.0
LE07_194025_20050920,2005-09-20,194.0,25.0,0.0,9.0
LE07_194025_20051006,2005-10-06,194.0,25.0,13.0,9.0
LE07_194025_20060619,2006-06-19,194.0,25.0,14.0,9.0
LE07_194025_20060705,2006-07-05,194.0,25.0,7.0,9.0
LE07_194025_20060721,2006-07-21,194.0,25.0,12.0,9.0
LE07_194025_20060923,2006-09-23,194.0,25.0,10.0,9.0
LE07_194025_20061009,2006-10-09,194.0,25.0,28.0,9.0
LE07_194025_20061110,2006-11-10,194.0,25.0,48.0,9.0
LE07_194025_20070403,2007-04-03,194.0,25.0,53.0,9.0
LE07_194025_20070419,2007-04-19,194.0,25.0,2.0,9.0
LE07_194025_20070521,2007-05-21,194.0,25.0,2.0,9.0
LE07_194025_20070606,2007-06-06,194.0,25.0,46.0,9.0
LE07_194025_20070622,2007-06-22,194.0,25.0,59.0,9.0
LE07_194025_20070708,2007-07-08,194.0,25.0,37.0,9.0
LE07_194025_20071028,2007-10-28,194.0,25.0,50.0,9.0
LE07_194025_20080507,2008-05-07,194.0,25.0,18.0,9.0
LE07_194025_20080608,2008-06-08,194.0,25.0,25.0,9.0
LE07_194025_20080827,2008-08-27,194.0,25.0,22.0,9.0
LE07_194025_20080912,2008-09-12,194.0,25.0,94.0,9.0
LE07_194025_20080928,2008-09-28,194.0,25.0,9.0,9.0
LE07_194025_20090424,2009-04-24,194.0,25.0,10.0,9.0
LE07_194025_20090510,2009-05-10,194.0,25.0,66.0,9.0
LE07_194025_20090526,2009-05-26,194.0,25.0,89.0,9.0
LE07_194025_20090729,2009-07-29,194.0,25.0,11.0,9.0
LE07_194025_20090830,2009-08-30,194.0,25.0,24.0,9.0
LE07_194025_20100310,2010-03-10,194.0,25.0,25.0,9.0
LE07_194025_20100326,2010-03-26,194.0,25.0,18.0,9.0
LE07_194025_20100529,2010-05-29,194.0,25.0,67.0,9.0
LE07_194025_20100630,2010-06-30,194.0,25.0,49.0,9.0
LE07_194025_20100716,2010-07-16,194.0,25.0,13.0,9.0
LE07_194025_20100801,2010-08-01,194.0,25.0,69.0,9.0
LE07_194025_20100918,2010-09-18,194.0,25.0,66.0,9.0
LE07_194025_20101121,2010-11-21,194.0,25.0,78.0,9.0
LE07_194025_20110329,2011-03-29,194.0,25.0,0.0,9.0
LE07_194025_20110414,2011-04-14,194.0,25.0,21.0,9.0
LE07_194025_20110430,2011-04-30,194.0,25.0,14.0,9.0
LE07_194025_20110617,2011-06-17,194.0,25.0,37.0,9.0
LE07_194025_20110820,2011-08-20,194.0,25.0,1.0,9.0
LE07_194025_20110921,2011-09-21,194.0,25.0,28.0,9.0
LE07_194025_20111007,2011-10-07,194.0,25.0,82.0,9.0
LE07_194025_20111023,2011-10-23,194.0,25.0,6.0,9.0
LE07_194025_20111108,2011-11-08,194.0,25.0,16.0,9.0
LE07_194025_20111124,2011-11-24,194.0,25.0,96.0,9.0
LE07_194025_20111210,2011-12-10,194.0,25.0,38.0,9.0
LE07_194025_20120212,2012-02-12,194.0,25.0,0.0,9.0
LE07_194025_20120315,2012-03-15,194.0,25.0,0.0,9.0
LE07_194025_20120502,2012-05-02,194.0,25.0,18.0,9.0
LE07_194025_20120619,2012-06-19,194.0,25.0,57.0,9.0
LE07_194025_20120822,2012-08-22,194.0,25.0,47.0,9.0
LE07_194025_20120907,2012-09-07,194.0,25.0,14.0,9.0
LE07_194025_20120923,2012-09-23,194.0,25.0,82.0,9.0
LE07_194025_20121009,2012-10-09,194.0,25.0,44.0,9.0
LE07_194026_20000126,2000-01-26,194.0,26.0,2.0,9.0
LE07_194026_20000211,2000-02-11,194.0,26.0,74.0,9.0
LE07_194026_20000227,2000-02-27,194.0,26.0,14.0,9.0
LE07_194026_20000501,2000-05-01,194.0,26.0,87.0,9.0
LE07_194026_20000517,2000-05-17,194.0,26.0,41.0,9.0
LE07_194026_20000602,2000-06-02,194.0,26.0,9.0,9.0
LE07_194026_20000618,2000-06-18,194.0,26.0,0.0,9.0
LE07_194026_20000720,2000-07-20,194.0,26.0,79.0,9.0
LE07_194026_20000805,2000-08-05,194.0,26.0,99.0,9.0
LE07_194026_20000821,2000-08-21,194.0,26.0,74.0,9.0
LE07_194026_20000906,2000-09-06,194.0,26.0,38.0,9.0
LE07_194026_20001008,2000-10-08,194.0,26.0,48.0,9.0
LE07_194026_20001024,2000-10-24,194.0,26.0,73.0,9.0
LE07_194026_20001109,2000-11-09,194.0,26.0,80.0,9.0
LE07_194026_20001125,2000-11-25,194.0,26.0,97.0,9.0
LE07_194026_20001211,2000-12-11,194.0,26.0,48.0,9.0
LE07_194026_20001227,2000-12-27,194.0,26.0,65.0,9.0
LE07_194026_20010112,2001-01-12,194.0,26.0,55.0,9.0
LE07_194026_20010128,2001-01-28,194.0,26.0,19.0,9.0
LE07_194026_20010213,2001-02-13,194.0,26.0,99.0,9.0
LE07_194026_20010301,2001-03-01,194.0,26.0,62.0,9.0
LE07_194026_20010402,2001-04-02,194.0,26.0,8.0,9.0
LE07_194026_20010504,2001-05-04,194.0,26.0,66.0,9.0
LE07_194026_20010520,2001-05-20,194.0,26.0,6.0,9.0
LE07_194026_20010605,2001-06-05,194.0,26.0,39.0,9.0
LE07_194026_20010621,2001-06-21,194.0,26.0,25.0,9.0
LE07_194026_20010707,2001-07-07,194.0,26.0,54.0,9.0
LE07_194026_20010723,2001-07-23,194.0,26.0,19.0,9.0
LE07_194026_20010808,2001-08-08,194.0,26.0,90.0,9.0
LE07_194026_20010824,2001-08-24,194.0,26.0,4.0,9.0
LE07_194026_20011011,2001-10-11,194.0,26.0,31.0,9.0
LE07_194026_20011027,2001-10-27,194.0,26.0,90.0,9.0
LE07_194026_20011112,2001-11-12,194.0,26.0,88.0,9.0
LE07_194026_20011214,2001-12-14,194.0,26.0,10.0,9.0
LE07_194026_20011230,2001-12-30,194.0,26.0,19.0,9.0
LE07_194026_20020115,2002-01-15,194.0,26.0,80.0,9.0
LE07_194026_20020131,2002-01-31,194.0,26.0,99.0,9.0
LE07_194026_20020216,2002-02-16,194.0,26.0,18.0,9.0
LE07_194026_20020304,2002-03-04,194.0,26.0,5.0,9.0
LE07_194026_20020405,2002-04-05,194.0,26.0,24.0,9.0
LE07_194026_20020421,2002-04-21,194.0,26.0,76.0,9.0
LE07_194026_20020507,2002-05-07,194.0,26.0,38.0,9.0
LE07_194026_20020523,2002-05-23,194.0,26.0,90.0,9.0
LE07_194026_20020608,2002-06-08,194.0,26.0,48.0,9.0
LE07_194026_20020624,2002-06-24,194.0,26.0,87.0,9.0
LE07_194026_20020710,2002-07-10,194.0,26.0,91.0,9.0
LE07_194026_20020912,2002-09-12,194.0,26.0,28.0,9.0
LE07_194026_20020928,2002-09-28,194.0,26.0,24.0,9.0
LE07_194026_20021014,2002-10-14,194.0,26.0,84.0,9.0
LE07_194026_20021201,2002-12-01,194.0,26.0,61.0,9.0
LE07_194026_20021217,2002-12-17,194.0,26.0,89.0,9.0
LE07_194026_20030118,2003-01-18,194.0,26.0,33.0,9.0
LE07_194026_20030219,2003-02-19,194.0,26.0,0.0,9.0
LE07_194026_20030307,2003-03-07,194.0,26.0,44.0,9.0
LE07_194026_20030323,2003-03-23,194.0,26.0,0.0,9.0
LE07_194026_20030408,2003-04-08,194.0,26.0,1.0,9.0
LE07_194026_20030424,2003-04-24,194.0,26.0,10.0,9.0
LE07_194026_20030510,2003-05-10,194.0,26.0,100.0,9.0
LE07_194026_20031017,2003-10-17,194.0,26.0,0.0,9.0
LE07_194026_20040528,2004-05-28,194.0,26.0,47.0,9.0
LE07_194026_20040629,2004-06-29,194.0,26.0,42.0,9.0
LE07_194026_20040901,2004-09-01,194.0,26.0,15.0,9.0
LE07_194026_20040917,2004-09-17,194.0,26.0,2.0,9.0
LE07_194026_20041003,2004-10-03,194.0,26.0,60.0,9.0
LE07_194026_20041222,2004-12-22,194.0,26.0,63.0,9.0
LE07_194026_20050224,2005-02-24,194.0,26.0,36.0,9.0
LE07_194026_20050718,2005-07-18,194.0,26.0,42.0,9.0
LE07_194026_20050819,2005-08-19,194.0,26.0,6.0,9.0
LE07_194026_20050904,2005-09-04,194.0,26.0,1.0,9.0
LE07_194026_20050920,2005-09-20,194.0,26.0,3.0,9.0
LE07_194026_20051006,2005-10-06,194.0,26.0,41.0,9.0
LE07_194026_20060110,2006-01-10,194.0,26.0,55.0,9.0
LE07_194026_20060502,2006-05-02,194.0,26.0,15.0,9.0
LE07_194026_20060619,2006-06-19,194.0,26.0,48.0,9.0
LE07_194026_20060705,2006-07-05,194.0,26.0,12.0,9.0
LE07_194026_20060721,2006-07-21,194.0,26.0,12.0,9.0
LE07_194026_20060907,2006-09-07,194.0,26.0,4.0,9.0
LE07_194026_20060923,2006-09-23,194.0,26.0,25.0,9.0
LE07_194026_20061009,2006-10-09,194.0,26.0,33.0,9.0
LE07_194026_20061110,2006-11-10,194.0,26.0,29.0,9.0
LE07_194026_20061126,2006-11-26,194.0,26.0,53.0,9.0
LE07_194026_20070403,2007-04-03,194.0,26.0,14.0,9.0
LE07_194026_20070419,2007-04-19,194.0,26.0,0.0,9.0
LE07_194026_20070521,2007-05-21,194.0,26.0,1.0,9.0
LE07_194026_20070606,2007-06-06,194.0,26.0,77.0,9.0
LE07_194026_20070708,2007-07-08,194.0,26.0,57.0,9.0
LE07_194026_20071028,2007-10-28,194.0,26.0,80.0,9.0
LE07_194026_20071129,2007-11-29,194.0,26.0,37.0,9.0
LE07_194026_20071215,2007-12-15,194.0,26.0,43.0,9.0
LE07_194026_20080217,2008-02-17,194.0,26.0,1.0,9.0
LE07_194026_20080507,2008-05-07,194.0,26.0,17.0,9.0
LE07_194026_20080608,2008-06-08,194.0,26.0,36.0,9.0
LE07_194026_20080827,2008-08-27,194.0,26.0,6.0,9.0
LE07_194026_20080928,2008-09-28,194.0,26.0,26.0,9.0
LE07_194026_20090219,2009-02-19,194.0,26.0,82.0,9.0
LE07_194026_20090424,2009-04-24,194.0,26.0,50.0,9.0
LE07_194026_20090526,2009-05-26,194.0,26.0,84.0,9.0
LE07_194026_20090729,2009-07-29,194.0,26.0,5.0,9.0
LE07_194026_20090814,2009-08-14,194.0,26.0,90.0,9.0
LE07_194026_20090830,2009-08-30,194.0,26.0,7.0,9.0
LE07_194026_20091220,2009-12-20,194.0,26.0,2.0,9.0
LE07_194026_20100326,2010-03-26,194.0,26.0,25.0,9.0
LE07_194026_20100427,2010-04-27,194.0,26.0,37.0,9.0
LE07_194026_20100529,2010-05-29,194.0,26.0,61.0,9.0
LE07_194026_20100630,2010-06-30,194.0,26.0,32.0,9.0
LE07_194026_20100716,2010-07-16,194.0,26.0,0.0,9.0
LE07_194026_20100801,2010-08-01,194.0,26.0,34.0,9.0
LE07_194026_20110209,2011-02-09,194.0,26.0,70.0,9.0
LE07_194026_20110329,2011-03-29,194.0,26.0,7.0,9.0
LE07_194026_20110414,2011-04-14,194.0,26.0,53.0,9.0
LE07_194026_20110430,2011-04-30,194.0,26.0,10.0,9.0
LE07_194026_20110617,2011-06-17,194.0,26.0,63.0,9.0
LE07_194026_20110703,2011-07-03,194.0,26.0,93.0,9.0
LE07_194026_20110719,2011-07-19,194.0,26.0,33.0,9.0
LE07_194026_20110804,2011-08-04,194.0,26.0,51.0,9.0
LE07_194026_20110820,2011-08-20,194.0,26.0,19.0,9.0
LE07_194026_20110921,2011-09-21,194.0,26.0,4.0,9.0
LE07_194026_20111007,2011-10-07,194.0,26.0,75.0,9.0
LE07_194026_20111023,2011-10-23,194.0,26.0,35.0,9.0
LE07_194026_20111108,2011-11-08,194.0,26.0,53.0,9.0
LE07_194026_20111124,2011-11-24,194.0,26.0,83.0,9.0
LE07_194026_20111226,2011-12-26,194.0,26.0,68.0,9.0
LE07_194026_20120111,2012-01-11,194.0,26.0,86.0,9.0
LE07_194026_20120212,2012-02-12,194.0,26.0,0.0,9.0
LE07_194026_20120315,2012-03-15,194.0,26.0,11.0,9.0
LE07_194026_20120502,2012-05-02,194.0,26.0,30.0,9.0
LE07_194026_20120619,2012-06-19,194.0,26.0,44.0,9.0
LE07_194026_20120721,2012-07-21,194.0,26.0,81.0,9.0
LE07_194026_20120822,2012-08-22,194.0,26.0,46.0,9.0
LE07_194026_20120907,2012-09-07,194.0,26.0,0.0,9.0
LE07_194026_20120923,2012-09-23,194.0,26.0,51.0,9.0
LE07_194026_20121025,2012-10-25,194.0,26.0,66.0,9.0
LE07_194026_20121212,2012-12-12,194.0,26.0,19.0,9.0
LE07_194027_20000126,2000-01-26,194.0,27.0,9.0,9.0
LE07_194027_20000227,2000-02-27,194.0,27.0,18.0,9.0
LE07_194027_20000501,2000-05-01,194.0,27.0,42.0,9.0
LE07_194027_20000517,2000-05-17,194.0,27.0,35.0,9.0
LE07_194027_20000602,2000-06-02,194.0,27.0,6.0,9.0
LE07_194027_20000618,2000-06-18,194.0,27.0,3.0,9.0
LE07_194027_20000720,2000-07-20,194.0,27.0,52.0,9.0
LE07_194027_20000821,2000-08-21,194.0,27.0,15.0,9.0
LE07_194027_20000906,2000-09-06,194.0,27.0,78.0,9.0
LE07_194027_20000922,2000-09-22,194.0,27.0,91.0,9.0
LE07_194027_20001008,2000-10-08,194.0,27.0,32.0,9.0
LE07_194027_20001024,2000-10-24,194.0,27.0,84.0,9.0
LE07_194027_20001109,2000-11-09,194.0,27.0,79.0,9.0
LE07_194027_20001211,2000-12-11,194.0,27.0,20.0,9.0
LE07_194027_20001227,2000-12-27,194.0,27.0,31.0,9.0
LE07_194027_20010128,2001-01-28,194.0,27.0,68.0,9.0
LE07_194027_20010213,2001-02-13,194.0,27.0,91.0,9.0
LE07_194027_20010301,2001-03-01,194.0,27.0,48.0,9.0
LE07_194027_20010402,2001-04-02,194.0,27.0,18.0,9.0
LE07_194027_20010418,2001-04-18,194.0,27.0,75.0,9.0
LE07_194027_20010504,2001-05-04,194.0,27.0,44.0,9.0
LE07_194027_20010520,2001-05-20,194.0,27.0,21.0,9.0
LE07_194027_20010605,2001-06-05,194.0,27.0,13.0,9.0
LE07_194027_20010621,2001-06-21,194.0,27.0,8.0,9.0
LE07_194027_20010707,2001-07-07,194.0,27.0,89.0,9.0
LE07_194027_20010723,2001-07-23,194.0,27.0,26.0,9.0
LE07_194027_20010824,2001-08-24,194.0,27.0,2.0,9.0
LE07_194027_20010909,2001-09-09,194.0,27.0,18.0,9.0
LE07_194027_20011011,2001-10-11,194.0,27.0,26.0,9.0
LE07_194027_20011027,2001-10-27,194.0,27.0,45.0,9.0
LE07_194027_20011112,2001-11-12,194.0,27.0,94.0,9.0
LE07_194027_20011128,2001-11-28,194.0,27.0,95.0,9.0
LE07_194027_20011214,2001-12-14,194.0,27.0,3.0,9.0
LE07_194027_20011230,2001-12-30,194.0,27.0,25.0,9.0
LE07_194027_20020115,2002-01-15,194.0,27.0,5.0,9.0
LE07_194027_20020131,2002-01-31,194.0,27.0,83.0,9.0
LE07_194027_20020216,2002-02-16,194.0,27.0,64.0,9.0
LE07_194027_20020304,2002-03-04,194.0,27.0,5.0,9.0
LE07_194027_20020405,2002-04-05,194.0,27.0,26.0,9.0
LE07_194027_20020421,2002-04-21,194.0,27.0,61.0,9.0
LE07_194027_20020507,2002-05-07,194.0,27.0,11.0,9.0
LE07_194027_20020608,2002-06-08,194.0,27.0,86.0,9.0
LE07_194027_20020624,2002-06-24,194.0,27.0,92.0,9.0
LE07_194027_20020710,2002-07-10,194.0,27.0,74.0,9.0
LE07_194027_20020912,2002-09-12,194.0,27.0,36.0,9.0
LE07_194027_20020928,2002-09-28,194.0,27.0,31.0,9.0
LE07_194027_20021030,2002-10-30,194.0,27.0,56.0,9.0
LE07_194027_20021201,2002-12-01,194.0,27.0,13.0,9.0
LE07_194027_20021217,2002-12-17,194.0,27.0,86.0,9.0
LE07_194027_20030118,2003-01-18,194.0,27.0,36.0,9.0
LE07_194027_20030219,2003-02-19,194.0,27.0,14.0,9.0
LE07_194027_20030307,2003-03-07,194.0,27.0,38.0,9.0
LE07_194027_20030323,2003-03-23,194.0,27.0,1.0,9.0
LE07_194027_20030408,2003-04-08,194.0,27.0,13.0,9.0
LE07_194027_20030424,2003-04-24,194.0,27.0,14.0,9.0
LE07_194027_20030510,2003-05-10,194.0,27.0,90.0,9.0
LE07_194027_20030526,2003-05-26,194.0,27.0,92.0,9.0
LE07_194027_20031017,2003-10-17,194.0,27.0,21.0,9.0
LE07_194027_20031118,2003-11-18,194.0,27.0,76.0,9.0
LE07_194027_20031204,2003-12-04,194.0,27.0,69.0,9.0
LE07_194027_20031220,2003-12-20,194.0,27.0,2.0,9.0
LE07_194027_20040426,2004-04-26,194.0,27.0,4.0,4.0
LE07_194027_20040512,2004-05-12,194.0,27.0,28.0,9.0
LE07_194027_20040528,2004-05-28,194.0,27.0,63.0,9.0
LE07_194027_20040629,2004-06-29,194.0,27.0,26.0,9.0
LE07_194027_20040901,2004-09-01,194.0,27.0,7.0,9.0
LE07_194027_20040917,2004-09-17,194.0,27.0,14.0,9.0
LE07_194027_20041003,2004-10-03,194.0,27.0,37.0,9.0
LE07_194027_20041222,2004-12-22,194.0,27.0,8.0,9.0
LE07_194027_20050224,2005-02-24,194.0,27.0,4.0,9.0
LE07_194027_20050718,2005-07-18,194.0,27.0,30.0,9.0
LE07_194027_20050819,2005-08-19,194.0,27.0,38.0,9.0
LE07_194027_20050904,2005-09-04,194.0,27.0,34.0,9.0
LE07_194027_20050920,2005-09-20,194.0,27.0,69.0,9.0
LE07_194027_20051006,2005-10-06,194.0,27.0,55.0,9.0
LE07_194027_20051107,2005-11-07,194.0,27.0,34.0,9.0
LE07_194027_20060110,2006-01-10,194.0,27.0,8.0,9.0
LE07_194027_20060502,2006-05-02,194.0,27.0,44.0,9.0
LE07_194027_20060619,2006-06-19,194.0,27.0,44.0,9.0
LE07_194027_20060705,2006-07-05,194.0,27.0,27.0,9.0
LE07_194027_20060721,2006-07-21,194.0,27.0,13.0,9.0
LE07_194027_20060907,2006-09-07,194.0,27.0,3.0,9.0
LE07_194027_20061009,2006-10-09,194.0,27.0,8.0,9.0
LE07_194027_20061110,2006-11-10,194.0,27.0,20.0,9.0
LE07_194027_20061126,2006-11-26,194.0,27.0,35.0,9.0
LE07_194027_20070403,2007-04-03,194.0,27.0,68.0,9.0
LE07_194027_20070419,2007-04-19,194.0,27.0,4.0,9.0
LE07_194027_20070521,2007-05-21,194.0,27.0,8.0,9.0
LE07_194027_20070708,2007-07-08,194.0,27.0,55.0,9.0
LE07_194027_20071028,2007-10-28,194.0,27.0,76.0,9.0
LE07_194027_20071129,2007-11-29,194.0,27.0,26.0,9.0
LE07_194027_20071215,2007-12-15,194.0,27.0,28.0,9.0
LE07_194027_20080217,2008-02-17,194.0,27.0,0.0,9.0
LE07_194027_20080507,2008-05-07,194.0,27.0,6.0,9.0
LE07_194027_20080523,2008-05-23,194.0,27.0,32.0,9.0
LE07_194027_20080827,2008-08-27,194.0,27.0,6.0,9.0
LE07_194027_20080928,2008-09-28,194.0,27.0,36.0,9.0
LE07_194027_20090102,2009-01-02,194.0,27.0,7.0,9.0
LE07_194027_20090219,2009-02-19,194.0,27.0,17.0,9.0
LE07_194027_20090408,2009-04-08,194.0,27.0,83.0,9.0
LE07_194027_20090424,2009-04-24,194.0,27.0,32.0,9.0
LE07_194027_20090729,2009-07-29,194.0,27.0,1.0,9.0
LE07_194027_20090814,2009-08-14,194.0,27.0,46.0,9.0
LE07_194027_20090830,2009-08-30,194.0,27.0,0.0,9.0
LE07_194027_20091220,2009-12-20,194.0,27.0,0.0,9.0
LE07_194027_20100105,2010-01-05,194.0,27.0,30.0,9.0
LE07_194027_20100326,2010-03-26,194.0,27.0,38.0,9.0
LE07_194027_20100427,2010-04-27,194.0,27.0,54.0,9.0
LE07_194027_20100630,2010-06-30,194.0,27.0,26.0,9.0
LE07_194027_20100716,2010-07-16,194.0,27.0,4.0,9.0
LE07_194027_20100801,2010-08-01,194.0,27.0,7.0,9.0
LE07_194027_20110209,2011-02-09,194.0,27.0,28.0,9.0
LE07_194027_20110329,2011-03-29,194.0,27.0,15.0,9.0
LE07_194027_20110414,2011-04-14,194.0,27.0,94.0,9.0
LE07_194027_20110430,2011-04-30,194.0,27.0,32.0,9.0
LE07_194027_20110617,2011-06-17,194.0,27.0,36.0,9.0
LE07_194027_20110703,2011-07-03,194.0,27.0,59.0,9.0
LE07_194027_20110719,2011-07-19,194.0,27.0,51.0,9.0
LE07_194027_20110804,2011-08-04,194.0,27.0,56.0,9.0
LE07_194027_20110820,2011-08-20,194.0,27.0,20.0,9.0
LE07_194027_20110921,2011-09-21,194.0,27.0,5.0,9.0
LE07_194027_20111007,2011-10-07,194.0,27.0,86.0,9.0
LE07_194027_20111023,2011-10-23,194.0,27.0,33.0,9.0
LE07_194027_20111124,2011-11-24,194.0,27.0,52.0,9.0
LE07_194027_20111210,2011-12-10,194.0,27.0,78.0,9.0
LE07_194027_20111226,2011-12-26,194.0,27.0,15.0,9.0
LE07_194027_20120111,2012-01-11,194.0,27.0,23.0,9.0
LE07_194027_20120212,2012-02-12,194.0,27.0,7.0,9.0
LE07_194027_20120228,2012-02-28,194.0,27.0,59.0,9.0
LE07_194027_20120315,2012-03-15,194.0,27.0,3.0,9.0
LE07_194027_20120331,2012-03-31,194.0,27.0,15.0,9.0
LE07_194027_20120502,2012-05-02,194.0,27.0,44.0,9.0
LE07_194027_20120619,2012-06-19,194.0,27.0,22.0,9.0
LE07_194027_20120822,2012-08-22,194.0,27.0,26.0,9.0
LE07_194027_20120907,2012-09-07,194.0,27.0,4.0,9.0
LE07_194027_20120923,2012-09-23,194.0,27.0,29.0,9.0
LE07_194027_20121025,2012-10-25,194.0,27.0,42.0,9.0
LE07_194027_20121212,2012-12-12,194.0,27.0,0.0,9.0
LE07_195022_20000202,2000-02-02,195.0,22.0,80.0,9.0
LE07_195022_20000218,2000-02-18,195.0,22.0,94.0,9.0
LE07_195022_20000305,2000-03-05,195.0,22.0,64.0,9.0
LE07_195022_20000321,2000-03-21,195.0,22.0,71.0,9.0
LE07_195022_20000406,2000-04-06,195.0,22.0,43.0,9.0
LE07_195022_20000422,2000-04-22,195.0,22.0,84.0,9.0
LE07_195022_20000508,2000-05-08,195.0,22.0,0.0,9.0
LE07_195022_20000609,2000-06-09,195.0,22.0,0.0,9.0
LE07_195022_20000625,2000-06-25,195.0,22.0,78.0,9.0
LE07_195022_20000711,2000-07-11,195.0,22.0,66.0,9.0
LE07_195022_20000727,2000-07-27,195.0,22.0,79.0,9.0
LE07_195022_20000812,2000-08-12,195.0,22.0,56.0,9.0
LE07_195022_20000929,2000-09-29,195.0,22.0,4.0,9.0
LE07_195022_20001015,2000-10-15,195.0,22.0,20.0,9.0
LE07_195022_20001031,2000-10-31,195.0,22.0,88.0,9.0
LE07_195022_20001116,2000-11-16,195.0,22.0,56.0,9.0
LE07_195022_20010204,2001-02-04,195.0,22.0,32.0,9.0
LE07_195022_20010220,2001-02-20,195.0,22.0,100.0,9.0
LE07_195022_20010409,2001-04-09,195.0,22.0,25.0,9.0
LE07_195022_20010511,2001-05-11,195.0,22.0,0.0,9.0
LE07_195022_20010527,2001-05-27,195.0,22.0,28.0,9.0
LE07_195022_20010612,2001-06-12,195.0,22.0,74.0,9.0
LE07_195022_20010714,2001-07-14,195.0,22.0,18.0,9.0
LE07_195022_20010815,2001-08-15,195.0,22.0,4.0,9.0
LE07_195022_20010916,2001-09-16,195.0,22.0,75.0,9.0
LE07_195022_20011018,2001-10-18,195.0,22.0,94.0,9.0
LE07_195022_20011119,2001-11-19,195.0,22.0,41.0,9.0
LE07_195022_20020207,2002-02-07,195.0,22.0,71.0,9.0
LE07_195022_20020223,2002-02-23,195.0,22.0,65.0,9.0
LE07_195022_20020311,2002-03-11,195.0,22.0,84.0,9.0
LE07_195022_20020327,2002-03-27,195.0,22.0,20.0,9.0
LE07_195022_20020412,2002-04-12,195.0,22.0,87.0,9.0
LE07_195022_20020428,2002-04-28,195.0,22.0,100.0,9.0
LE07_195022_20020530,2002-05-30,195.0,22.0,35.0,9.0
LE07_195022_20020717,2002-07-17,195.0,22.0,72.0,9.0
LE07_195022_20020818,2002-08-18,195.0,22.0,33.0,9.0
LE07_195022_20020903,2002-09-03,195.0,22.0,3.0,9.0
LE07_195022_20020919,2002-09-19,195.0,22.0,33.0,9.0
LE07_195022_20021005,2002-10-05,195.0,22.0,94.0,9.0
LE07_195022_20021106,2002-11-06,195.0,22.0,20.0,9.0
LE07_195022_20030210,2003-02-10,195.0,22.0,22.0,9.0
LE07_195022_20030226,2003-02-26,195.0,22.0,0.0,9.0
LE07_195022_20030314,2003-03-14,195.0,22.0,1.0,9.0
LE07_195022_20030330,2003-03-30,195.0,22.0,63.0,9.0
LE07_195022_20030415,2003-04-15,195.0,22.0,3.0,9.0
LE07_195022_20030501,2003-05-01,195.0,22.0,78.0,9.0
LE07_195022_20030517,2003-05-17,195.0,22.0,73.0,9.0
LE07_195022_20030720,2003-07-20,195.0,22.0,0.0,9.0
LE07_195022_20031024,2003-10-24,195.0,22.0,37.0,9.0
LE07_195022_20040401,2004-04-01,195.0,22.0,0.0,9.0
LE07_195022_20040417,2004-04-17,195.0,22.0,67.0,9.0
LE07_195022_20040807,2004-08-07,195.0,22.0,0.0,9.0
LE07_195022_20040823,2004-08-23,195.0,22.0,57.0,9.0
LE07_195022_20040908,2004-09-08,195.0,22.0,7.0,9.0
LE07_195022_20040924,2004-09-24,195.0,22.0,44.0,9.0
LE07_195022_20041010,2004-10-10,195.0,22.0,6.0,9.0
LE07_195022_20041026,2004-10-26,195.0,22.0,86.0,9.0
LE07_195022_20041111,2004-11-11,195.0,22.0,73.0,9.0
LE07_195022_20050303,2005-03-03,195.0,22.0,18.0,9.0
LE07_195022_20050404,2005-04-04,195.0,22.0,2.0,9.0
LE07_195022_20050420,2005-04-20,195.0,22.0,3.0,9.0
LE07_195022_20050607,2005-06-07,195.0,22.0,21.0,9.0
LE07_195022_20050623,2005-06-23,195.0,22.0,0.0,9.0
LE07_195022_20050709,2005-07-09,195.0,22.0,22.0,9.0
LE07_195022_20051013,2005-10-13,195.0,22.0,0.0,9.0
LE07_195022_20060525,2006-05-25,195.0,22.0,59.0,9.0
LE07_195022_20060610,2006-06-10,195.0,22.0,5.0,9.0
LE07_195022_20060712,2006-07-12,195.0,22.0,9.0,9.0
LE07_195022_20060914,2006-09-14,195.0,22.0,0.0,9.0
LE07_195022_20060930,2006-09-30,195.0,22.0,52.0,9.0
LE07_195022_20061016,2006-10-16,195.0,22.0,63.0,9.0
LE07_195022_20070325,2007-03-25,195.0,22.0,0.0,9.0
LE07_195022_20070410,2007-04-10,195.0,22.0,48.0,9.0
LE07_195022_20070426,2007-04-26,195.0,22.0,0.0,9.0
LE07_195022_20071019,2007-10-19,195.0,22.0,21.0,9.0
LE07_195022_20071104,2007-11-04,195.0,22.0,5.0,9.0
LE07_195022_20080327,2008-03-27,195.0,22.0,17.0,9.0
LE07_195022_20080412,2008-04-12,195.0,22.0,14.0,9.0
LE07_195022_20080717,2008-07-17,195.0,22.0,74.0,9.0
LE07_195022_20080802,2008-08-02,195.0,22.0,40.0,9.0
LE07_195022_20090330,2009-03-30,195.0,22.0,59.0,9.0
LE07_195022_20090415,2009-04-15,195.0,22.0,4.0,9.0
LE07_195022_20090501,2009-05-01,195.0,22.0,0.0,9.0
LE07_195022_20090602,2009-06-02,195.0,22.0,7.0,9.0
LE07_195022_20090704,2009-07-04,195.0,22.0,59.0,9.0
LE07_195022_20091008,2009-10-08,195.0,22.0,54.0,9.0
LE07_195022_20100504,2010-05-04,195.0,22.0,72.0,9.0
LE07_195022_20100605,2010-06-05,195.0,22.0,29.0,9.0
LE07_195022_20100621,2010-06-21,195.0,22.0,21.0,9.0
LE07_195022_20100707,2010-07-07,195.0,22.0,22.0,9.0
LE07_195022_20100723,2010-07-23,195.0,22.0,51.0,9.0
LE07_195022_20100824,2010-08-24,195.0,22.0,56.0,9.0
LE07_195022_20100925,2010-09-25,195.0,22.0,61.0,9.0
LE07_195022_20101011,2010-10-11,195.0,22.0,61.0,9.0
LE07_195022_20110320,2011-03-20,195.0,22.0,74.0,9.0
LE07_195022_20110421,2011-04-21,195.0,22.0,2.0,9.0
LE07_195022_20110507,2011-05-07,195.0,22.0,3.0,9.0
LE07_195022_20110726,2011-07-26,195.0,22.0,67.0,9.0
LE07_195022_20110928,2011-09-28,195.0,22.0,54.0,9.0
LE07_195022_20111030,2011-10-30,195.0,22.0,86.0,9.0
LE07_195022_20120322,2012-03-22,195.0,22.0,0.0,9.0
LE07_195022_20120407,2012-04-07,195.0,22.0,88.0,9.0
LE07_195022_20120423,2012-04-23,195.0,22.0,59.0,9.0
LE07_195022_20120525,2012-05-25,195.0,22.0,3.0,9.0
LE07_195022_20120712,2012-07-12,195.0,22.0,53.0,9.0
LE07_195022_20120813,2012-08-13,195.0,22.0,13.0,9.0
LE07_195022_20120829,2012-08-29,195.0,22.0,28.0,9.0
LE07_195022_20120930,2012-09-30,195.0,22.0,37.0,9.0
LE07_195023_20000305,2000-03-05,195.0,23.0,98.0,9.0
LE07_195023_20000321,2000-03-21,195.0,23.0,100.0,9.0
LE07_195023_20000406,2000-04-06,195.0,23.0,4.0,9.0
LE07_195023_20000422,2000-04-22,195.0,23.0,77.0,9.0
LE07_195023_20000508,2000-05-08,195.0,23.0,40.0,9.0
LE07_195023_20000609,2000-06-09,195.0,23.0,0.0,9.0
LE07_195023_20000727,2000-07-27,195.0,23.0,74.0,9.0
LE07_195023_20000812,2000-08-12,195.0,23.0,51.0,9.0
LE07_195023_20000828,2000-08-28,195.0,23.0,80.0,9.0
LE07_195023_20000913,2000-09-13,195.0,23.0,88.0,9.0
LE07_195023_20000929,2000-09-29,195.0,23.0,1.0,9.0
LE07_195023_20001015,2000-10-15,195.0,23.0,84.0,9.0
LE07_195023_20001031,2000-10-31,195.0,23.0,94.0,9.0
LE07_195023_20001116,2000-11-16,195.0,23.0,23.0,9.0
LE07_195023_20010119,2001-01-19,195.0,23.0,82.0,9.0
LE07_195023_20010204,2001-02-04,195.0,23.0,90.0,9.0
LE07_195023_20010220,2001-02-20,195.0,23.0,100.0,9.0
LE07_195023_20010308,2001-03-08,195.0,23.0,100.0,9.0
LE07_195023_20010409,2001-04-09,195.0,23.0,36.0,9.0
LE07_195023_20010425,2001-04-25,195.0,23.0,100.0,9.0
LE07_195023_20010511,2001-05-11,195.0,23.0,0.0,9.0
LE07_195023_20010527,2001-05-27,195.0,23.0,68.0,9.0
LE07_195023_20010612,2001-06-12,195.0,23.0,84.0,9.0
LE07_195023_20010714,2001-07-14,195.0,23.0,74.0,9.0
LE07_195023_20010730,2001-07-30,195.0,23.0,38.0,9.0
LE07_195023_20010815,2001-08-15,195.0,23.0,1.0,9.0
LE07_195023_20010831,2001-08-31,195.0,23.0,76.0,9.0
LE07_195023_20011018,2001-10-18,195.0,23.0,77.0,9.0
LE07_195023_20020122,2002-01-22,195.0,23.0,76.0,9.0
LE07_195023_20020207,2002-02-07,195.0,23.0,82.0,9.0
LE07_195023_20020223,2002-02-23,195.0,23.0,91.0,9.0
LE07_195023_20020311,2002-03-11,195.0,23.0,52.0,9.0
LE07_195023_20020327,2002-03-27,195.0,23.0,15.0,9.0
LE07_195023_20020412,2002-04-12,195.0,23.0,84.0,9.0
LE07_195023_20020514,2002-05-14,195.0,23.0,93.0,9.0
LE07_195023_20020530,2002-05-30,195.0,23.0,62.0,9.0
LE07_195023_20020615,2002-06-15,195.0,23.0,95.0,9.0
LE07_195023_20020802,2002-08-02,195.0,23.0,69.0,9.0
LE07_195023_20020818,2002-08-18,195.0,23.0,60.0,9.0
LE07_195023_20020903,2002-09-03,195.0,23.0,2.0,9.0
LE07_195023_20020919,2002-09-19,195.0,23.0,93.0,9.0
LE07_195023_20021106,2002-11-06,195.0,23.0,11.0,9.0
LE07_195023_20030125,2003-01-25,195.0,23.0,64.0,9.0
LE07_195023_20030210,2003-02-10,195.0,23.0,17.0,9.0
LE07_195023_20030226,2003-02-26,195.0,23.0,0.0,9.0
LE07_195023_20030314,2003-03-14,195.0,23.0,17.0,9.0
LE07_195023_20030330,2003-03-30,195.0,23.0,75.0,9.0
LE07_195023_20030415,2003-04-15,195.0,23.0,0.0,9.0
LE07_195023_20030501,2003-05-01,195.0,23.0,74.0,9.0
LE07_195023_20030517,2003-05-17,195.0,23.0,94.0,9.0
LE07_195023_20030805,2003-08-05,195.0,23.0,4.0,9.0
LE07_195023_20031024,2003-10-24,195.0,23.0,60.0,9.0
LE07_195023_20031109,2003-11-09,195.0,23.0,91.0,9.0
LE07_195023_20031125,2003-11-25,195.0,23.0,85.0,9.0
LE07_195023_20040401,2004-04-01,195.0,23.0,7.0,9.0
LE07_195023_20040417,2004-04-17,195.0,23.0,72.0,9.0
LE07_195023_20040706,2004-07-06,195.0,23.0,67.0,9.0
LE07_195023_20040807,2004-08-07,195.0,23.0,0.0,9.0
LE07_195023_20040908,2004-09-08,195.0,23.0,2.0,9.0
LE07_195023_20041010,2004-10-10,195.0,23.0,22.0,9.0
LE07_195023_20041111,2004-11-11,195.0,23.0,62.0,9.0
LE07_195023_20050404,2005-04-04,195.0,23.0,2.0,9.0
LE07_195023_20050420,2005-04-20,195.0,23.0,0.0,9.0
LE07_195023_20050607,2005-06-07,195.0,23.0,72.0,9.0
LE07_195023_20050623,2005-06-23,195.0,23.0,0.0,9.0
LE07_195023_20050725,2005-07-25,195.0,23.0,70.0,9.0
LE07_195023_20051013,2005-10-13,195.0,23.0,0.0,9.0
LE07_195023_20051029,2005-10-29,195.0,23.0,12.0,9.0
LE07_195023_20060610,2006-06-10,195.0,23.0,0.0,9.0
LE07_195023_20060626,2006-06-26,195.0,23.0,83.0,9.0
LE07_195023_20060712,2006-07-12,195.0,23.0,15.0,9.0
LE07_195023_20060914,2006-09-14,195.0,23.0,0.0,9.0
LE07_195023_20060930,2006-09-30,195.0,23.0,46.0,9.0
LE07_195023_20061016,2006-10-16,195.0,23.0,16.0,9.0
LE07_195023_20070325,2007-03-25,195.0,23.0,0.0,9.0
LE07_195023_20070426,2007-04-26,195.0,23.0,0.0,9.0
LE07_195023_20071019,2007-10-19,195.0,23.0,8.0,9.0
LE07_195023_20071104,2007-11-04,195.0,23.0,28.0,9.0
LE07_195023_20080327,2008-03-27,195.0,23.0,43.0,9.0
LE07_195023_20080412,2008-04-12,195.0,23.0,26.0,9.0
LE07_195023_20080514,2008-05-14,195.0,23.0,4.0,9.0
LE07_195023_20080615,2008-06-15,195.0,23.0,89.0,9.0
LE07_195023_20080802,2008-08-02,195.0,23.0,57.0,9.0
LE07_195023_20081122,2008-11-22,195.0,23.0,51.0,9.0
LE07_195023_20090330,2009-03-30,195.0,23.0,14.0,9.0
LE07_195023_20090415,2009-04-15,195.0,23.0,0.0,9.0
LE07_195023_20090501,2009-05-01,195.0,23.0,2.0,9.0
LE07_195023_20090602,2009-06-02,195.0,23.0,5.0,9.0
LE07_195023_20090704,2009-07-04,195.0,23.0,75.0,9.0
LE07_195023_20091008,2009-10-08,195.0,23.0,66.0,9.0
LE07_195023_20100402,2010-04-02,195.0,23.0,2.0,9.0
LE07_195023_20100418,2010-04-18,195.0,23.0,0.0,9.0
LE07_195023_20100504,2010-05-04,195.0,23.0,84.0,9.0
LE07_195023_20100605,2010-06-05,195.0,23.0,5.0,9.0
LE07_195023_20100621,2010-06-21,195.0,23.0,51.0,9.0
LE07_195023_20100707,2010-07-07,195.0,23.0,20.0,9.0
LE07_195023_20101011,2010-10-11,195.0,23.0,56.0,9.0
LE07_195023_20110320,2011-03-20,195.0,23.0,62.0,9.0
LE07_195023_20110421,2011-04-21,195.0,23.0,1.0,9.0
LE07_195023_20110507,2011-05-07,195.0,23.0,0.0,9.0
LE07_195023_20110726,2011-07-26,195.0,23.0,75.0,9.0
LE07_195023_20110928,2011-09-28,195.0,23.0,9.0,9.0
LE07_195023_20111014,2011-10-14,195.0,23.0,17.0,9.0
LE07_195023_20111030,2011-10-30,195.0,23.0,49.0,9.0
LE07_195023_20120306,2012-03-06,195.0,23.0,0.0,9.0
LE07_195023_20120322,2012-03-22,195.0,23.0,10.0,9.0
LE07_195023_20120407,2012-04-07,195.0,23.0,83.0,9.0
LE07_195023_20120423,2012-04-23,195.0,23.0,61.0,9.0
LE07_195023_20120525,2012-05-25,195.0,23.0,0.0,9.0
LE07_195023_20120610,2012-06-10,195.0,23.0,72.0,9.0
LE07_195023_20120712,2012-07-12,195.0,23.0,79.0,9.0
LE07_195023_20120728,2012-07-28,195.0,23.0,86.0,9.0
LE07_195023_20120813,2012-08-13,195.0,23.0,12.0,9.0
LE07_195023_20120829,2012-08-29,195.0,23.0,24.0,9.0
LE07_195023_20120930,2012-09-30,195.0,23.0,10.0,9.0
LE07_195023_20121016,2012-10-16,195.0,23.0,39.0,9.0
LE07_195023_20121117,2012-11-17,195.0,23.0,80.0,9.0
LE07_195024_20000305,2000-03-05,195.0,24.0,100.0,9.0
LE07_195024_20000321,2000-03-21,195.0,24.0,43.0,9.0
LE07_195024_20000406,2000-04-06,195.0,24.0,0.0,9.0
LE07_195024_20000422,2000-04-22,195.0,24.0,49.0,9.0
LE07_195024_20000508,2000-05-08,195.0,24.0,64.0,9.0
LE07_195024_20000609,2000-06-09,195.0,24.0,0.0,9.0
LE07_195024_20000727,2000-07-27,195.0,24.0,66.0,9.0
LE07_195024_20000812,2000-08-12,195.0,24.0,31.0,9.0
LE07_195024_20000828,2000-08-28,195.0,24.0,39.0,9.0
LE07_195024_20000913,2000-09-13,195.0,24.0,46.0,9.0
LE07_195024_20000929,2000-09-29,195.0,24.0,0.0,9.0
LE07_195024_20001015,2000-10-15,195.0,24.0,95.0,9.0
LE07_195024_20001031,2000-10-31,195.0,24.0,100.0,9.0
LE07_195024_20001116,2000-11-16,195.0,24.0,80.0,9.0
LE07_195024_20001202,2000-12-02,195.0,24.0,87.0,9.0
LE07_195024_20010119,2001-01-19,195.0,24.0,48.0,9.0
LE07_195024_20010220,2001-02-20,195.0,24.0,100.0,9.0
LE07_195024_20010308,2001-03-08,195.0,24.0,94.0,9.0
LE07_195024_20010409,2001-04-09,195.0,24.0,33.0,9.0
LE07_195024_20010511,2001-05-11,195.0,24.0,4.0,9.0
LE07_195024_20010527,2001-05-27,195.0,24.0,93.0,9.0
LE07_195024_20010612,2001-06-12,195.0,24.0,92.0,9.0
LE07_195024_20010730,2001-07-30,195.0,24.0,8.0,9.0
LE07_195024_20010815,2001-08-15,195.0,24.0,1.0,9.0
LE07_195024_20010831,2001-08-31,195.0,24.0,13.0,9.0
LE07_195024_20011002,2001-10-02,195.0,24.0,97.0,9.0
LE07_195024_20011018,2001-10-18,195.0,24.0,59.0,9.0
LE07_195024_20011103,2001-11-03,195.0,24.0,82.0,9.0
LE07_195024_20020122,2002-01-22,195.0,24.0,66.0,9.0
LE07_195024_20020207,2002-02-07,195.0,24.0,85.0,9.0
LE07_195024_20020223,2002-02-23,195.0,24.0,88.0,9.0
LE07_195024_20020311,2002-03-11,195.0,24.0,55.0,9.0
LE07_195024_20020327,2002-03-27,195.0,24.0,36.0,9.0
LE07_195024_20020412,2002-04-12,195.0,24.0,21.0,9.0
LE07_195024_20020428,2002-04-28,195.0,24.0,100.0,9.0
LE07_195024_20020514,2002-05-14,195.0,24.0,53.0,9.0
LE07_195024_20020530,2002-05-30,195.0,24.0,76.0,9.0
LE07_195024_20020615,2002-06-15,195.0,24.0,98.0,9.0
LE07_195024_20020802,2002-08-02,195.0,24.0,11.0,9.0
LE07_195024_20020818,2002-08-18,195.0,24.0,27.0,9.0
LE07_195024_20020903,2002-09-03,195.0,24.0,27.0,9.0
LE07_195024_20020919,2002-09-19,195.0,24.0,86.0,9.0
LE07_195024_20021106,2002-11-06,195.0,24.0,41.0,9.0
LE07_195024_20030125,2003-01-25,195.0,24.0,20.0,9.0
LE07_195024_20030210,2003-02-10,195.0,24.0,13.0,9.0
LE07_195024_20030226,2003-02-26,195.0,24.0,0.0,9.0
LE07_195024_20030314,2003-03-14,195.0,24.0,36.0,9.0
LE07_195024_20030330,2003-03-30,195.0,24.0,13.0,9.0
LE07_195024_20030415,2003-04-15,195.0,24.0,0.0,9.0
LE07_195024_20030501,2003-05-01,195.0,24.0,59.0,9.0
LE07_195024_20030805,2003-08-05,195.0,24.0,1.0,9.0
LE07_195024_20031109,2003-11-09,195.0,24.0,20.0,9.0
LE07_195024_20031125,2003-11-25,195.0,24.0,70.0,9.0
LE07_195024_20040401,2004-04-01,195.0,24.0,37.0,9.0
LE07_195024_20040417,2004-04-17,195.0,24.0,45.0,9.0
LE07_195024_20040620,2004-06-20,195.0,24.0,50.0,9.0
LE07_195024_20040706,2004-07-06,195.0,24.0,43.0,9.0
LE07_195024_20040722,2004-07-22,195.0,24.0,48.0,9.0
LE07_195024_20040807,2004-08-07,195.0,24.0,1.0,9.0
LE07_195024_20040908,2004-09-08,195.0,24.0,1.0,9.0
LE07_195024_20041010,2004-10-10,195.0,24.0,14.0,9.0
LE07_195024_20041111,2004-11-11,195.0,24.0,79.0,9.0
LE07_195024_20050404,2005-04-04,195.0,24.0,3.0,9.0
LE07_195024_20050420,2005-04-20,195.0,24.0,53.0,9.0
LE07_195024_20050607,2005-06-07,195.0,24.0,79.0,9.0
LE07_195024_20050623,2005-06-23,195.0,24.0,0.0,9.0
LE07_195024_20050725,2005-07-25,195.0,24.0,59.0,9.0
LE07_195024_20051013,2005-10-13,195.0,24.0,1.0,9.0
LE07_195024_20051029,2005-10-29,195.0,24.0,9.0,9.0
LE07_195024_20060509,2006-05-09,195.0,24.0,3.0,9.0
LE07_195024_20060610,2006-06-10,195.0,24.0,10.0,9.0
LE07_195024_20060626,2006-06-26,195.0,24.0,80.0,9.0
LE07_195024_20060712,2006-07-12,195.0,24.0,44.0,9.0
LE07_195024_20060914,2006-09-14,195.0,24.0,4.0,9.0
LE07_195024_20060930,2006-09-30,195.0,24.0,59.0,9.0
LE07_195024_20061016,2006-10-16,195.0,24.0,12.0,9.0
LE07_195024_20070325,2007-03-25,195.0,24.0,34.0,9.0
LE07_195024_20070426,2007-04-26,195.0,24.0,0.0,9.0
LE07_195024_20070613,2007-06-13,195.0,24.0,65.0,9.0
LE07_195024_20071019,2007-10-19,195.0,24.0,55.0,9.0
LE07_195024_20080327,2008-03-27,195.0,24.0,83.0,9.0
LE07_195024_20080412,2008-04-12,195.0,24.0,13.0,9.0
LE07_195024_20080514,2008-05-14,195.0,24.0,1.0,9.0
LE07_195024_20080530,2008-05-30,195.0,24.0,12.0,9.0
LE07_195024_20080615,2008-06-15,195.0,24.0,67.0,9.0
LE07_195024_20080701,2008-07-01,195.0,24.0,6.0,9.0
LE07_195024_20080802,2008-08-02,195.0,24.0,81.0,9.0
LE07_195024_20090330,2009-03-30,195.0,24.0,29.0,9.0
LE07_195024_20090415,2009-04-15,195.0,24.0,8.0,9.0
LE07_195024_20090501,2009-05-01,195.0,24.0,43.0,9.0
LE07_195024_20090602,2009-06-02,195.0,24.0,4.0,9.0
LE07_195024_20090704,2009-07-04,195.0,24.0,61.0,9.0
LE07_195024_20090805,2009-08-05,195.0,24.0,11.0,9.0
LE07_195024_20091008,2009-10-08,195.0,24.0,91.0,9.0
LE07_195024_20091024,2009-10-24,195.0,24.0,84.0,9.0
LE07_195024_20100402,2010-04-02,195.0,24.0,19.0,9.0
LE07_195024_20100418,2010-04-18,195.0,24.0,0.0,9.0
LE07_195024_20100605,2010-06-05,195.0,24.0,0.0,9.0
LE07_195024_20100621,2010-06-21,195.0,24.0,92.0,9.0
LE07_195024_20100707,2010-07-07,195.0,24.0,14.0,9.0
LE07_195024_20101011,2010-10-11,195.0,24.0,0.0,9.0
LE07_195024_20110320,2011-03-20,195.0,24.0,13.0,9.0
LE07_195024_20110421,2011-04-21,195.0,24.0,3.0,9.0
LE07_195024_20110507,2011-05-07,195.0,24.0,1.0,9.0
LE07_195024_20110726,2011-07-26,195.0,24.0,89.0,9.0
LE07_195024_20110928,2011-09-28,195.0,24.0,31.0,9.0
LE07_195024_20111014,2011-10-14,195.0,24.0,21.0,9.0
LE07_195024_20111030,2011-10-30,195.0,24.0,80.0,9.0
LE07_195024_20111115,2011-11-15,195.0,24.0,60.0,9.0
LE07_195024_20120219,2012-02-19,195.0,24.0,81.0,9.0
LE07_195024_20120306,2012-03-06,195.0,24.0,4.0,9.0
LE07_195024_20120322,2012-03-22,195.0,24.0,37.0,9.0
LE07_195024_20120407,2012-04-07,195.0,24.0,83.0,9.0
LE07_195024_20120423,2012-04-23,195.0,24.0,60.0,9.0
LE07_195024_20120525,2012-05-25,195.0,24.0,0.0,9.0
LE07_195024_20120610,2012-06-10,195.0,24.0,57.0,9.0
LE07_195024_20120728,2012-07-28,195.0,24.0,83.0,9.0
LE07_195024_20120829,2012-08-29,195.0,24.0,31.0,9.0
LE07_195024_20120914,2012-09-14,195.0,24.0,73.0,9.0
LE07_195024_20120930,2012-09-30,195.0,24.0,4.0,9.0
LE07_195024_20121016,2012-10-16,195.0,24.0,60.0,9.0
LE07_195024_20121117,2012-11-17,195.0,24.0,21.0,9.0
LE07_195024_20121203,2012-12-03,195.0,24.0,85.0,9.0
LE07_195025_20000202,2000-02-02,195.0,25.0,90.0,9.0
LE07_195025_20000305,2000-03-05,195.0,25.0,83.0,9.0
LE07_195025_20000321,2000-03-21,195.0,25.0,10.0,9.0
LE07_195025_20000406,2000-04-06,195.0,25.0,0.0,9.0
LE07_195025_20000422,2000-04-22,195.0,25.0,13.0,9.0
LE07_195025_20000508,2000-05-08,195.0,25.0,12.0,9.0
LE07_195025_20000609,2000-06-09,195.0,25.0,7.0,9.0
LE07_195025_20000727,2000-07-27,195.0,25.0,82.0,9.0
LE07_195025_20000812,2000-08-12,195.0,25.0,11.0,9.0
LE07_195025_20000828,2000-08-28,195.0,25.0,24.0,9.0
LE07_195025_20000913,2000-09-13,195.0,25.0,73.0,9.0
LE07_195025_20000929,2000-09-29,195.0,25.0,3.0,9.0
LE07_195025_20001015,2000-10-15,195.0,25.0,44.0,9.0
LE07_195025_20001116,2000-11-16,195.0,25.0,56.0,9.0
LE07_195025_20001202,2000-12-02,195.0,25.0,92.0,9.0
LE07_195025_20001218,2000-12-18,195.0,25.0,83.0,9.0
LE07_195025_20010119,2001-01-19,195.0,25.0,48.0,9.0
LE07_195025_20010308,2001-03-08,195.0,25.0,100.0,9.0
LE07_195025_20010324,2001-03-24,195.0,25.0,85.0,9.0
LE07_195025_20010425,2001-04-25,195.0,25.0,92.0,9.0
LE07_195025_20010511,2001-05-11,195.0,25.0,8.0,9.0
LE07_195025_20010527,2001-05-27,195.0,25.0,64.0,9.0
LE07_195025_20010612,2001-06-12,195.0,25.0,69.0,9.0
LE07_195025_20010628,2001-06-28,195.0,25.0,73.0,9.0
LE07_195025_20010714,2001-07-14,195.0,25.0,93.0,9.0
LE07_195025_20010730,2001-07-30,195.0,25.0,0.0,9.0
LE07_195025_20010815,2001-08-15,195.0,25.0,0.0,9.0
LE07_195025_20010831,2001-08-31,195.0,25.0,69.0,9.0
LE07_195025_20011002,2001-10-02,195.0,25.0,46.0,9.0
LE07_195025_20011018,2001-10-18,195.0,25.0,90.0,9.0
LE07_195025_20011103,2001-11-03,195.0,25.0,29.0,9.0
LE07_195025_20011205,2001-12-05,195.0,25.0,90.0,9.0
LE07_195025_20020106,2002-01-06,195.0,25.0,67.0,9.0
LE07_195025_20020122,2002-01-22,195.0,25.0,78.0,9.0
LE07_195025_20020207,2002-02-07,195.0,25.0,79.0,9.0
LE07_195025_20020223,2002-02-23,195.0,25.0,65.0,9.0
LE07_195025_20020311,2002-03-11,195.0,25.0,35.0,9.0
LE07_195025_20020327,2002-03-27,195.0,25.0,3.0,9.0
LE07_195025_20020412,2002-04-12,195.0,25.0,71.0,9.0
LE07_195025_20020514,2002-05-14,195.0,25.0,71.0,9.0
LE07_195025_20020530,2002-05-30,195.0,25.0,59.0,9.0
LE07_195025_20020615,2002-06-15,195.0,25.0,97.0,9.0
LE07_195025_20020802,2002-08-02,195.0,25.0,21.0,9.0
LE07_195025_20020818,2002-08-18,195.0,25.0,2.0,9.0
LE07_195025_20020903,2002-09-03,195.0,25.0,28.0,9.0
LE07_195025_20020919,2002-09-19,195.0,25.0,27.0,9.0
LE07_195025_20021005,2002-10-05,195.0,25.0,95.0,9.0
LE07_195025_20021106,2002-11-06,195.0,25.0,76.0,9.0
LE07_195025_20021208,2002-12-08,195.0,25.0,5.0,9.0
LE07_195025_20030109,2003-01-09,195.0,25.0,2.0,9.0
LE07_195025_20030125,2003-01-25,195.0,25.0,18.0,9.0
LE07_195025_20030210,2003-02-10,195.0,25.0,16.0,9.0
LE07_195025_20030226,2003-02-26,195.0,25.0,29.0,9.0
LE07_195025_20030314,2003-03-14,195.0,25.0,48.0,9.0
LE07_195025_20030330,2003-03-30,195.0,25.0,39.0,9.0
LE07_195025_20030415,2003-04-15,195.0,25.0,0.0,9.0
LE07_195025_20030501,2003-05-01,195.0,25.0,78.0,9.0
LE07_195025_20030805,2003-08-05,195.0,25.0,0.0,9.0
LE07_195025_20031109,2003-11-09,195.0,25.0,3.0,9.0
LE07_195025_20031125,2003-11-25,195.0,25.0,62.0,9.0
LE07_195025_20031211,2003-12-11,195.0,25.0,70.0,9.0
LE07_195025_20040401,2004-04-01,195.0,25.0,14.0,9.0
LE07_195025_20040417,2004-04-17,195.0,25.0,11.0,9.0
LE07_195025_20040620,2004-06-20,195.0,25.0,60.0,9.0
LE07_195025_20040706,2004-07-06,195.0,25.0,29.0,9.0
LE07_195025_20040722,2004-07-22,195.0,25.0,32.0,9.0
LE07_195025_20040807,2004-08-07,195.0,25.0,21.0,9.0
LE07_195025_20040908,2004-09-08,195.0,25.0,29.0,9.0
LE07_195025_20041010,2004-10-10,195.0,25.0,22.0,9.0
LE07_195025_20050404,2005-04-04,195.0,25.0,1.0,9.0
LE07_195025_20050623,2005-06-23,195.0,25.0,0.0,9.0
LE07_195025_20050709,2005-07-09,195.0,25.0,41.0,9.0
LE07_195025_20051013,2005-10-13,195.0,25.0,0.0,9.0
LE07_195025_20051029,2005-10-29,195.0,25.0,54.0,9.0
LE07_195025_20051114,2005-11-14,195.0,25.0,95.0,9.0
LE07_195025_20060407,2006-04-07,195.0,25.0,5.0,9.0
LE07_195025_20060509,2006-05-09,195.0,25.0,16.0,9.0
LE07_195025_20060610,2006-06-10,195.0,25.0,17.0,9.0
LE07_195025_20060712,2006-07-12,195.0,25.0,44.0,9.0
LE07_195025_20060914,2006-09-14,195.0,25.0,32.0,9.0
LE07_195025_20061016,2006-10-16,195.0,25.0,33.0,9.0
LE07_195025_20070221,2007-02-21,195.0,25.0,57.0,9.0
LE07_195025_20070426,2007-04-26,195.0,25.0,0.0,9.0
LE07_195025_20070613,2007-06-13,195.0,25.0,37.0,9.0
LE07_195025_20070715,2007-07-15,195.0,25.0,1.0,9.0
LE07_195025_20080224,2008-02-24,195.0,25.0,16.0,9.0
LE07_195025_20080412,2008-04-12,195.0,25.0,22.0,9.0
LE07_195025_20080514,2008-05-14,195.0,25.0,3.0,9.0
LE07_195025_20080530,2008-05-30,195.0,25.0,60.0,9.0
LE07_195025_20080615,2008-06-15,195.0,25.0,75.0,9.0
LE07_195025_20080701,2008-07-01,195.0,25.0,2.0,9.0
LE07_195025_20080802,2008-08-02,195.0,25.0,53.0,9.0
LE07_195025_20080919,2008-09-19,195.0,25.0,4.0,9.0
LE07_195025_20081208,2008-12-08,195.0,25.0,86.0,9.0
LE07_195025_20090330,2009-03-30,195.0,25.0,31.0,9.0
LE07_195025_20090415,2009-04-15,195.0,25.0,7.0,9.0
LE07_195025_20090501,2009-05-01,195.0,25.0,32.0,9.0
LE07_195025_20090602,2009-06-02,195.0,25.0,13.0,9.0
LE07_195025_20090704,2009-07-04,195.0,25.0,46.0,9.0
LE07_195025_20090805,2009-08-05,195.0,25.0,19.0,9.0
LE07_195025_20090906,2009-09-06,195.0,25.0,37.0,9.0
LE07_195025_20090922,2009-09-22,195.0,25.0,9.0,9.0
LE07_195025_20091008,2009-10-08,195.0,25.0,96.0,9.0
LE07_195025_20091125,2009-11-25,195.0,25.0,27.0,9.0
LE07_195025_20100402,2010-04-02,195.0,25.0,29.0,9.0
LE07_195025_20100418,2010-04-18,195.0,25.0,0.0,9.0
LE07_195025_20100605,2010-06-05,195.0,25.0,1.0,9.0
LE07_195025_20100707,2010-07-07,195.0,25.0,14.0,9.0
LE07_195025_20101011,2010-10-11,195.0,25.0,0.0,9.0
LE07_195025_20110320,2011-03-20,195.0,25.0,5.0,9.0
LE07_195025_20110405,2011-04-05,195.0,25.0,94.0,9.0
LE07_195025_20110421,2011-04-21,195.0,25.0,12.0,9.0
LE07_195025_20110507,2011-05-07,195.0,25.0,3.0,9.0
LE07_195025_20110726,2011-07-26,195.0,25.0,80.0,9.0
LE07_195025_20110811,2011-08-11,195.0,25.0,52.0,9.0
LE07_195025_20110928,2011-09-28,195.0,25.0,10.0,9.0
LE07_195025_20111014,2011-10-14,195.0,25.0,9.0,9.0
LE07_195025_20111115,2011-11-15,195.0,25.0,33.0,9.0
LE07_195025_20120219,2012-02-19,195.0,25.0,71.0,9.0
LE07_195025_20120306,2012-03-06,195.0,25.0,3.0,9.0
LE07_195025_20120322,2012-03-22,195.0,25.0,2.0,9.0
LE07_195025_20120525,2012-05-25,195.0,25.0,4.0,9.0
LE07_195025_20120610,2012-06-10,195.0,25.0,81.0,9.0
LE07_195025_20120626,2012-06-26,195.0,25.0,68.0,9.0
LE07_195025_20120712,2012-07-12,195.0,25.0,79.0,9.0
LE07_195025_20120728,2012-07-28,195.0,25.0,94.0,9.0
LE07_195025_20120829,2012-08-29,195.0,25.0,66.0,9.0
LE07_195025_20120914,2012-09-14,195.0,25.0,20.0,9.0
LE07_195025_20120930,2012-09-30,195.0,25.0,3.0,9.0
LE07_195025_20121016,2012-10-16,195.0,25.0,64.0,9.0
LE07_195025_20121101,2012-11-01,195.0,25.0,100.0,9.0
LE07_195025_20121117,2012-11-17,195.0,25.0,80.0,9.0
LE07_195025_20121203,2012-12-03,195.0,25.0,97.0,9.0
LE07_195026_20000202,2000-02-02,195.0,26.0,100.0,9.0
LE07_195026_20000305,2000-03-05,195.0,26.0,43.0,9.0
LE07_195026_20000321,2000-03-21,195.0,26.0,17.0,9.0
LE07_195026_20000406,2000-04-06,195.0,26.0,28.0,9.0
LE07_195026_20000422,2000-04-22,195.0,26.0,9.0,9.0
LE07_195026_20000508,2000-05-08,195.0,26.0,47.0,9.0
LE07_195026_20000524,2000-05-24,195.0,26.0,36.0,9.0
LE07_195026_20000609,2000-06-09,195.0,26.0,5.0,9.0
LE07_195026_20000711,2000-07-11,195.0,26.0,92.0,9.0
LE07_195026_20000727,2000-07-27,195.0,26.0,83.0,9.0
LE07_195026_20000812,2000-08-12,195.0,26.0,3.0,9.0
LE07_195026_20000828,2000-08-28,195.0,26.0,48.0,9.0
LE07_195026_20000929,2000-09-29,195.0,26.0,1.0,9.0
LE07_195026_20001015,2000-10-15,195.0,26.0,96.0,9.0
LE07_195026_20001116,2000-11-16,195.0,26.0,11.0,9.0
LE07_195026_20001218,2000-12-18,195.0,26.0,81.0,9.0
LE07_195026_20010103,2001-01-03,195.0,26.0,70.0,9.0
LE07_195026_20010119,2001-01-19,195.0,26.0,86.0,9.0
LE07_195026_20010220,2001-02-20,195.0,26.0,100.0,9.0
LE07_195026_20010324,2001-03-24,195.0,26.0,97.0,9.0
LE07_195026_20010511,2001-05-11,195.0,26.0,9.0,9.0
LE07_195026_20010527,2001-05-27,195.0,26.0,16.0,9.0
LE07_195026_20010612,2001-06-12,195.0,26.0,20.0,9.0
LE07_195026_20010730,2001-07-30,195.0,26.0,1.0,9.0
LE07_195026_20010815,2001-08-15,195.0,26.0,0.0,9.0
LE07_195026_20010831,2001-08-31,195.0,26.0,91.0,9.0
LE07_195026_20010916,2001-09-16,195.0,26.0,88.0,9.0
LE07_195026_20011002,2001-10-02,195.0,26.0,6.0,9.0
LE07_195026_20011018,2001-10-18,195.0,26.0,64.0,9.0
LE07_195026_20011103,2001-11-03,195.0,26.0,4.0,9.0
LE07_195026_20011221,2001-12-21,195.0,26.0,93.0,9.0
LE07_195026_20020106,2002-01-06,195.0,26.0,16.0,9.0
LE07_195026_20020122,2002-01-22,195.0,26.0,88.0,9.0
LE07_195026_20020207,2002-02-07,195.0,26.0,66.0,9.0
LE07_195026_20020223,2002-02-23,195.0,26.0,92.0,9.0
LE07_195026_20020311,2002-03-11,195.0,26.0,61.0,9.0
LE07_195026_20020327,2002-03-27,195.0,26.0,3.0,9.0
LE07_195026_20020412,2002-04-12,195.0,26.0,75.0,9.0
LE07_195026_20020428,2002-04-28,195.0,26.0,98.0,9.0
LE07_195026_20020514,2002-05-14,195.0,26.0,54.0,9.0
LE07_195026_20020530,2002-05-30,195.0,26.0,53.0,9.0
LE07_195026_20020615,2002-06-15,195.0,26.0,94.0,9.0
LE07_195026_20020701,2002-07-01,195.0,26.0,72.0,9.0
LE07_195026_20020802,2002-08-02,195.0,26.0,10.0,9.0
LE07_195026_20020818,2002-08-18,195.0,26.0,3.0,9.0
LE07_195026_20020903,2002-09-03,195.0,26.0,23.0,9.0
LE07_195026_20020919,2002-09-19,195.0,26.0,81.0,9.0
LE07_195026_20021005,2002-10-05,195.0,26.0,63.0,9.0
LE07_195026_20021106,2002-11-06,195.0,26.0,82.0,9.0
LE07_195026_20021208,2002-12-08,195.0,26.0,78.0,9.0
LE07_195026_20021224,2002-12-24,195.0,26.0,98.0,9.0
LE07_195026_20030109,2003-01-09,195.0,26.0,9.0,9.0
LE07_195026_20030125,2003-01-25,195.0,26.0,42.0,9.0
LE07_195026_20030210,2003-02-10,195.0,26.0,47.0,9.0
LE07_195026_20030226,2003-02-26,195.0,26.0,41.0,9.0
LE07_195026_20030314,2003-03-14,195.0,26.0,13.0,9.0
LE07_195026_20030330,2003-03-30,195.0,26.0,33.0,9.0
LE07_195026_20030415,2003-04-15,195.0,26.0,0.0,9.0
LE07_195026_20030501,2003-05-01,195.0,26.0,33.0,9.0
LE07_195026_20030805,2003-08-05,195.0,26.0,3.0,9.0
LE07_195026_20031109,2003-11-09,195.0,26.0,6.0,9.0
LE07_195026_20031125,2003-11-25,195.0,26.0,64.0,9.0
LE07_195026_20031211,2003-12-11,195.0,26.0,35.0,9.0
LE07_195026_20040229,2004-02-29,195.0,26.0,28.0,9.0
LE07_195026_20040401,2004-04-01,195.0,26.0,0.0,9.0
LE07_195026_20040519,2004-05-19,195.0,26.0,26.0,9.0
LE07_195026_20040620,2004-06-20,195.0,26.0,71.0,9.0
LE07_195026_20040706,2004-07-06,195.0,26.0,32.0,9.0
LE07_195026_20040722,2004-07-22,195.0,26.0,13.0,9.0
LE07_195026_20040807,2004-08-07,195.0,26.0,40.0,9.0
LE07_195026_20040908,2004-09-08,195.0,26.0,45.0,9.0
LE07_195026_20041010,2004-10-10,195.0,26.0,87.0,9.0
LE07_195026_20041213,2004-12-13,195.0,26.0,68.0,9.0
LE07_195026_20050114,2005-01-14,195.0,26.0,37.0,9.0
LE07_195026_20050303,2005-03-03,195.0,26.0,13.0,9.0
LE07_195026_20050319,2005-03-19,195.0,26.0,64.0,9.0
LE07_195026_20050404,2005-04-04,195.0,26.0,8.0,9.0
LE07_195026_20050623,2005-06-23,195.0,26.0,0.0,9.0
LE07_195026_20050709,2005-07-09,195.0,26.0,51.0,9.0
LE07_195026_20050810,2005-08-10,195.0,26.0,47.0,9.0
LE07_195026_20051013,2005-10-13,195.0,26.0,9.0,9.0
LE07_195026_20051029,2005-10-29,195.0,26.0,28.0,9.0
LE07_195026_20051114,2005-11-14,195.0,26.0,89.0,9.0
LE07_195026_20060202,2006-02-02,195.0,26.0,45.0,9.0
LE07_195026_20060407,2006-04-07,195.0,26.0,4.0,9.0
LE07_195026_20060423,2006-04-23,195.0,26.0,32.0,9.0
LE07_195026_20060509,2006-05-09,195.0,26.0,85.0,9.0
LE07_195026_20060610,2006-06-10,195.0,26.0,3.0,9.0
LE07_195026_20060626,2006-06-26,195.0,26.0,67.0,9.0
LE07_195026_20060712,2006-07-12,195.0,26.0,21.0,9.0
LE07_195026_20060914,2006-09-14,195.0,26.0,71.0,9.0
LE07_195026_20061016,2006-10-16,195.0,26.0,24.0,9.0
LE07_195026_20061101,2006-11-01,195.0,26.0,47.0,9.0
LE07_195026_20070221,2007-02-21,195.0,26.0,32.0,9.0
LE07_195026_20070410,2007-04-10,195.0,26.0,9.0,9.0
LE07_195026_20070426,2007-04-26,195.0,26.0,16.0,9.0
LE07_195026_20070613,2007-06-13,195.0,26.0,41.0,9.0
LE07_195026_20070715,2007-07-15,195.0,26.0,0.0,9.0
LE07_195026_20070731,2007-07-31,195.0,26.0,34.0,9.0
LE07_195026_20071104,2007-11-04,195.0,26.0,48.0,9.0
LE07_195026_20071222,2007-12-22,195.0,26.0,38.0,9.0
LE07_195026_20080123,2008-01-23,195.0,26.0,25.0,9.0
LE07_195026_20080208,2008-02-08,195.0,26.0,1.0,9.0
LE07_195026_20080224,2008-02-24,195.0,26.0,0.0,9.0
LE07_195026_20080412,2008-04-12,195.0,26.0,45.0,9.0
LE07_195026_20080514,2008-05-14,195.0,26.0,5.0,9.0
LE07_195026_20080530,2008-05-30,195.0,26.0,49.0,9.0
LE07_195026_20080701,2008-07-01,195.0,26.0,4.0,9.0
LE07_195026_20080919,2008-09-19,195.0,26.0,8.0,9.0
LE07_195026_20081021,2008-10-21,195.0,26.0,74.0,9.0
LE07_195026_20081208,2008-12-08,195.0,26.0,46.0,9.0
LE07_195026_20081224,2008-12-24,195.0,26.0,60.0,9.0
LE07_195026_20090109,2009-01-09,195.0,26.0,4.0,9.0
LE07_195026_20090125,2009-01-25,195.0,26.0,9.0,9.0
LE07_195026_20090330,2009-03-30,195.0,26.0,42.0,9.0
LE07_195026_20090415,2009-04-15,195.0,26.0,1.0,9.0
LE07_195026_20090501,2009-05-01,195.0,26.0,24.0,9.0
LE07_195026_20090517,2009-05-17,195.0,26.0,8.0,9.0
LE07_195026_20090602,2009-06-02,195.0,26.0,24.0,9.0
LE07_195026_20090618,2009-06-18,195.0,26.0,50.0,9.0
LE07_195026_20090906,2009-09-06,195.0,26.0,34.0,9.0
LE07_195026_20090922,2009-09-22,195.0,26.0,37.0,9.0
LE07_195026_20091008,2009-10-08,195.0,26.0,92.0,9.0
LE07_195026_20091024,2009-10-24,195.0,26.0,72.0,9.0
LE07_195026_20091125,2009-11-25,195.0,26.0,11.0,9.0
LE07_195026_20091227,2009-12-27,195.0,26.0,31.0,9.0
LE07_195026_20100402,2010-04-02,195.0,26.0,56.0,9.0
LE07_195026_20100418,2010-04-18,195.0,26.0,8.0,9.0
LE07_195026_20100605,2010-06-05,195.0,26.0,0.0,9.0
LE07_195026_20100707,2010-07-07,195.0,26.0,6.0,9.0
LE07_195026_20101011,2010-10-11,195.0,26.0,0.0,9.0
LE07_195026_20101214,2010-12-14,195.0,26.0,67.0,9.0
LE07_195026_20110131,2011-01-31,195.0,26.0,59.0,9.0
LE07_195026_20110304,2011-03-04,195.0,26.0,2.0,9.0
LE07_195026_20110320,2011-03-20,195.0,26.0,2.0,9.0
LE07_195026_20110405,2011-04-05,195.0,26.0,71.0,9.0
LE07_195026_20110421,2011-04-21,195.0,26.0,4.0,9.0
LE07_195026_20110507,2011-05-07,195.0,26.0,11.0,9.0
LE07_195026_20110726,2011-07-26,195.0,26.0,74.0,9.0
LE07_195026_20110811,2011-08-11,195.0,26.0,61.0,9.0
LE07_195026_20110912,2011-09-12,195.0,26.0,12.0,9.0
LE07_195026_20110928,2011-09-28,195.0,26.0,0.0,9.0
LE07_195026_20111014,2011-10-14,195.0,26.0,2.0,9.0
LE07_195026_20111030,2011-10-30,195.0,26.0,87.0,9.0
LE07_195026_20111115,2011-11-15,195.0,26.0,70.0,9.0
LE07_195026_20120203,2012-02-03,195.0,26.0,0.0,9.0
LE07_195026_20120219,2012-02-19,195.0,26.0,87.0,9.0
LE07_195026_20120306,2012-03-06,195.0,26.0,4.0,9.0
LE07_195026_20120322,2012-03-22,195.0,26.0,0.0,9.0
LE07_195026_20120423,2012-04-23,195.0,26.0,71.0,9.0
LE07_195026_20120525,2012-05-25,195.0,26.0,40.0,9.0
LE07_195026_20120610,2012-06-10,195.0,26.0,76.0,9.0
LE07_195026_20120626,2012-06-26,195.0,26.0,44.0,9.0
LE07_195026_20120829,2012-08-29,195.0,26.0,35.0,9.0
LE07_195026_20120914,2012-09-14,195.0,26.0,7.0,9.0
LE07_195026_20120930,2012-09-30,195.0,26.0,28.0,9.0
LE07_195026_20121016,2012-10-16,195.0,26.0,31.0,9.0
LE07_195026_20121101,2012-11-01,195.0,26.0,85.0,9.0
LE07_195026_20121117,2012-11-17,195.0,26.0,72.0,9.0
LE07_195026_20121203,2012-12-03,195.0,26.0,97.0,9.0
LE07_195027_20000101,2000-01-01,195.0,27.0,60.0,9.0
LE07_195027_20000117,2000-01-17,195.0,27.0,65.0,9.0
LE07_195027_20000305,2000-03-05,195.0,27.0,10.0,9.0
LE07_195027_20000321,2000-03-21,195.0,27.0,2.0,9.0
LE07_195027_20000422,2000-04-22,195.0,27.0,14.0,9.0
LE07_195027_20000508,2000-05-08,195.0,27.0,50.0,9.0
LE07_195027_20000524,2000-05-24,195.0,27.0,17.0,9.0
LE07_195027_20000609,2000-06-09,195.0,27.0,4.0,9.0
LE07_195027_20000625,2000-06-25,195.0,27.0,90.0,9.0
LE07_195027_20000711,2000-07-11,195.0,27.0,77.0,9.0
LE07_195027_20000727,2000-07-27,195.0,27.0,76.0,9.0
LE07_195027_20000812,2000-08-12,195.0,27.0,8.0,9.0
LE07_195027_20000828,2000-08-28,195.0,27.0,43.0,9.0
LE07_195027_20000913,2000-09-13,195.0,27.0,90.0,9.0
LE07_195027_20000929,2000-09-29,195.0,27.0,14.0,9.0
LE07_195027_20001015,2000-10-15,195.0,27.0,96.0,9.0
LE07_195027_20001116,2000-11-16,195.0,27.0,60.0,9.0
LE07_195027_20001218,2000-12-18,195.0,27.0,71.0,9.0
LE07_195027_20010103,2001-01-03,195.0,27.0,75.0,9.0
LE07_195027_20010204,2001-02-04,195.0,27.0,73.0,9.0
LE07_195027_20010220,2001-02-20,195.0,27.0,87.0,9.0
LE07_195027_20010308,2001-03-08,195.0,27.0,98.0,9.0
LE07_195027_20010324,2001-03-24,195.0,27.0,95.0,9.0
LE07_195027_20010425,2001-04-25,195.0,27.0,86.0,9.0
LE07_195027_20010511,2001-05-11,195.0,27.0,10.0,9.0
LE07_195027_20010527,2001-05-27,195.0,27.0,9.0,9.0
LE07_195027_20010612,2001-06-12,195.0,27.0,4.0,9.0
LE07_195027_20010714,2001-07-14,195.0,27.0,87.0,9.0
LE07_195027_20010730,2001-07-30,195.0,27.0,10.0,9.0
LE07_195027_20010815,2001-08-15,195.0,27.0,1.0,9.0
LE07_195027_20010916,2001-09-16,195.0,27.0,90.0,9.0
LE07_195027_20011002,2001-10-02,195.0,27.0,2.0,9.0
LE07_195027_20011018,2001-10-18,195.0,27.0,65.0,9.0
LE07_195027_20011103,2001-11-03,195.0,27.0,11.0,9.0
LE07_195027_20011119,2001-11-19,195.0,27.0,79.0,9.0
LE07_195027_20011221,2001-12-21,195.0,27.0,35.0,9.0
LE07_195027_20020106,2002-01-06,195.0,27.0,40.0,9.0
LE07_195027_20020122,2002-01-22,195.0,27.0,67.0,9.0
LE07_195027_20020207,2002-02-07,195.0,27.0,53.0,9.0
LE07_195027_20020223,2002-02-23,195.0,27.0,100.0,9.0
LE07_195027_20020311,2002-03-11,195.0,27.0,24.0,9.0
LE07_195027_20020327,2002-03-27,195.0,27.0,12.0,9.0
LE07_195027_20020412,2002-04-12,195.0,27.0,86.0,9.0
LE07_195027_20020428,2002-04-28,195.0,27.0,81.0,9.0
LE07_195027_20020514,2002-05-14,195.0,27.0,15.0,9.0
LE07_195027_20020530,2002-05-30,195.0,27.0,13.0,9.0
LE07_195027_20020615,2002-06-15,195.0,27.0,56.0,9.0
LE07_195027_20020701,2002-07-01,195.0,27.0,24.0,9.0
LE07_195027_20020802,2002-08-02,195.0,27.0,11.0,9.0
LE07_195027_20020818,2002-08-18,195.0,27.0,5.0,9.0
LE07_195027_20020903,2002-09-03,195.0,27.0,92.0,9.0
LE07_195027_20021005,2002-10-05,195.0,27.0,43.0,9.0
LE07_195027_20021106,2002-11-06,195.0,27.0,60.0,9.0
LE07_195027_20021208,2002-12-08,195.0,27.0,76.0,9.0
LE07_195027_20021224,2002-12-24,195.0,27.0,100.0,9.0
LE07_195027_20030109,2003-01-09,195.0,27.0,47.0,9.0
LE07_195027_20030125,2003-01-25,195.0,27.0,60.0,9.0
LE07_195027_20030210,2003-02-10,195.0,27.0,56.0,9.0
LE07_195027_20030226,2003-02-26,195.0,27.0,9.0,9.0
LE07_195027_20030314,2003-03-14,195.0,27.0,3.0,9.0
LE07_195027_20030330,2003-03-30,195.0,27.0,54.0,9.0
LE07_195027_20030415,2003-04-15,195.0,27.0,3.0,9.0
LE07_195027_20030501,2003-05-01,195.0,27.0,19.0,9.0
LE07_195027_20030805,2003-08-05,195.0,27.0,4.0,9.0
LE07_195027_20031109,2003-11-09,195.0,27.0,25.0,9.0
LE07_195027_20031125,2003-11-25,195.0,27.0,83.0,9.0
LE07_195027_20031211,2003-12-11,195.0,27.0,20.0,9.0
LE07_195027_20040229,2004-02-29,195.0,27.0,67.0,9.0
LE07_195027_20040316,2004-03-16,195.0,27.0,5.0,9.0
LE07_195027_20040401,2004-04-01,195.0,27.0,2.0,9.0
LE07_195027_20040519,2004-05-19,195.0,27.0,10.0,9.0
LE07_195027_20040620,2004-06-20,195.0,27.0,88.0,9.0
LE07_195027_20040706,2004-07-06,195.0,27.0,81.0,9.0
LE07_195027_20040722,2004-07-22,195.0,27.0,4.0,9.0
LE07_195027_20040908,2004-09-08,195.0,27.0,4.0,9.0
LE07_195027_20041213,2004-12-13,195.0,27.0,45.0,9.0
LE07_195027_20050114,2005-01-14,195.0,27.0,12.0,9.0
LE07_195027_20050130,2005-01-30,195.0,27.0,30.0,9.0
LE07_195027_20050303,2005-03-03,195.0,27.0,13.0,9.0
LE07_195027_20050319,2005-03-19,195.0,27.0,5.0,9.0
LE07_195027_20050404,2005-04-04,195.0,27.0,6.0,9.0
LE07_195027_20050623,2005-06-23,195.0,27.0,3.0,9.0
LE07_195027_20050709,2005-07-09,195.0,27.0,69.0,9.0
LE07_195027_20050810,2005-08-10,195.0,27.0,14.0,9.0
LE07_195027_20051013,2005-10-13,195.0,27.0,18.0,9.0
LE07_195027_20051029,2005-10-29,195.0,27.0,12.0,9.0
LE07_195027_20051114,2005-11-14,195.0,27.0,81.0,9.0
LE07_195027_20060202,2006-02-02,195.0,27.0,42.0,9.0
LE07_195027_20060407,2006-04-07,195.0,27.0,8.0,9.0
LE07_195027_20060423,2006-04-23,195.0,27.0,39.0,9.0
LE07_195027_20060610,2006-06-10,195.0,27.0,7.0,9.0
LE07_195027_20060626,2006-06-26,195.0,27.0,56.0,9.0
LE07_195027_20060712,2006-07-12,195.0,27.0,28.0,9.0
LE07_195027_20061016,2006-10-16,195.0,27.0,71.0,9.0
LE07_195027_20061101,2006-11-01,195.0,27.0,69.0,9.0
LE07_195027_20061203,2006-12-03,195.0,27.0,50.0,9.0
LE07_195027_20061219,2006-12-19,195.0,27.0,58.0,9.0
LE07_195027_20070221,2007-02-21,195.0,27.0,8.0,9.0
LE07_195027_20070410,2007-04-10,195.0,27.0,3.0,9.0
LE07_195027_20070426,2007-04-26,195.0,27.0,33.0,9.0
LE07_195027_20070715,2007-07-15,195.0,27.0,1.0,9.0
LE07_195027_20070731,2007-07-31,195.0,27.0,16.0,9.0
LE07_195027_20071104,2007-11-04,195.0,27.0,87.0,9.0
LE07_195027_20071222,2007-12-22,195.0,27.0,53.0,9.0
LE07_195027_20080123,2008-01-23,195.0,27.0,3.0,9.0
LE07_195027_20080208,2008-02-08,195.0,27.0,2.0,9.0
LE07_195027_20080224,2008-02-24,195.0,27.0,1.0,9.0
LE07_195027_20080701,2008-07-01,195.0,27.0,6.0,9.0
LE07_195027_20080818,2008-08-18,195.0,27.0,7.0,9.0
LE07_195027_20080919,2008-09-19,195.0,27.0,46.0,9.0
LE07_195027_20081021,2008-10-21,195.0,27.0,88.0,9.0
LE07_195027_20081106,2008-11-06,195.0,27.0,93.0,9.0
LE07_195027_20081208,2008-12-08,195.0,27.0,23.0,9.0
LE07_195027_20081224,2008-12-24,195.0,27.0,47.0,9.0
LE07_195027_20090109,2009-01-09,195.0,27.0,36.0,9.0
LE07_195027_20090125,2009-01-25,195.0,27.0,2.0,9.0
LE07_195027_20090330,2009-03-30,195.0,27.0,89.0,9.0
LE07_195027_20090415,2009-04-15,195.0,27.0,5.0,9.0
LE07_195027_20090501,2009-05-01,195.0,27.0,27.0,9.0
LE07_195027_20090517,2009-05-17,195.0,27.0,12.0,9.0
LE07_195027_20090602,2009-06-02,195.0,27.0,35.0,9.0
LE07_195027_20090618,2009-06-18,195.0,27.0,30.0,9.0
LE07_195027_20090906,2009-09-06,195.0,27.0,5.0,9.0
LE07_195027_20090922,2009-09-22,195.0,27.0,52.0,9.0
LE07_195027_20091024,2009-10-24,195.0,27.0,68.0,9.0
LE07_195027_20091125,2009-11-25,195.0,27.0,4.0,9.0
LE07_195027_20091227,2009-12-27,195.0,27.0,27.0,9.0
LE07_195027_20100112,2010-01-12,195.0,27.0,53.0,9.0
LE07_195027_20100402,2010-04-02,195.0,27.0,39.0,9.0
LE07_195027_20100418,2010-04-18,195.0,27.0,48.0,9.0
LE07_195027_20100605,2010-06-05,195.0,27.0,4.0,9.0
LE07_195027_20100621,2010-06-21,195.0,27.0,90.0,9.0
LE07_195027_20100707,2010-07-07,195.0,27.0,1.0,9.0
LE07_195027_20101011,2010-10-11,195.0,27.0,32.0,9.0
LE07_195027_20110131,2011-01-31,195.0,27.0,75.0,9.0
LE07_195027_20110304,2011-03-04,195.0,27.0,39.0,9.0
LE07_195027_20110320,2011-03-20,195.0,27.0,12.0,9.0
LE07_195027_20110405,2011-04-05,195.0,27.0,37.0,9.0
LE07_195027_20110421,2011-04-21,195.0,27.0,11.0,9.0
LE07_195027_20110507,2011-05-07,195.0,27.0,46.0,9.0
LE07_195027_20110624,2011-06-24,195.0,27.0,80.0,9.0
LE07_195027_20110710,2011-07-10,195.0,27.0,76.0,9.0
LE07_195027_20110726,2011-07-26,195.0,27.0,63.0,9.0
LE07_195027_20110811,2011-08-11,195.0,27.0,17.0,9.0
LE07_195027_20110912,2011-09-12,195.0,27.0,5.0,9.0
LE07_195027_20110928,2011-09-28,195.0,27.0,6.0,9.0
LE07_195027_20111014,2011-10-14,195.0,27.0,20.0,9.0
LE07_195027_20111030,2011-10-30,195.0,27.0,73.0,9.0
LE07_195027_20111115,2011-11-15,195.0,27.0,71.0,9.0
LE07_195027_20120203,2012-02-03,195.0,27.0,16.0,9.0
LE07_195027_20120306,2012-03-06,195.0,27.0,43.0,9.0
LE07_195027_20120322,2012-03-22,195.0,27.0,4.0,9.0
LE07_195027_20120423,2012-04-23,195.0,27.0,78.0,9.0
LE07_195027_20120525,2012-05-25,195.0,27.0,17.0,9.0
LE07_195027_20120610,2012-06-10,195.0,27.0,76.0,9.0
LE07_195027_20120626,2012-06-26,195.0,27.0,81.0,9.0
LE07_195027_20120712,2012-07-12,195.0,27.0,87.0,9.0
LE07_195027_20120728,2012-07-28,195.0,27.0,93.0,9.0
LE07_195027_20120829,2012-08-29,195.0,27.0,14.0,9.0
LE07_195027_20120914,2012-09-14,195.0,27.0,4.0,9.0
LE07_195027_20120930,2012-09-30,195.0,27.0,89.0,9.0
LE07_195027_20121016,2012-10-16,195.0,27.0,23.0,9.0
LE07_195027_20121101,2012-11-01,195.0,27.0,24.0,9.0
LE07_195027_20121117,2012-11-17,195.0,27.0,59.0,9.0
LE07_195027_20121203,2012-12-03,195.0,27.0,78.0,9.0
LE07_195027_20121219,2012-12-19,195.0,27.0,42.0,9.0
LE07_196022_20000124,2000-01-24,196.0,22.0,26.0,9.0
LE07_196022_20000225,2000-02-25,196.0,22.0,33.0,9.0
LE07_196022_20000413,2000-04-13,196.0,22.0,84.0,9.0
LE07_196022_20000429,2000-04-29,196.0,22.0,0.0,9.0
LE07_196022_20000515,2000-05-15,196.0,22.0,0.0,9.0
LE07_196022_20000531,2000-05-31,196.0,22.0,19.0,9.0
LE07_196022_20000616,2000-06-16,196.0,22.0,62.0,9.0
LE07_196022_20000702,2000-07-02,196.0,22.0,86.0,9.0
LE07_196022_20000803,2000-08-03,196.0,22.0,62.0,9.0
LE07_196022_20000819,2000-08-19,196.0,22.0,91.0,9.0
LE07_196022_20000904,2000-09-04,196.0,22.0,30.0,9.0
LE07_196022_20000920,2000-09-20,196.0,22.0,76.0,9.0
LE07_196022_20001006,2000-10-06,196.0,22.0,50.0,9.0
LE07_196022_20001107,2000-11-07,196.0,22.0,70.0,9.0
LE07_196022_20001123,2000-11-23,196.0,22.0,85.0,9.0
LE07_196022_20010126,2001-01-26,196.0,22.0,75.0,9.0
LE07_196022_20010227,2001-02-27,196.0,22.0,59.0,9.0
LE07_196022_20010315,2001-03-15,196.0,22.0,62.0,9.0
LE07_196022_20010331,2001-03-31,196.0,22.0,81.0,9.0
LE07_196022_20010502,2001-05-02,196.0,22.0,0.0,9.0
LE07_196022_20010518,2001-05-18,196.0,22.0,62.0,9.0
LE07_196022_20010619,2001-06-19,196.0,22.0,65.0,9.0
LE07_196022_20010705,2001-07-05,196.0,22.0,2.0,9.0
LE07_196022_20010721,2001-07-21,196.0,22.0,73.0,9.0
LE07_196022_20010806,2001-08-06,196.0,22.0,75.0,9.0
LE07_196022_20010822,2001-08-22,196.0,22.0,6.0,9.0
LE07_196022_20010907,2001-09-07,196.0,22.0,67.0,9.0
LE07_196022_20010923,2001-09-23,196.0,22.0,74.0,9.0
LE07_196022_20011009,2001-10-09,196.0,22.0,58.0,9.0
LE07_196022_20011025,2001-10-25,196.0,22.0,90.0,9.0
LE07_196022_20011110,2001-11-10,196.0,22.0,72.0,9.0
LE07_196022_20020214,2002-02-14,196.0,22.0,0.0,9.0
LE07_196022_20020302,2002-03-02,196.0,22.0,37.0,9.0
LE07_196022_20020318,2002-03-18,196.0,22.0,69.0,9.0
LE07_196022_20020403,2002-04-03,196.0,22.0,27.0,9.0
LE07_196022_20020521,2002-05-21,196.0,22.0,13.0,9.0
LE07_196022_20020606,2002-06-06,196.0,22.0,4.0,9.0
LE07_196022_20020708,2002-07-08,196.0,22.0,35.0,9.0
LE07_196022_20020724,2002-07-24,196.0,22.0,72.0,9.0
LE07_196022_20020809,2002-08-09,196.0,22.0,78.0,9.0
LE07_196022_20020825,2002-08-25,196.0,22.0,73.0,9.0
LE07_196022_20020910,2002-09-10,196.0,22.0,13.0,9.0
LE07_196022_20020926,2002-09-26,196.0,22.0,73.0,9.0
LE07_196022_20021012,2002-10-12,196.0,22.0,52.0,9.0
LE07_196022_20021028,2002-10-28,196.0,22.0,39.0,9.0
LE07_196022_20021113,2002-11-13,196.0,22.0,66.0,9.0
LE07_196022_20030201,2003-02-01,196.0,22.0,85.0,9.0
LE07_196022_20030217,2003-02-17,196.0,22.0,36.0,9.0
LE07_196022_20030321,2003-03-21,196.0,22.0,0.0,9.0
LE07_196022_20030406,2003-04-06,196.0,22.0,30.0,9.0
LE07_196022_20030422,2003-04-22,196.0,22.0,1.0,9.0
LE07_196022_20030524,2003-05-24,196.0,22.0,98.0,9.0
LE07_196022_20031015,2003-10-15,196.0,22.0,4.0,9.0
LE07_196022_20040220,2004-02-20,196.0,22.0,0.0,9.0
LE07_196022_20040424,2004-04-24,196.0,22.0,77.0,9.0
LE07_196022_20040526,2004-05-26,196.0,22.0,60.0,9.0
LE07_196022_20040729,2004-07-29,196.0,22.0,14.0,9.0
LE07_196022_20040814,2004-08-14,196.0,22.0,12.0,9.0
LE07_196022_20041001,2004-10-01,196.0,22.0,28.0,9.0
LE07_196022_20041118,2004-11-18,196.0,22.0,100.0,9.0
LE07_196022_20050310,2005-03-10,196.0,22.0,8.0,9.0
LE07_196022_20050513,2005-05-13,196.0,22.0,17.0,9.0
LE07_196022_20050614,2005-06-14,196.0,22.0,7.0,8.0
LE07_196022_20050630,2005-06-30,196.0,22.0,22.0,9.0
LE07_196022_20050801,2005-08-01,196.0,22.0,79.0,9.0
LE07_196022_20050817,2005-08-17,196.0,22.0,70.0,9.0
LE07_196022_20051004,2005-10-04,196.0,22.0,19.0,9.0
LE07_196022_20051105,2005-11-05,196.0,22.0,38.0,9.0
LE07_196022_20060313,2006-03-13,196.0,22.0,16.0,9.0
LE07_196022_20060414,2006-04-14,196.0,22.0,69.0,9.0
LE07_196022_20060703,2006-07-03,196.0,22.0,0.0,9.0
LE07_196022_20060719,2006-07-19,196.0,22.0,0.0,9.0
LE07_196022_20060804,2006-08-04,196.0,22.0,33.0,9.0
LE07_196022_20060921,2006-09-21,196.0,22.0,0.0,9.0
LE07_196022_20070316,2007-03-16,196.0,22.0,46.0,9.0
LE07_196022_20070401,2007-04-01,196.0,22.0,0.0,9.0
LE07_196022_20070417,2007-04-17,196.0,22.0,54.0,9.0
LE07_196022_20070503,2007-05-03,196.0,22.0,2.0,9.0
LE07_196022_20070604,2007-06-04,196.0,22.0,72.0,9.0
LE07_196022_20070807,2007-08-07,196.0,22.0,23.0,9.0
LE07_196022_20070823,2007-08-23,196.0,22.0,38.0,9.0
LE07_196022_20071010,2007-10-10,196.0,22.0,57.0,9.0
LE07_196022_20071026,2007-10-26,196.0,22.0,85.0,9.0
LE07_196022_20080318,2008-03-18,196.0,22.0,25.0,9.0
LE07_196022_20080419,2008-04-19,196.0,22.0,39.0,9.0
LE07_196022_20080505,2008-05-05,196.0,22.0,10.0,9.0
LE07_196022_20080521,2008-05-21,196.0,22.0,52.0,9.0
LE07_196022_20080606,2008-06-06,196.0,22.0,20.0,9.0
LE07_196022_20080724,2008-07-24,196.0,22.0,4.0,9.0
LE07_196022_20080809,2008-08-09,196.0,22.0,66.0,9.0
LE07_196022_20081028,2008-10-28,196.0,22.0,50.0,9.0
LE07_196022_20081113,2008-11-13,196.0,22.0,40.0,9.0
LE07_196022_20090321,2009-03-21,196.0,22.0,87.0,9.0
LE07_196022_20090524,2009-05-24,196.0,22.0,27.0,9.0
LE07_196022_20090625,2009-06-25,196.0,22.0,61.0,9.0
LE07_196022_20090711,2009-07-11,196.0,22.0,72.0,9.0
LE07_196022_20090913,2009-09-13,196.0,22.0,62.0,9.0
LE07_196022_20090929,2009-09-29,196.0,22.0,66.0,9.0
LE07_196022_20091015,2009-10-15,196.0,22.0,2.0,9.0
LE07_196022_20091031,2009-10-31,196.0,22.0,92.0,9.0
LE07_196022_20100409,2010-04-09,196.0,22.0,49.0,9.0
LE07_196022_20100425,2010-04-25,196.0,22.0,6.0,9.0
LE07_196022_20100511,2010-05-11,196.0,22.0,55.0,9.0
LE07_196022_20100527,2010-05-27,196.0,22.0,36.0,9.0
LE07_196022_20100612,2010-06-12,196.0,22.0,51.0,9.0
LE07_196022_20100628,2010-06-28,196.0,22.0,1.0,9.0
LE07_196022_20100714,2010-07-14,196.0,22.0,13.0,9.0
LE07_196022_20100815,2010-08-15,196.0,22.0,76.0,9.0
LE07_196022_20100831,2010-08-31,196.0,22.0,39.0,9.0
LE07_196022_20110327,2011-03-27,196.0,22.0,1.0,9.0
LE07_196022_20110428,2011-04-28,196.0,22.0,84.0,9.0
LE07_196022_20110530,2011-05-30,196.0,22.0,28.0,9.0
LE07_196022_20110615,2011-06-15,196.0,22.0,58.0,9.0
LE07_196022_20110701,2011-07-01,196.0,22.0,49.0,9.0
LE07_196022_20110802,2011-08-02,196.0,22.0,19.0,9.0
LE07_196022_20110818,2011-08-18,196.0,22.0,41.0,9.0
LE07_196022_20110903,2011-09-03,196.0,22.0,45.0,9.0
LE07_196022_20110919,2011-09-19,196.0,22.0,35.0,9.0
LE07_196022_20111021,2011-10-21,196.0,22.0,59.0,9.0
LE07_196022_20120210,2012-02-10,196.0,22.0,58.0,9.0
LE07_196022_20120414,2012-04-14,196.0,22.0,45.0,9.0
LE07_196022_20120430,2012-04-30,196.0,22.0,26.0,9.0
LE07_196022_20120601,2012-06-01,196.0,22.0,40.0,9.0
LE07_196022_20120617,2012-06-17,196.0,22.0,89.0,9.0
LE07_196022_20120703,2012-07-03,196.0,22.0,38.0,9.0
LE07_196022_20120804,2012-08-04,196.0,22.0,95.0,9.0
LE07_196022_20120820,2012-08-20,196.0,22.0,2.0,9.0
LE07_196022_20120905,2012-09-05,196.0,22.0,77.0,9.0
LE07_196022_20121007,2012-10-07,196.0,22.0,65.0,9.0
LE07_196023_20000124,2000-01-24,196.0,23.0,39.0,9.0
LE07_196023_20000225,2000-02-25,196.0,23.0,71.0,9.0
LE07_196023_20000312,2000-03-12,196.0,23.0,87.0,9.0
LE07_196023_20000413,2000-04-13,196.0,23.0,85.0,9.0
LE07_196023_20000429,2000-04-29,196.0,23.0,34.0,9.0
LE07_196023_20000515,2000-05-15,196.0,23.0,0.0,9.0
LE07_196023_20000531,2000-05-31,196.0,23.0,24.0,9.0
LE07_196023_20000616,2000-06-16,196.0,23.0,81.0,9.0
LE07_196023_20000702,2000-07-02,196.0,23.0,47.0,9.0
LE07_196023_20000803,2000-08-03,196.0,23.0,76.0,9.0
LE07_196023_20000904,2000-09-04,196.0,23.0,45.0,9.0
LE07_196023_20000920,2000-09-20,196.0,23.0,83.0,9.0
LE07_196023_20001006,2000-10-06,196.0,23.0,73.0,9.0
LE07_196023_20001022,2000-10-22,196.0,23.0,45.0,9.0
LE07_196023_20001107,2000-11-07,196.0,23.0,50.0,9.0
LE07_196023_20010126,2001-01-26,196.0,23.0,64.0,9.0
LE07_196023_20010227,2001-02-27,196.0,23.0,21.0,9.0
LE07_196023_20010331,2001-03-31,196.0,23.0,73.0,9.0
LE07_196023_20010502,2001-05-02,196.0,23.0,10.0,9.0
LE07_196023_20010518,2001-05-18,196.0,23.0,87.0,9.0
LE07_196023_20010705,2001-07-05,196.0,23.0,4.0,9.0
LE07_196023_20010721,2001-07-21,196.0,23.0,52.0,9.0
LE07_196023_20010806,2001-08-06,196.0,23.0,92.0,9.0
LE07_196023_20010822,2001-08-22,196.0,23.0,16.0,9.0
LE07_196023_20010907,2001-09-07,196.0,23.0,98.0,9.0
LE07_196023_20011009,2001-10-09,196.0,23.0,66.0,9.0
LE07_196023_20011110,2001-11-10,196.0,23.0,46.0,9.0
LE07_196023_20020214,2002-02-14,196.0,23.0,2.0,9.0
LE07_196023_20020302,2002-03-02,196.0,23.0,9.0,9.0
LE07_196023_20020318,2002-03-18,196.0,23.0,55.0,9.0
LE07_196023_20020403,2002-04-03,196.0,23.0,11.0,9.0
LE07_196023_20020419,2002-04-19,196.0,23.0,85.0,9.0
LE07_196023_20020521,2002-05-21,196.0,23.0,21.0,9.0
LE07_196023_20020606,2002-06-06,196.0,23.0,89.0,9.0
LE07_196023_20020708,2002-07-08,196.0,23.0,19.0,9.0
LE07_196023_20020724,2002-07-24,196.0,23.0,88.0,9.0
LE07_196023_20020809,2002-08-09,196.0,23.0,78.0,9.0
LE07_196023_20020825,2002-08-25,196.0,23.0,83.0,9.0
LE07_196023_20020910,2002-09-10,196.0,23.0,85.0,9.0
LE07_196023_20020926,2002-09-26,196.0,23.0,89.0,9.0
LE07_196023_20021012,2002-10-12,196.0,23.0,2.0,9.0
LE07_196023_20021028,2002-10-28,196.0,23.0,53.0,9.0
LE07_196023_20030201,2003-02-01,196.0,23.0,69.0,9.0
LE07_196023_20030217,2003-02-17,196.0,23.0,13.0,9.0
LE07_196023_20030321,2003-03-21,196.0,23.0,1.0,9.0
LE07_196023_20030406,2003-04-06,196.0,23.0,33.0,9.0
LE07_196023_20030422,2003-04-22,196.0,23.0,12.0,9.0
LE07_196023_20030524,2003-05-24,196.0,23.0,91.0,9.0
LE07_196023_20031015,2003-10-15,196.0,23.0,3.0,9.0
LE07_196023_20031116,2003-11-16,196.0,23.0,100.0,9.0
LE07_196023_20040220,2004-02-20,196.0,23.0,1.0,9.0
LE07_196023_20040424,2004-04-24,196.0,23.0,57.0,9.0
LE07_196023_20040729,2004-07-29,196.0,23.0,14.0,9.0
LE07_196023_20040814,2004-08-14,196.0,23.0,59.0,9.0
LE07_196023_20050206,2005-02-06,196.0,23.0,3.0,9.0
LE07_196023_20050310,2005-03-10,196.0,23.0,7.0,9.0
LE07_196023_20050513,2005-05-13,196.0,23.0,40.0,9.0
LE07_196023_20050614,2005-06-14,196.0,23.0,32.0,9.0
LE07_196023_20050630,2005-06-30,196.0,23.0,97.0,9.0
LE07_196023_20050817,2005-08-17,196.0,23.0,59.0,9.0
LE07_196023_20050902,2005-09-02,196.0,23.0,78.0,9.0
LE07_196023_20051004,2005-10-04,196.0,23.0,62.0,9.0
LE07_196023_20051020,2005-10-20,196.0,23.0,70.0,9.0
LE07_196023_20051105,2005-11-05,196.0,23.0,7.0,9.0
LE07_196023_20051121,2005-11-21,196.0,23.0,36.0,9.0
LE07_196023_20060313,2006-03-13,196.0,23.0,3.0,9.0
LE07_196023_20060414,2006-04-14,196.0,23.0,69.0,9.0
LE07_196023_20060703,2006-07-03,196.0,23.0,0.0,9.0
LE07_196023_20060719,2006-07-19,196.0,23.0,0.0,9.0
LE07_196023_20060804,2006-08-04,196.0,23.0,66.0,9.0
LE07_196023_20060921,2006-09-21,196.0,23.0,0.0,9.0
LE07_196023_20061108,2006-11-08,196.0,23.0,97.0,9.0
LE07_196023_20070401,2007-04-01,196.0,23.0,0.0,9.0
LE07_196023_20070417,2007-04-17,196.0,23.0,88.0,9.0
LE07_196023_20070503,2007-05-03,196.0,23.0,2.0,9.0
LE07_196023_20070807,2007-08-07,196.0,23.0,82.0,9.0
LE07_196023_20070823,2007-08-23,196.0,23.0,52.0,9.0
LE07_196023_20070924,2007-09-24,196.0,23.0,9.0,9.0
LE07_196023_20071010,2007-10-10,196.0,23.0,26.0,9.0
LE07_196023_20080318,2008-03-18,196.0,23.0,49.0,9.0
LE07_196023_20080505,2008-05-05,196.0,23.0,7.0,9.0
LE07_196023_20080521,2008-05-21,196.0,23.0,39.0,9.0
LE07_196023_20080606,2008-06-06,196.0,23.0,44.0,9.0
LE07_196023_20080724,2008-07-24,196.0,23.0,0.0,9.0
LE07_196023_20080809,2008-08-09,196.0,23.0,58.0,9.0
LE07_196023_20080926,2008-09-26,196.0,23.0,85.0,9.0
LE07_196023_20081028,2008-10-28,196.0,23.0,26.0,9.0
LE07_196023_20090321,2009-03-21,196.0,23.0,29.0,9.0
LE07_196023_20090406,2009-04-06,196.0,23.0,44.0,9.0
LE07_196023_20090524,2009-05-24,196.0,23.0,38.0,9.0
LE07_196023_20090625,2009-06-25,196.0,23.0,52.0,9.0
LE07_196023_20090913,2009-09-13,196.0,23.0,71.0,9.0
LE07_196023_20091015,2009-10-15,196.0,23.0,6.0,9.0
LE07_196023_20091031,2009-10-31,196.0,23.0,100.0,9.0
LE07_196023_20100409,2010-04-09,196.0,23.0,68.0,9.0
LE07_196023_20100425,2010-04-25,196.0,23.0,0.0,9.0
LE07_196023_20100612,2010-06-12,196.0,23.0,76.0,9.0
LE07_196023_20100628,2010-06-28,196.0,23.0,1.0,9.0
LE07_196023_20100714,2010-07-14,196.0,23.0,31.0,9.0
LE07_196023_20100815,2010-08-15,196.0,23.0,82.0,9.0
LE07_196023_20100831,2010-08-31,196.0,23.0,48.0,9.0
LE07_196023_20110327,2011-03-27,196.0,23.0,1.0,9.0
LE07_196023_20110428,2011-04-28,196.0,23.0,100.0,9.0
LE07_196023_20110701,2011-07-01,196.0,23.0,57.0,9.0
LE07_196023_20110802,2011-08-02,196.0,23.0,9.0,9.0
LE07_196023_20110818,2011-08-18,196.0,23.0,92.0,9.0
LE07_196023_20110903,2011-09-03,196.0,23.0,50.0,9.0
LE07_196023_20110919,2011-09-19,196.0,23.0,43.0,9.0
LE07_196023_20111021,2011-10-21,196.0,23.0,12.0,9.0
LE07_196023_20120210,2012-02-10,196.0,23.0,21.0,9.0
LE07_196023_20120414,2012-04-14,196.0,23.0,50.0,9.0
LE07_196023_20120430,2012-04-30,196.0,23.0,64.0,9.0
LE07_196023_20120617,2012-06-17,196.0,23.0,76.0,9.0
LE07_196023_20120703,2012-07-03,196.0,23.0,76.0,9.0
LE07_196023_20120804,2012-08-04,196.0,23.0,91.0,9.0
LE07_196023_20120820,2012-08-20,196.0,23.0,12.0,9.0
LE07_196023_20120905,2012-09-05,196.0,23.0,63.0,9.0
LE07_196023_20121007,2012-10-07,196.0,23.0,34.0,9.0
LE07_196024_20000124,2000-01-24,196.0,24.0,13.0,9.0
LE07_196024_20000312,2000-03-12,196.0,24.0,91.0,9.0
LE07_196024_20000515,2000-05-15,196.0,24.0,0.0,9.0
LE07_196024_20000531,2000-05-31,196.0,24.0,64.0,9.0
LE07_196024_20000616,2000-06-16,196.0,24.0,70.0,9.0
LE07_196024_20000702,2000-07-02,196.0,24.0,76.0,9.0
LE07_196024_20000803,2000-08-03,196.0,24.0,58.0,9.0
LE07_196024_20000904,2000-09-04,196.0,24.0,64.0,9.0
LE07_196024_20000920,2000-09-20,196.0,24.0,68.0,9.0
LE07_196024_20001006,2000-10-06,196.0,24.0,79.0,9.0
LE07_196024_20001022,2000-10-22,196.0,24.0,6.0,9.0
LE07_196024_20001107,2000-11-07,196.0,24.0,80.0,9.0
LE07_196024_20010110,2001-01-10,196.0,24.0,100.0,9.0
LE07_196024_20010126,2001-01-26,196.0,24.0,69.0,9.0
LE07_196024_20010211,2001-02-11,196.0,24.0,98.0,9.0
LE07_196024_20010227,2001-02-27,196.0,24.0,24.0,9.0
LE07_196024_20010315,2001-03-15,196.0,24.0,68.0,9.0
LE07_196024_20010331,2001-03-31,196.0,24.0,56.0,9.0
LE07_196024_20010502,2001-05-02,196.0,24.0,35.0,9.0
LE07_196024_20010603,2001-06-03,196.0,24.0,75.0,9.0
LE07_196024_20010619,2001-06-19,196.0,24.0,92.0,9.0
LE07_196024_20010705,2001-07-05,196.0,24.0,0.0,9.0
LE07_196024_20010721,2001-07-21,196.0,24.0,62.0,9.0
LE07_196024_20010822,2001-08-22,196.0,24.0,10.0,9.0
LE07_196024_20010923,2001-09-23,196.0,24.0,89.0,9.0
LE07_196024_20011009,2001-10-09,196.0,24.0,65.0,9.0
LE07_196024_20011110,2001-11-10,196.0,24.0,4.0,9.0
LE07_196024_20020113,2002-01-13,196.0,24.0,76.0,9.0
LE07_196024_20020129,2002-01-29,196.0,24.0,52.0,9.0
LE07_196024_20020214,2002-02-14,196.0,24.0,16.0,9.0
LE07_196024_20020302,2002-03-02,196.0,24.0,27.0,9.0
LE07_196024_20020318,2002-03-18,196.0,24.0,65.0,9.0
LE07_196024_20020403,2002-04-03,196.0,24.0,0.0,9.0
LE07_196024_20020419,2002-04-19,196.0,24.0,61.0,9.0
LE07_196024_20020521,2002-05-21,196.0,24.0,20.0,9.0
LE07_196024_20020708,2002-07-08,196.0,24.0,10.0,9.0
LE07_196024_20020809,2002-08-09,196.0,24.0,26.0,9.0
LE07_196024_20020825,2002-08-25,196.0,24.0,90.0,9.0
LE07_196024_20021012,2002-10-12,196.0,24.0,73.0,9.0
LE07_196024_20021028,2002-10-28,196.0,24.0,64.0,9.0
LE07_196024_20030201,2003-02-01,196.0,24.0,68.0,9.0
LE07_196024_20030217,2003-02-17,196.0,24.0,9.0,9.0
LE07_196024_20030305,2003-03-05,196.0,24.0,65.0,9.0
LE07_196024_20030321,2003-03-21,196.0,24.0,15.0,9.0
LE07_196024_20030406,2003-04-06,196.0,24.0,44.0,9.0
LE07_196024_20030422,2003-04-22,196.0,24.0,41.0,9.0
LE07_196024_20030508,2003-05-08,196.0,24.0,44.0,9.0
LE07_196024_20030524,2003-05-24,196.0,24.0,94.0,9.0
LE07_196024_20031015,2003-10-15,196.0,24.0,1.0,9.0
LE07_196024_20040220,2004-02-20,196.0,24.0,1.0,9.0
LE07_196024_20040323,2004-03-23,196.0,24.0,67.0,9.0
LE07_196024_20040424,2004-04-24,196.0,24.0,29.0,9.0
LE07_196024_20040729,2004-07-29,196.0,24.0,7.0,9.0
LE07_196024_20040814,2004-08-14,196.0,24.0,86.0,9.0
LE07_196024_20050206,2005-02-06,196.0,24.0,1.0,9.0
LE07_196024_20050310,2005-03-10,196.0,24.0,11.0,9.0
LE07_196024_20050326,2005-03-26,196.0,24.0,79.0,9.0
LE07_196024_20050513,2005-05-13,196.0,24.0,55.0,9.0
LE07_196024_20050817,2005-08-17,196.0,24.0,7.0,9.0
LE07_196024_20050902,2005-09-02,196.0,24.0,79.0,9.0
LE07_196024_20050918,2005-09-18,196.0,24.0,4.0,9.0
LE07_196024_20051020,2005-10-20,196.0,24.0,86.0,9.0
LE07_196024_20051105,2005-11-05,196.0,24.0,41.0,9.0
LE07_196024_20060313,2006-03-13,196.0,24.0,8.0,9.0
LE07_196024_20060703,2006-07-03,196.0,24.0,0.0,9.0
LE07_196024_20060719,2006-07-19,196.0,24.0,0.0,9.0
LE07_196024_20060804,2006-08-04,196.0,24.0,62.0,9.0
LE07_196024_20060921,2006-09-21,196.0,24.0,0.0,9.0
LE07_196024_20061108,2006-11-08,196.0,24.0,49.0,9.0
LE07_196024_20070401,2007-04-01,196.0,24.0,0.0,9.0
LE07_196024_20070417,2007-04-17,196.0,24.0,76.0,9.0
LE07_196024_20070503,2007-05-03,196.0,24.0,2.0,9.0
LE07_196024_20070604,2007-06-04,196.0,24.0,79.0,9.0
LE07_196024_20070924,2007-09-24,196.0,24.0,6.0,9.0
LE07_196024_20071010,2007-10-10,196.0,24.0,79.0,9.0
LE07_196024_20071127,2007-11-27,196.0,24.0,83.0,9.0
LE07_196024_20080505,2008-05-05,196.0,24.0,7.0,9.0
LE07_196024_20080521,2008-05-21,196.0,24.0,60.0,9.0
LE07_196024_20080606,2008-06-06,196.0,24.0,22.0,9.0
LE07_196024_20080724,2008-07-24,196.0,24.0,9.0,9.0
LE07_196024_20080926,2008-09-26,196.0,24.0,30.0,9.0
LE07_196024_20081012,2008-10-12,196.0,24.0,72.0,9.0
LE07_196024_20081028,2008-10-28,196.0,24.0,42.0,9.0
LE07_196024_20090321,2009-03-21,196.0,24.0,0.0,9.0
LE07_196024_20090406,2009-04-06,196.0,24.0,2.0,9.0
LE07_196024_20090524,2009-05-24,196.0,24.0,2.0,9.0
LE07_196024_20090625,2009-06-25,196.0,24.0,42.0,9.0
LE07_196024_20091015,2009-10-15,196.0,24.0,25.0,9.0
LE07_196024_20100409,2010-04-09,196.0,24.0,77.0,9.0
LE07_196024_20100425,2010-04-25,196.0,24.0,5.0,9.0
LE07_196024_20100628,2010-06-28,196.0,24.0,9.0,9.0
LE07_196024_20100714,2010-07-14,196.0,24.0,39.0,9.0
LE07_196024_20100730,2010-07-30,196.0,24.0,54.0,9.0
LE07_196024_20100831,2010-08-31,196.0,24.0,47.0,9.0
LE07_196024_20101018,2010-10-18,196.0,24.0,61.0,9.0
LE07_196024_20110327,2011-03-27,196.0,24.0,5.0,9.0
LE07_196024_20110428,2011-04-28,196.0,24.0,63.0,9.0
LE07_196024_20110701,2011-07-01,196.0,24.0,62.0,9.0
LE07_196024_20110802,2011-08-02,196.0,24.0,10.0,9.0
LE07_196024_20110818,2011-08-18,196.0,24.0,35.0,9.0
LE07_196024_20110903,2011-09-03,196.0,24.0,9.0,9.0
LE07_196024_20110919,2011-09-19,196.0,24.0,61.0,9.0
LE07_196024_20111021,2011-10-21,196.0,24.0,8.0,9.0
LE07_196024_20111106,2011-11-06,196.0,24.0,33.0,9.0
LE07_196024_20111122,2011-11-22,196.0,24.0,45.0,9.0
LE07_196024_20120210,2012-02-10,196.0,24.0,4.0,9.0
LE07_196024_20120414,2012-04-14,196.0,24.0,64.0,9.0
LE07_196024_20120430,2012-04-30,196.0,24.0,57.0,9.0
LE07_196024_20120617,2012-06-17,196.0,24.0,60.0,9.0
LE07_196024_20120703,2012-07-03,196.0,24.0,51.0,9.0
LE07_196024_20120804,2012-08-04,196.0,24.0,57.0,9.0
LE07_196024_20120820,2012-08-20,196.0,24.0,25.0,9.0
LE07_196024_20120905,2012-09-05,196.0,24.0,74.0,9.0
LE07_196024_20121007,2012-10-07,196.0,24.0,40.0,9.0
LE07_196024_20121023,2012-10-23,196.0,24.0,50.0,9.0
LE07_196025_20000108,2000-01-08,196.0,25.0,89.0,9.0
LE07_196025_20000124,2000-01-24,196.0,25.0,0.0,9.0
LE07_196025_20000209,2000-02-09,196.0,25.0,89.0,9.0
LE07_196025_20000413,2000-04-13,196.0,25.0,20.0,9.0
LE07_196025_20000515,2000-05-15,196.0,25.0,0.0,9.0
LE07_196025_20000531,2000-05-31,196.0,25.0,76.0,9.0
LE07_196025_20000616,2000-06-16,196.0,25.0,44.0,9.0
LE07_196025_20000702,2000-07-02,196.0,25.0,82.0,9.0
LE07_196025_20000718,2000-07-18,196.0,25.0,81.0,9.0
LE07_196025_20000803,2000-08-03,196.0,25.0,54.0,9.0
LE07_196025_20000920,2000-09-20,196.0,25.0,92.0,9.0
LE07_196025_20001006,2000-10-06,196.0,25.0,78.0,9.0
LE07_196025_20001022,2000-10-22,196.0,25.0,31.0,9.0
LE07_196025_20001107,2000-11-07,196.0,25.0,90.0,9.0
LE07_196025_20001209,2000-12-09,196.0,25.0,64.0,9.0
LE07_196025_20010126,2001-01-26,196.0,25.0,77.0,9.0
LE07_196025_20010211,2001-02-11,196.0,25.0,90.0,9.0
LE07_196025_20010227,2001-02-27,196.0,25.0,51.0,9.0
LE07_196025_20010331,2001-03-31,196.0,25.0,44.0,9.0
LE07_196025_20010502,2001-05-02,196.0,25.0,31.0,9.0
LE07_196025_20010603,2001-06-03,196.0,25.0,79.0,9.0
LE07_196025_20010619,2001-06-19,196.0,25.0,87.0,9.0
LE07_196025_20010705,2001-07-05,196.0,25.0,0.0,9.0
LE07_196025_20010721,2001-07-21,196.0,25.0,60.0,9.0
LE07_196025_20010822,2001-08-22,196.0,25.0,5.0,9.0
LE07_196025_20010923,2001-09-23,196.0,25.0,29.0,9.0
LE07_196025_20011009,2001-10-09,196.0,25.0,80.0,9.0
LE07_196025_20011025,2001-10-25,196.0,25.0,87.0,9.0
LE07_196025_20011110,2001-11-10,196.0,25.0,4.0,9.0
LE07_196025_20011212,2001-12-12,196.0,25.0,89.0,9.0
LE07_196025_20020113,2002-01-13,196.0,25.0,53.0,9.0
LE07_196025_20020129,2002-01-29,196.0,25.0,54.0,9.0
LE07_196025_20020214,2002-02-14,196.0,25.0,69.0,9.0
LE07_196025_20020302,2002-03-02,196.0,25.0,82.0,9.0
LE07_196025_20020318,2002-03-18,196.0,25.0,71.0,9.0
LE07_196025_20020403,2002-04-03,196.0,25.0,0.0,9.0
LE07_196025_20020419,2002-04-19,196.0,25.0,89.0,9.0
LE07_196025_20020521,2002-05-21,196.0,25.0,7.0,9.0
LE07_196025_20020606,2002-06-06,196.0,25.0,87.0,9.0
LE07_196025_20020708,2002-07-08,196.0,25.0,2.0,9.0
LE07_196025_20020809,2002-08-09,196.0,25.0,48.0,9.0
LE07_196025_20020825,2002-08-25,196.0,25.0,97.0,9.0
LE07_196025_20020910,2002-09-10,196.0,25.0,96.0,9.0
LE07_196025_20021028,2002-10-28,196.0,25.0,35.0,9.0
LE07_196025_20030116,2003-01-16,196.0,25.0,64.0,9.0
LE07_196025_20030201,2003-02-01,196.0,25.0,41.0,9.0
LE07_196025_20030217,2003-02-17,196.0,25.0,2.0,9.0
LE07_196025_20030305,2003-03-05,196.0,25.0,85.0,9.0
LE07_196025_20030321,2003-03-21,196.0,25.0,26.0,9.0
LE07_196025_20030406,2003-04-06,196.0,25.0,29.0,9.0
LE07_196025_20030422,2003-04-22,196.0,25.0,88.0,9.0
LE07_196025_20030508,2003-05-08,196.0,25.0,54.0,9.0
LE07_196025_20030524,2003-05-24,196.0,25.0,98.0,9.0
LE07_196025_20031015,2003-10-15,196.0,25.0,0.0,9.0
LE07_196025_20031202,2003-12-02,196.0,25.0,85.0,9.0
LE07_196025_20040220,2004-02-20,196.0,25.0,2.0,9.0
LE07_196025_20040424,2004-04-24,196.0,25.0,24.0,9.0
LE07_196025_20040526,2004-05-26,196.0,25.0,50.0,9.0
LE07_196025_20040729,2004-07-29,196.0,25.0,2.0,9.0
LE07_196025_20041204,2004-12-04,196.0,25.0,72.0,9.0
LE07_196025_20050206,2005-02-06,196.0,25.0,17.0,9.0
LE07_196025_20050310,2005-03-10,196.0,25.0,35.0,9.0
LE07_196025_20050326,2005-03-26,196.0,25.0,19.0,9.0
LE07_196025_20050411,2005-04-11,196.0,25.0,65.0,9.0
LE07_196025_20050427,2005-04-27,196.0,25.0,71.0,9.0
LE07_196025_20050529,2005-05-29,196.0,25.0,20.0,9.0
LE07_196025_20050630,2005-06-30,196.0,25.0,66.0,9.0
LE07_196025_20050817,2005-08-17,196.0,25.0,3.0,9.0
LE07_196025_20050902,2005-09-02,196.0,25.0,75.0,9.0
LE07_196025_20050918,2005-09-18,196.0,25.0,5.0,9.0
LE07_196025_20051105,2005-11-05,196.0,25.0,43.0,9.0
LE07_196025_20060313,2006-03-13,196.0,25.0,11.0,9.0
LE07_196025_20060617,2006-06-17,196.0,25.0,8.0,9.0
LE07_196025_20060703,2006-07-03,196.0,25.0,0.0,9.0
LE07_196025_20060719,2006-07-19,196.0,25.0,0.0,9.0
LE07_196025_20060905,2006-09-05,196.0,25.0,62.0,9.0
LE07_196025_20060921,2006-09-21,196.0,25.0,0.0,9.0
LE07_196025_20061108,2006-11-08,196.0,25.0,15.0,9.0
LE07_196025_20070316,2007-03-16,196.0,25.0,41.0,9.0
LE07_196025_20070401,2007-04-01,196.0,25.0,0.0,9.0
LE07_196025_20070417,2007-04-17,196.0,25.0,55.0,9.0
LE07_196025_20070503,2007-05-03,196.0,25.0,1.0,9.0
LE07_196025_20070604,2007-06-04,196.0,25.0,67.0,9.0
LE07_196025_20070924,2007-09-24,196.0,25.0,22.0,9.0
LE07_196025_20071127,2007-11-27,196.0,25.0,78.0,9.0
LE07_196025_20080215,2008-02-15,196.0,25.0,51.0,9.0
LE07_196025_20080318,2008-03-18,196.0,25.0,59.0,9.0
LE07_196025_20080505,2008-05-05,196.0,25.0,4.0,9.0
LE07_196025_20080606,2008-06-06,196.0,25.0,65.0,9.0
LE07_196025_20080622,2008-06-22,196.0,25.0,78.0,9.0
LE07_196025_20080724,2008-07-24,196.0,25.0,18.0,9.0
LE07_196025_20080809,2008-08-09,196.0,25.0,53.0,9.0
LE07_196025_20080926,2008-09-26,196.0,25.0,5.0,9.0
LE07_196025_20081012,2008-10-12,196.0,25.0,73.0,9.0
LE07_196025_20081028,2008-10-28,196.0,25.0,95.0,9.0
LE07_196025_20090321,2009-03-21,196.0,25.0,0.0,9.0
LE07_196025_20090406,2009-04-06,196.0,25.0,2.0,9.0
LE07_196025_20090524,2009-05-24,196.0,25.0,24.0,9.0
LE07_196025_20090625,2009-06-25,196.0,25.0,41.0,9.0
LE07_196025_20090727,2009-07-27,196.0,25.0,0.0,9.0
LE07_196025_20091015,2009-10-15,196.0,25.0,56.0,9.0
LE07_196025_20100409,2010-04-09,196.0,25.0,19.0,9.0
LE07_196025_20100425,2010-04-25,196.0,25.0,13.0,9.0
LE07_196025_20100628,2010-06-28,196.0,25.0,13.0,9.0
LE07_196025_20100714,2010-07-14,196.0,25.0,23.0,9.0
LE07_196025_20100730,2010-07-30,196.0,25.0,73.0,9.0
LE07_196025_20100831,2010-08-31,196.0,25.0,47.0,9.0
LE07_196025_20110327,2011-03-27,196.0,25.0,46.0,9.0
LE07_196025_20110428,2011-04-28,196.0,25.0,73.0,9.0
LE07_196025_20110530,2011-05-30,196.0,25.0,0.0,9.0
LE07_196025_20110615,2011-06-15,196.0,25.0,100.0,9.0
LE07_196025_20110701,2011-07-01,196.0,25.0,50.0,9.0
LE07_196025_20110717,2011-07-17,196.0,25.0,98.0,9.0
LE07_196025_20110802,2011-08-02,196.0,25.0,6.0,9.0
LE07_196025_20110818,2011-08-18,196.0,25.0,71.0,9.0
LE07_196025_20110903,2011-09-03,196.0,25.0,9.0,9.0
LE07_196025_20110919,2011-09-19,196.0,25.0,64.0,9.0
LE07_196025_20111021,2011-10-21,196.0,25.0,46.0,9.0
LE07_196025_20111122,2011-11-22,196.0,25.0,36.0,9.0
LE07_196025_20111208,2011-12-08,196.0,25.0,100.0,9.0
LE07_196025_20120210,2012-02-10,196.0,25.0,20.0,9.0
LE07_196025_20120414,2012-04-14,196.0,25.0,69.0,9.0
LE07_196025_20120617,2012-06-17,196.0,25.0,32.0,9.0
LE07_196025_20120703,2012-07-03,196.0,25.0,47.0,9.0
LE07_196025_20120804,2012-08-04,196.0,25.0,42.0,9.0
LE07_196025_20120820,2012-08-20,196.0,25.0,44.0,9.0
LE07_196025_20120905,2012-09-05,196.0,25.0,96.0,9.0
LE07_196025_20121007,2012-10-07,196.0,25.0,51.0,9.0
LE07_196025_20121023,2012-10-23,196.0,25.0,50.0,9.0
LE07_196026_20000108,2000-01-08,196.0,26.0,82.0,9.0
LE07_196026_20000124,2000-01-24,196.0,26.0,3.0,9.0
LE07_196026_20000209,2000-02-09,196.0,26.0,66.0,9.0
LE07_196026_20000312,2000-03-12,196.0,26.0,53.0,9.0
LE07_196026_20000413,2000-04-13,196.0,26.0,70.0,9.0
LE07_196026_20000515,2000-05-15,196.0,26.0,1.0,9.0
LE07_196026_20000616,2000-06-16,196.0,26.0,30.0,9.0
LE07_196026_20000702,2000-07-02,196.0,26.0,85.0,9.0
LE07_196026_20000718,2000-07-18,196.0,26.0,48.0,9.0
LE07_196026_20000803,2000-08-03,196.0,26.0,63.0,9.0
LE07_196026_20000819,2000-08-19,196.0,26.0,93.0,9.0
LE07_196026_20000904,2000-09-04,196.0,26.0,1.0,9.0
LE07_196026_20000920,2000-09-20,196.0,26.0,100.0,9.0
LE07_196026_20001006,2000-10-06,196.0,26.0,60.0,9.0
LE07_196026_20001022,2000-10-22,196.0,26.0,30.0,9.0
LE07_196026_20001209,2000-12-09,196.0,26.0,44.0,9.0
LE07_196026_20010126,2001-01-26,196.0,26.0,84.0,9.0
LE07_196026_20010211,2001-02-11,196.0,26.0,62.0,9.0
LE07_196026_20010227,2001-02-27,196.0,26.0,68.0,9.0
LE07_196026_20010331,2001-03-31,196.0,26.0,14.0,9.0
LE07_196026_20010502,2001-05-02,196.0,26.0,41.0,9.0
LE07_196026_20010603,2001-06-03,196.0,26.0,75.0,9.0
LE07_196026_20010619,2001-06-19,196.0,26.0,70.0,9.0
LE07_196026_20010705,2001-07-05,196.0,26.0,30.0,9.0
LE07_196026_20010721,2001-07-21,196.0,26.0,43.0,9.0
LE07_196026_20010822,2001-08-22,196.0,26.0,2.0,9.0
LE07_196026_20010923,2001-09-23,196.0,26.0,70.0,9.0
LE07_196026_20011009,2001-10-09,196.0,26.0,76.0,9.0
LE07_196026_20011025,2001-10-25,196.0,26.0,76.0,9.0
LE07_196026_20011110,2001-11-10,196.0,26.0,0.0,9.0
LE07_196026_20011212,2001-12-12,196.0,26.0,93.0,9.0
LE07_196026_20020113,2002-01-13,196.0,26.0,74.0,9.0
LE07_196026_20020129,2002-01-29,196.0,26.0,71.0,9.0
LE07_196026_20020318,2002-03-18,196.0,26.0,64.0,9.0
LE07_196026_20020403,2002-04-03,196.0,26.0,0.0,9.0
LE07_196026_20020419,2002-04-19,196.0,26.0,92.0,9.0
LE07_196026_20020521,2002-05-21,196.0,26.0,4.0,9.0
LE07_196026_20020622,2002-06-22,196.0,26.0,24.0,9.0
LE07_196026_20020708,2002-07-08,196.0,26.0,1.0,9.0
LE07_196026_20020809,2002-08-09,196.0,26.0,87.0,9.0
LE07_196026_20020825,2002-08-25,196.0,26.0,100.0,9.0
LE07_196026_20020910,2002-09-10,196.0,26.0,82.0,9.0
LE07_196026_20021028,2002-10-28,196.0,26.0,44.0,9.0
LE07_196026_20021113,2002-11-13,196.0,26.0,78.0,9.0
LE07_196026_20030201,2003-02-01,196.0,26.0,2.0,9.0
LE07_196026_20030217,2003-02-17,196.0,26.0,7.0,9.0
LE07_196026_20030305,2003-03-05,196.0,26.0,83.0,9.0
LE07_196026_20030321,2003-03-21,196.0,26.0,84.0,9.0
LE07_196026_20030406,2003-04-06,196.0,26.0,53.0,9.0
LE07_196026_20030422,2003-04-22,196.0,26.0,54.0,9.0
LE07_196026_20030508,2003-05-08,196.0,26.0,32.0,9.0
LE07_196026_20030524,2003-05-24,196.0,26.0,90.0,9.0
LE07_196026_20030812,2003-08-12,196.0,26.0,2.0,9.0
LE07_196026_20031015,2003-10-15,196.0,26.0,0.0,9.0
LE07_196026_20031202,2003-12-02,196.0,26.0,91.0,9.0
LE07_196026_20031218,2003-12-18,196.0,26.0,9.0,9.0
LE07_196026_20040220,2004-02-20,196.0,26.0,22.0,9.0
LE07_196026_20040526,2004-05-26,196.0,26.0,55.0,9.0
LE07_196026_20040729,2004-07-29,196.0,26.0,0.0,9.0
LE07_196026_20041001,2004-10-01,196.0,26.0,87.0,9.0
LE07_196026_20041204,2004-12-04,196.0,26.0,84.0,9.0
LE07_196026_20041220,2004-12-20,196.0,26.0,0.0,9.0
LE07_196026_20050121,2005-01-21,196.0,26.0,64.0,9.0
LE07_196026_20050206,2005-02-06,196.0,26.0,33.0,9.0
LE07_196026_20050310,2005-03-10,196.0,26.0,61.0,9.0
LE07_196026_20050326,2005-03-26,196.0,26.0,80.0,9.0
LE07_196026_20050411,2005-04-11,196.0,26.0,15.0,9.0
LE07_196026_20050427,2005-04-27,196.0,26.0,81.0,9.0
LE07_196026_20050529,2005-05-29,196.0,26.0,10.0,9.0
LE07_196026_20050630,2005-06-30,196.0,26.0,60.0,9.0
LE07_196026_20050716,2005-07-16,196.0,26.0,21.0,9.0
LE07_196026_20050817,2005-08-17,196.0,26.0,2.0,9.0
LE07_196026_20050902,2005-09-02,196.0,26.0,72.0,9.0
LE07_196026_20050918,2005-09-18,196.0,26.0,10.0,9.0
LE07_196026_20060108,2006-01-08,196.0,26.0,46.0,9.0
LE07_196026_20060124,2006-01-24,196.0,26.0,17.0,9.0
LE07_196026_20060313,2006-03-13,196.0,26.0,14.0,9.0
LE07_196026_20060617,2006-06-17,196.0,26.0,4.0,9.0
LE07_196026_20060703,2006-07-03,196.0,26.0,0.0,9.0
LE07_196026_20060719,2006-07-19,196.0,26.0,0.0,9.0
LE07_196026_20060905,2006-09-05,196.0,26.0,4.0,9.0
LE07_196026_20060921,2006-09-21,196.0,26.0,0.0,9.0
LE07_196026_20061108,2006-11-08,196.0,26.0,59.0,9.0
LE07_196026_20061226,2006-12-26,196.0,26.0,91.0,9.0
LE07_196026_20070316,2007-03-16,196.0,26.0,1.0,9.0
LE07_196026_20070401,2007-04-01,196.0,26.0,49.0,9.0
LE07_196026_20070417,2007-04-17,196.0,26.0,16.0,9.0
LE07_196026_20070503,2007-05-03,196.0,26.0,43.0,9.0
LE07_196026_20070908,2007-09-08,196.0,26.0,79.0,9.0
LE07_196026_20070924,2007-09-24,196.0,26.0,38.0,9.0
LE07_196026_20071229,2007-12-29,196.0,26.0,75.0,9.0
LE07_196026_20080215,2008-02-15,196.0,26.0,98.0,9.0
LE07_196026_20080318,2008-03-18,196.0,26.0,41.0,9.0
LE07_196026_20080505,2008-05-05,196.0,26.0,0.0,9.0
LE07_196026_20080622,2008-06-22,196.0,26.0,75.0,9.0
LE07_196026_20080724,2008-07-24,196.0,26.0,4.0,9.0
LE07_196026_20080809,2008-08-09,196.0,26.0,84.0,9.0
LE07_196026_20080926,2008-09-26,196.0,26.0,7.0,9.0
LE07_196026_20081012,2008-10-12,196.0,26.0,62.0,9.0
LE07_196026_20081215,2008-12-15,196.0,26.0,78.0,9.0
LE07_196026_20090321,2009-03-21,196.0,26.0,0.0,9.0
LE07_196026_20090406,2009-04-06,196.0,26.0,3.0,9.0
LE07_196026_20090625,2009-06-25,196.0,26.0,64.0,9.0
LE07_196026_20090727,2009-07-27,196.0,26.0,14.0,9.0
LE07_196026_20090812,2009-08-12,196.0,26.0,26.0,9.0
LE07_196026_20090828,2009-08-28,196.0,26.0,85.0,9.0
LE07_196026_20090913,2009-09-13,196.0,26.0,27.0,9.0
LE07_196026_20090929,2009-09-29,196.0,26.0,74.0,9.0
LE07_196026_20091015,2009-10-15,196.0,26.0,37.0,9.0
LE07_196026_20100119,2010-01-19,196.0,26.0,89.0,9.0
LE07_196026_20100308,2010-03-08,196.0,26.0,3.0,9.0
LE07_196026_20100409,2010-04-09,196.0,26.0,45.0,9.0
LE07_196026_20100425,2010-04-25,196.0,26.0,38.0,9.0
LE07_196026_20100628,2010-06-28,196.0,26.0,5.0,9.0
LE07_196026_20100714,2010-07-14,196.0,26.0,1.0,9.0
LE07_196026_20100730,2010-07-30,196.0,26.0,81.0,9.0
LE07_196026_20100831,2010-08-31,196.0,26.0,45.0,9.0
LE07_196026_20110207,2011-02-07,196.0,26.0,12.0,9.0
LE07_196026_20110327,2011-03-27,196.0,26.0,42.0,9.0
LE07_196026_20110428,2011-04-28,196.0,26.0,64.0,9.0
LE07_196026_20110530,2011-05-30,196.0,26.0,0.0,9.0
LE07_196026_20110615,2011-06-15,196.0,26.0,90.0,9.0
LE07_196026_20110701,2011-07-01,196.0,26.0,55.0,9.0
LE07_196026_20110802,2011-08-02,196.0,26.0,1.0,9.0
LE07_196026_20110818,2011-08-18,196.0,26.0,66.0,9.0
LE07_196026_20110903,2011-09-03,196.0,26.0,1.0,9.0
LE07_196026_20110919,2011-09-19,196.0,26.0,67.0,9.0
LE07_196026_20111021,2011-10-21,196.0,26.0,75.0,9.0
LE07_196026_20111122,2011-11-22,196.0,26.0,66.0,9.0
LE07_196026_20111208,2011-12-08,196.0,26.0,94.0,9.0
LE07_196026_20111224,2011-12-24,196.0,26.0,77.0,9.0
LE07_196026_20120125,2012-01-25,196.0,26.0,92.0,9.0
LE07_196026_20120210,2012-02-10,196.0,26.0,53.0,9.0
LE07_196026_20120226,2012-02-26,196.0,26.0,81.0,9.0
LE07_196026_20120313,2012-03-13,196.0,26.0,24.0,9.0
LE07_196026_20120329,2012-03-29,196.0,26.0,28.0,9.0
LE07_196026_20120414,2012-04-14,196.0,26.0,86.0,9.0
LE07_196026_20120617,2012-06-17,196.0,26.0,59.0,9.0
LE07_196026_20120703,2012-07-03,196.0,26.0,50.0,9.0
LE07_196026_20120804,2012-08-04,196.0,26.0,32.0,9.0
LE07_196026_20120820,2012-08-20,196.0,26.0,51.0,9.0
LE07_196026_20120905,2012-09-05,196.0,26.0,67.0,9.0
LE07_196026_20121007,2012-10-07,196.0,26.0,72.0,9.0
LE07_196026_20121023,2012-10-23,196.0,26.0,51.0,9.0
LE07_196027_20000108,2000-01-08,196.0,27.0,56.0,9.0
LE07_196027_20000124,2000-01-24,196.0,27.0,42.0,9.0
LE07_196027_20000209,2000-02-09,196.0,27.0,72.0,9.0
LE07_196027_20000225,2000-02-25,196.0,27.0,95.0,9.0
LE07_196027_20000312,2000-03-12,196.0,27.0,11.0,9.0
LE07_196027_20000515,2000-05-15,196.0,27.0,2.0,9.0
LE07_196027_20000616,2000-06-16,196.0,27.0,22.0,9.0
LE07_196027_20000702,2000-07-02,196.0,27.0,19.0,9.0
LE07_196027_20000718,2000-07-18,196.0,27.0,40.0,9.0
LE07_196027_20000803,2000-08-03,196.0,27.0,84.0,9.0
LE07_196027_20000819,2000-08-19,196.0,27.0,55.0,9.0
LE07_196027_20000904,2000-09-04,196.0,27.0,67.0,9.0
LE07_196027_20001006,2000-10-06,196.0,27.0,59.0,9.0
LE07_196027_20001022,2000-10-22,196.0,27.0,13.0,9.0
LE07_196027_20001107,2000-11-07,196.0,27.0,96.0,9.0
LE07_196027_20001209,2000-12-09,196.0,27.0,47.0,9.0
LE07_196027_20010110,2001-01-10,196.0,27.0,97.0,9.0
LE07_196027_20010126,2001-01-26,196.0,27.0,54.0,9.0
LE07_196027_20010211,2001-02-11,196.0,27.0,34.0,9.0
LE07_196027_20010227,2001-02-27,196.0,27.0,58.0,9.0
LE07_196027_20010331,2001-03-31,196.0,27.0,2.0,9.0
LE07_196027_20010502,2001-05-02,196.0,27.0,51.0,9.0
LE07_196027_20010518,2001-05-18,196.0,27.0,67.0,9.0
LE07_196027_20010603,2001-06-03,196.0,27.0,76.0,9.0
LE07_196027_20010619,2001-06-19,196.0,27.0,56.0,9.0
LE07_196027_20010705,2001-07-05,196.0,27.0,93.0,9.0
LE07_196027_20010721,2001-07-21,196.0,27.0,9.0,9.0
LE07_196027_20010822,2001-08-22,196.0,27.0,3.0,9.0
LE07_196027_20010907,2001-09-07,196.0,27.0,92.0,9.0
LE07_196027_20011009,2001-10-09,196.0,27.0,79.0,9.0
LE07_196027_20011110,2001-11-10,196.0,27.0,20.0,9.0
LE07_196027_20011212,2001-12-12,196.0,27.0,77.0,9.0
LE07_196027_20020113,2002-01-13,196.0,27.0,69.0,9.0
LE07_196027_20020129,2002-01-29,196.0,27.0,47.0,9.0
LE07_196027_20020214,2002-02-14,196.0,27.0,97.0,9.0
LE07_196027_20020302,2002-03-02,196.0,27.0,98.0,9.0
LE07_196027_20020318,2002-03-18,196.0,27.0,75.0,9.0
LE07_196027_20020403,2002-04-03,196.0,27.0,0.0,9.0
LE07_196027_20020419,2002-04-19,196.0,27.0,69.0,9.0
LE07_196027_20020521,2002-05-21,196.0,27.0,5.0,9.0
LE07_196027_20020606,2002-06-06,196.0,27.0,94.0,9.0
LE07_196027_20020622,2002-06-22,196.0,27.0,14.0,9.0
LE07_196027_20020708,2002-07-08,196.0,27.0,0.0,9.0
LE07_196027_20020809,2002-08-09,196.0,27.0,98.0,9.0
LE07_196027_20020825,2002-08-25,196.0,27.0,87.0,9.0
LE07_196027_20020910,2002-09-10,196.0,27.0,74.0,9.0
LE07_196027_20021012,2002-10-12,196.0,27.0,75.0,9.0
LE07_196027_20021028,2002-10-28,196.0,27.0,25.0,9.0
LE07_196027_20021113,2002-11-13,196.0,27.0,61.0,9.0
LE07_196027_20021215,2002-12-15,196.0,27.0,80.0,9.0
LE07_196027_20021231,2002-12-31,196.0,27.0,88.0,9.0
LE07_196027_20030201,2003-02-01,196.0,27.0,2.0,9.0
LE07_196027_20030217,2003-02-17,196.0,27.0,25.0,9.0
LE07_196027_20030305,2003-03-05,196.0,27.0,32.0,9.0
LE07_196027_20030321,2003-03-21,196.0,27.0,90.0,9.0
LE07_196027_20030406,2003-04-06,196.0,27.0,77.0,9.0
LE07_196027_20030422,2003-04-22,196.0,27.0,24.0,9.0
LE07_196027_20030508,2003-05-08,196.0,27.0,41.0,9.0
LE07_196027_20030524,2003-05-24,196.0,27.0,70.0,9.0
LE07_196027_20030812,2003-08-12,196.0,27.0,0.0,9.0
LE07_196027_20031015,2003-10-15,196.0,27.0,14.0,9.0
LE07_196027_20031218,2003-12-18,196.0,27.0,25.0,9.0
LE07_196027_20040220,2004-02-20,196.0,27.0,7.0,9.0
LE07_196027_20040526,2004-05-26,196.0,27.0,13.0,9.0
LE07_196027_20040627,2004-06-27,196.0,27.0,81.0,9.0
LE07_196027_20040729,2004-07-29,196.0,27.0,0.0,9.0
LE07_196027_20041204,2004-12-04,196.0,27.0,84.0,9.0
LE07_196027_20041220,2004-12-20,196.0,27.0,9.0,9.0
LE07_196027_20050206,2005-02-06,196.0,27.0,64.0,9.0
LE07_196027_20050310,2005-03-10,196.0,27.0,41.0,9.0
LE07_196027_20050411,2005-04-11,196.0,27.0,48.0,9.0
LE07_196027_20050529,2005-05-29,196.0,27.0,8.0,9.0
LE07_196027_20050630,2005-06-30,196.0,27.0,71.0,9.0
LE07_196027_20050716,2005-07-16,196.0,27.0,41.0,9.0
LE07_196027_20050801,2005-08-01,196.0,27.0,53.0,9.0
LE07_196027_20050817,2005-08-17,196.0,27.0,1.0,9.0
LE07_196027_20050902,2005-09-02,196.0,27.0,36.0,9.0
LE07_196027_20050918,2005-09-18,196.0,27.0,55.0,9.0
LE07_196027_20060108,2006-01-08,196.0,27.0,51.0,9.0
LE07_196027_20060124,2006-01-24,196.0,27.0,10.0,9.0
LE07_196027_20060313,2006-03-13,196.0,27.0,13.0,9.0
LE07_196027_20060703,2006-07-03,196.0,27.0,1.0,9.0
LE07_196027_20060719,2006-07-19,196.0,27.0,2.0,9.0
LE07_196027_20060905,2006-09-05,196.0,27.0,2.0,9.0
LE07_196027_20060921,2006-09-21,196.0,27.0,1.0,9.0
LE07_196027_20061226,2006-12-26,196.0,27.0,78.0,9.0
LE07_196027_20070316,2007-03-16,196.0,27.0,1.0,9.0
LE07_196027_20070401,2007-04-01,196.0,27.0,19.0,9.0
LE07_196027_20070417,2007-04-17,196.0,27.0,0.0,9.0
LE07_196027_20070503,2007-05-03,196.0,27.0,64.0,9.0
LE07_196027_20070908,2007-09-08,196.0,27.0,11.0,9.0
LE07_196027_20070924,2007-09-24,196.0,27.0,39.0,9.0
LE07_196027_20071127,2007-11-27,196.0,27.0,19.0,9.0
LE07_196027_20071229,2007-12-29,196.0,27.0,31.0,9.0
LE07_196027_20080130,2008-01-30,196.0,27.0,95.0,9.0
LE07_196027_20080215,2008-02-15,196.0,27.0,70.0,9.0
LE07_196027_20080318,2008-03-18,196.0,27.0,75.0,9.0
LE07_196027_20080505,2008-05-05,196.0,27.0,3.0,9.0
LE07_196027_20080622,2008-06-22,196.0,27.0,41.0,9.0
LE07_196027_20080724,2008-07-24,196.0,27.0,0.0,9.0
LE07_196027_20080809,2008-08-09,196.0,27.0,48.0,9.0
LE07_196027_20080926,2008-09-26,196.0,27.0,41.0,9.0
LE07_196027_20090321,2009-03-21,196.0,27.0,1.0,9.0
LE07_196027_20090406,2009-04-06,196.0,27.0,6.0,9.0
LE07_196027_20090422,2009-04-22,196.0,27.0,6.0,9.0
LE07_196027_20090727,2009-07-27,196.0,27.0,40.0,9.0
LE07_196027_20090812,2009-08-12,196.0,27.0,22.0,9.0
LE07_196027_20090828,2009-08-28,196.0,27.0,78.0,9.0
LE07_196027_20090913,2009-09-13,196.0,27.0,22.0,9.0
LE07_196027_20090929,2009-09-29,196.0,27.0,4.0,9.0
LE07_196027_20091015,2009-10-15,196.0,27.0,10.0,9.0
LE07_196027_20100119,2010-01-19,196.0,27.0,51.0,9.0
LE07_196027_20100308,2010-03-08,196.0,27.0,6.0,9.0
LE07_196027_20100324,2010-03-24,196.0,27.0,31.0,9.0
LE07_196027_20100409,2010-04-09,196.0,27.0,38.0,9.0
LE07_196027_20100425,2010-04-25,196.0,27.0,54.0,9.0
LE07_196027_20100628,2010-06-28,196.0,27.0,6.0,9.0
LE07_196027_20100714,2010-07-14,196.0,27.0,0.0,9.0
LE07_196027_20100730,2010-07-30,196.0,27.0,75.0,9.0
LE07_196027_20100831,2010-08-31,196.0,27.0,30.0,9.0
LE07_196027_20110122,2011-01-22,196.0,27.0,54.0,9.0
LE07_196027_20110207,2011-02-07,196.0,27.0,26.0,9.0
LE07_196027_20110311,2011-03-11,196.0,27.0,84.0,9.0
LE07_196027_20110428,2011-04-28,196.0,27.0,72.0,9.0
LE07_196027_20110530,2011-05-30,196.0,27.0,2.0,9.0
LE07_196027_20110615,2011-06-15,196.0,27.0,67.0,9.0
LE07_196027_20110701,2011-07-01,196.0,27.0,63.0,9.0
LE07_196027_20110802,2011-08-02,196.0,27.0,1.0,9.0
LE07_196027_20110818,2011-08-18,196.0,27.0,30.0,9.0
LE07_196027_20110903,2011-09-03,196.0,27.0,13.0,9.0
LE07_196027_20111021,2011-10-21,196.0,27.0,53.0,9.0
LE07_196027_20111122,2011-11-22,196.0,27.0,36.0,9.0
LE07_196027_20111208,2011-12-08,196.0,27.0,62.0,9.0
LE07_196027_20111224,2011-12-24,196.0,27.0,81.0,9.0
LE07_196027_20120210,2012-02-10,196.0,27.0,26.0,9.0
LE07_196027_20120226,2012-02-26,196.0,27.0,66.0,9.0
LE07_196027_20120313,2012-03-13,196.0,27.0,2.0,9.0
LE07_196027_20120329,2012-03-29,196.0,27.0,1.0,9.0
LE07_196027_20120414,2012-04-14,196.0,27.0,98.0,9.0
LE07_196027_20120617,2012-06-17,196.0,27.0,38.0,9.0
LE07_196027_20120703,2012-07-03,196.0,27.0,52.0,9.0
LE07_196027_20120804,2012-08-04,196.0,27.0,23.0,9.0
LE07_196027_20120820,2012-08-20,196.0,27.0,32.0,9.0
LE07_196027_20120905,2012-09-05,196.0,27.0,37.0,9.0
LE07_196027_20120921,2012-09-21,196.0,27.0,5.0,9.0
LE07_196027_20121023,2012-10-23,196.0,27.0,78.0,9.0
LE07_197022_20000131,2000-01-31,197.0,22.0,16.0,9.0
LE07_197022_20000303,2000-03-03,197.0,22.0,64.0,9.0
LE07_197022_20000319,2000-03-19,197.0,22.0,67.0,9.0
LE07_197022_20000420,2000-04-20,197.0,22.0,2.0,9.0
LE07_197022_20000506,2000-05-06,197.0,22.0,0.0,9.0
LE07_197022_20000522,2000-05-22,197.0,22.0,15.0,9.0
LE07_197022_20000826,2000-08-26,197.0,22.0,3.0,9.0
LE07_197022_20000911,2000-09-11,197.0,22.0,24.0,9.0
LE07_197022_20001013,2000-10-13,197.0,22.0,51.0,9.0
LE07_197022_20001029,2000-10-29,197.0,22.0,81.0,9.0
LE07_197022_20001114,2000-11-14,197.0,22.0,36.0,9.0
LE07_197022_20010202,2001-02-02,197.0,22.0,98.0,9.0
LE07_197022_20010218,2001-02-18,197.0,22.0,51.0,9.0
LE07_197022_20010306,2001-03-06,197.0,22.0,0.0,9.0
LE07_197022_20010423,2001-04-23,197.0,22.0,38.0,9.0
LE07_197022_20010509,2001-05-09,197.0,22.0,0.0,9.0
LE07_197022_20010525,2001-05-25,197.0,22.0,3.0,9.0
LE07_197022_20010610,2001-06-10,197.0,22.0,42.0,9.0
LE07_197022_20010626,2001-06-26,197.0,22.0,1.0,9.0
LE07_197022_20010712,2001-07-12,197.0,22.0,54.0,9.0
LE07_197022_20010728,2001-07-28,197.0,22.0,23.0,9.0
LE07_197022_20010914,2001-09-14,197.0,22.0,65.0,9.0
LE07_197022_20011016,2001-10-16,197.0,22.0,35.0,9.0
LE07_197022_20011101,2001-11-01,197.0,22.0,58.0,9.0
LE07_197022_20020221,2002-02-21,197.0,22.0,4.0,9.0
LE07_197022_20020309,2002-03-09,197.0,22.0,19.0,9.0
LE07_197022_20020325,2002-03-25,197.0,22.0,8.0,9.0
LE07_197022_20020410,2002-04-10,197.0,22.0,0.0,9.0
LE07_197022_20020528,2002-05-28,197.0,22.0,100.0,9.0
LE07_197022_20020613,2002-06-13,197.0,22.0,50.0,9.0
LE07_197022_20020629,2002-06-29,197.0,22.0,35.0,9.0
LE07_197022_20020715,2002-07-15,197.0,22.0,0.0,9.0
LE07_197022_20020731,2002-07-31,197.0,22.0,0.0,7.0
LE07_197022_20020816,2002-08-16,197.0,22.0,12.0,9.0
LE07_197022_20020901,2002-09-01,197.0,22.0,1.0,9.0
LE07_197022_20021003,2002-10-03,197.0,22.0,96.0,9.0
LE07_197022_20021019,2002-10-19,197.0,22.0,35.0,9.0
LE07_197022_20021104,2002-11-04,197.0,22.0,93.0,9.0
LE07_197022_20030224,2003-02-24,197.0,22.0,12.0,9.0
LE07_197022_20030328,2003-03-28,197.0,22.0,7.0,9.0
LE07_197022_20030413,2003-04-13,197.0,22.0,15.0,9.0
LE07_197022_20030429,2003-04-29,197.0,22.0,7.0,9.0
LE07_197022_20030515,2003-05-15,197.0,22.0,29.0,9.0
LE07_197022_20030531,2003-05-31,197.0,22.0,20.0,9.0
LE07_197022_20030819,2003-08-19,197.0,22.0,47.0,9.0
LE07_197022_20031107,2003-11-07,197.0,22.0,1.0,9.0
LE07_197022_20040330,2004-03-30,197.0,22.0,77.0,9.0
LE07_197022_20040415,2004-04-15,197.0,22.0,0.0,9.0
LE07_197022_20040501,2004-05-01,197.0,22.0,39.0,9.0
LE07_197022_20040704,2004-07-04,197.0,22.0,30.0,9.0
LE07_197022_20041008,2004-10-08,197.0,22.0,45.0,9.0
LE07_197022_20041109,2004-11-09,197.0,22.0,16.0,9.0
LE07_197022_20050402,2005-04-02,197.0,22.0,0.0,9.0
LE07_197022_20050824,2005-08-24,197.0,22.0,37.0,9.0
LE07_197022_20050925,2005-09-25,197.0,22.0,43.0,9.0
LE07_197022_20051027,2005-10-27,197.0,22.0,55.0,9.0
LE07_197022_20060320,2006-03-20,197.0,22.0,28.0,9.0
LE07_197022_20060726,2006-07-26,197.0,22.0,0.0,9.0
LE07_197022_20060811,2006-08-11,197.0,22.0,82.0,9.0
LE07_197022_20060912,2006-09-12,197.0,22.0,0.0,9.0
LE07_197022_20070323,2007-03-23,197.0,22.0,4.0,9.0
LE07_197022_20070611,2007-06-11,197.0,22.0,1.0,9.0
LE07_197022_20070814,2007-08-14,197.0,22.0,98.0,9.0
LE07_197022_20071118,2007-11-18,197.0,22.0,38.0,9.0
LE07_197022_20080410,2008-04-10,197.0,22.0,4.0,9.0
LE07_197022_20080731,2008-07-31,197.0,22.0,1.0,9.0
LE07_197022_20080816,2008-08-16,197.0,22.0,25.0,9.0
LE07_197022_20090531,2009-05-31,197.0,22.0,0.0,9.0
LE07_197022_20090616,2009-06-16,197.0,22.0,61.0,9.0
LE07_197022_20090702,2009-07-02,197.0,22.0,1.0,9.0
LE07_197022_20090803,2009-08-03,197.0,22.0,22.0,9.0
LE07_197022_20100416,2010-04-16,197.0,22.0,8.0,9.0
LE07_197022_20100603,2010-06-03,197.0,22.0,1.0,9.0
LE07_197022_20100806,2010-08-06,197.0,22.0,20.0,9.0
LE07_197022_20101009,2010-10-09,197.0,22.0,1.0,9.0
LE07_197022_20101025,2010-10-25,197.0,22.0,30.0,9.0
LE07_197022_20101110,2010-11-10,197.0,22.0,50.0,9.0
LE07_197022_20110419,2011-04-19,197.0,22.0,2.0,9.0
LE07_197022_20110505,2011-05-05,197.0,22.0,2.0,9.0
LE07_197022_20110521,2011-05-21,197.0,22.0,3.0,9.0
LE07_197022_20110606,2011-06-06,197.0,22.0,84.0,9.0
LE07_197022_20110809,2011-08-09,197.0,22.0,71.0,9.0
LE07_197022_20111113,2011-11-13,197.0,22.0,4.0,9.0
LE07_197022_20120405,2012-04-05,197.0,22.0,7.0,9.0
LE07_197022_20120421,2012-04-21,197.0,22.0,67.0,9.0
LE07_197022_20120507,2012-05-07,197.0,22.0,30.0,9.0
LE07_197022_20120523,2012-05-23,197.0,22.0,25.0,9.0
LE07_197022_20120608,2012-06-08,197.0,22.0,58.0,9.0
LE07_197022_20120811,2012-08-11,197.0,22.0,13.0,9.0
LE07_197022_20120827,2012-08-27,197.0,22.0,12.0,9.0
LE07_197022_20120912,2012-09-12,197.0,22.0,44.0,9.0
LE07_197022_20121030,2012-10-30,197.0,22.0,35.0,9.0
LE07_197023_20000131,2000-01-31,197.0,23.0,29.0,9.0
LE07_197023_20000216,2000-02-16,197.0,23.0,87.0,9.0
LE07_197023_20000303,2000-03-03,197.0,23.0,66.0,9.0
LE07_197023_20000319,2000-03-19,197.0,23.0,44.0,9.0
LE07_197023_20000404,2000-04-04,197.0,23.0,100.0,9.0
LE07_197023_20000420,2000-04-20,197.0,23.0,10.0,9.0
LE07_197023_20000506,2000-05-06,197.0,23.0,0.0,9.0
LE07_197023_20000522,2000-05-22,197.0,23.0,65.0,9.0
LE07_197023_20000607,2000-06-07,197.0,23.0,63.0,9.0
LE07_197023_20000623,2000-06-23,197.0,23.0,77.0,9.0
LE07_197023_20000826,2000-08-26,197.0,23.0,0.0,9.0
LE07_197023_20000911,2000-09-11,197.0,23.0,42.0,9.0
LE07_197023_20001013,2000-10-13,197.0,23.0,72.0,9.0
LE07_197023_20001029,2000-10-29,197.0,23.0,88.0,9.0
LE07_197023_20001114,2000-11-14,197.0,23.0,75.0,9.0
LE07_197023_20010117,2001-01-17,197.0,23.0,0.0,9.0
LE07_197023_20010218,2001-02-18,197.0,23.0,75.0,9.0
LE07_197023_20010306,2001-03-06,197.0,23.0,0.0,9.0
LE07_197023_20010407,2001-04-07,197.0,23.0,51.0,9.0
LE07_197023_20010423,2001-04-23,197.0,23.0,16.0,9.0
LE07_197023_20010509,2001-05-09,197.0,23.0,0.0,9.0
LE07_197023_20010525,2001-05-25,197.0,23.0,2.0,9.0
LE07_197023_20010610,2001-06-10,197.0,23.0,56.0,9.0
LE07_197023_20010626,2001-06-26,197.0,23.0,39.0,9.0
LE07_197023_20010712,2001-07-12,197.0,23.0,65.0,9.0
LE07_197023_20010728,2001-07-28,197.0,23.0,20.0,9.0
LE07_197023_20010829,2001-08-29,197.0,23.0,8.0,9.0
LE07_197023_20010914,2001-09-14,197.0,23.0,81.0,9.0
LE07_197023_20010930,2001-09-30,197.0,23.0,61.0,9.0
LE07_197023_20011016,2001-10-16,197.0,23.0,35.0,9.0
LE07_197023_20011101,2001-11-01,197.0,23.0,68.0,9.0
LE07_197023_20011117,2001-11-17,197.0,23.0,90.0,9.0
LE07_197023_20020221,2002-02-21,197.0,23.0,6.0,9.0
LE07_197023_20020309,2002-03-09,197.0,23.0,26.0,9.0
LE07_197023_20020325,2002-03-25,197.0,23.0,15.0,9.0
LE07_197023_20020410,2002-04-10,197.0,23.0,12.0,9.0
LE07_197023_20020426,2002-04-26,197.0,23.0,100.0,9.0
LE07_197023_20020512,2002-05-12,197.0,23.0,86.0,9.0
LE07_197023_20020629,2002-06-29,197.0,23.0,72.0,9.0
LE07_197023_20020715,2002-07-15,197.0,23.0,1.0,9.0
LE07_197023_20020731,2002-07-31,197.0,23.0,12.0,7.0
LE07_197023_20020816,2002-08-16,197.0,23.0,1.0,9.0
LE07_197023_20020901,2002-09-01,197.0,23.0,69.0,9.0
LE07_197023_20020917,2002-09-17,197.0,23.0,0.0,9.0
LE07_197023_20021003,2002-10-03,197.0,23.0,98.0,9.0
LE07_197023_20021019,2002-10-19,197.0,23.0,23.0,9.0
LE07_197023_20021120,2002-11-20,197.0,23.0,25.0,9.0
LE07_197023_20030224,2003-02-24,197.0,23.0,4.0,9.0
LE07_197023_20030328,2003-03-28,197.0,23.0,1.0,9.0
LE07_197023_20030413,2003-04-13,197.0,23.0,0.0,9.0
LE07_197023_20030429,2003-04-29,197.0,23.0,35.0,9.0
LE07_197023_20030515,2003-05-15,197.0,23.0,51.0,9.0
LE07_197023_20030531,2003-05-31,197.0,23.0,2.0,9.0
LE07_197023_20030920,2003-09-20,197.0,23.0,2.0,9.0
LE07_197023_20031107,2003-11-07,197.0,23.0,13.0,9.0
LE07_197023_20040227,2004-02-27,197.0,23.0,31.0,9.0
LE07_197023_20040330,2004-03-30,197.0,23.0,14.0,9.0
LE07_197023_20040415,2004-04-15,197.0,23.0,0.0,9.0
LE07_197023_20040517,2004-05-17,197.0,23.0,24.0,9.0
LE07_197023_20040906,2004-09-06,197.0,23.0,21.0,9.0
LE07_197023_20041008,2004-10-08,197.0,23.0,84.0,9.0
LE07_197023_20041109,2004-11-09,197.0,23.0,26.0,9.0
LE07_197023_20050402,2005-04-02,197.0,23.0,0.0,9.0
LE07_197023_20050808,2005-08-08,197.0,23.0,79.0,9.0
LE07_197023_20050824,2005-08-24,197.0,23.0,29.0,9.0
LE07_197023_20050909,2005-09-09,197.0,23.0,65.0,9.0
LE07_197023_20050925,2005-09-25,197.0,23.0,88.0,9.0
LE07_197023_20051027,2005-10-27,197.0,23.0,3.0,9.0
LE07_197023_20060320,2006-03-20,197.0,23.0,63.0,9.0
LE07_197023_20060608,2006-06-08,197.0,23.0,1.0,9.0
LE07_197023_20060726,2006-07-26,197.0,23.0,3.0,9.0
LE07_197023_20060912,2006-09-12,197.0,23.0,0.0,9.0
LE07_197023_20061014,2006-10-14,197.0,23.0,63.0,9.0
LE07_197023_20070611,2007-06-11,197.0,23.0,2.0,9.0
LE07_197023_20070814,2007-08-14,197.0,23.0,63.0,9.0
LE07_197023_20071118,2007-11-18,197.0,23.0,88.0,9.0
LE07_197023_20080410,2008-04-10,197.0,23.0,19.0,9.0
LE07_197023_20080512,2008-05-12,197.0,23.0,21.0,9.0
LE07_197023_20080731,2008-07-31,197.0,23.0,1.0,9.0
LE07_197023_20080816,2008-08-16,197.0,23.0,39.0,9.0
LE07_197023_20090531,2009-05-31,197.0,23.0,7.0,9.0
LE07_197023_20090616,2009-06-16,197.0,23.0,74.0,9.0
LE07_197023_20090702,2009-07-02,197.0,23.0,14.0,9.0
LE07_197023_20090803,2009-08-03,197.0,23.0,48.0,9.0
LE07_197023_20090819,2009-08-19,197.0,23.0,11.0,9.0
LE07_197023_20090920,2009-09-20,197.0,23.0,47.0,9.0
LE07_197023_20100416,2010-04-16,197.0,23.0,38.0,9.0
LE07_197023_20100518,2010-05-18,197.0,23.0,68.0,9.0
LE07_197023_20100603,2010-06-03,197.0,23.0,3.0,9.0
LE07_197023_20100619,2010-06-19,197.0,23.0,84.0,9.0
LE07_197023_20100721,2010-07-21,197.0,23.0,42.0,9.0
LE07_197023_20100806,2010-08-06,197.0,23.0,16.0,9.0
LE07_197023_20101009,2010-10-09,197.0,23.0,2.0,9.0
LE07_197023_20101025,2010-10-25,197.0,23.0,18.0,9.0
LE07_197023_20110302,2011-03-02,197.0,23.0,76.0,9.0
LE07_197023_20110419,2011-04-19,197.0,23.0,0.0,9.0
LE07_197023_20110505,2011-05-05,197.0,23.0,1.0,9.0
LE07_197023_20110521,2011-05-21,197.0,23.0,4.0,9.0
LE07_197023_20110606,2011-06-06,197.0,23.0,84.0,9.0
LE07_197023_20110809,2011-08-09,197.0,23.0,81.0,9.0
LE07_197023_20110910,2011-09-10,197.0,23.0,72.0,9.0
LE07_197023_20111028,2011-10-28,197.0,23.0,91.0,9.0
LE07_197023_20111113,2011-11-13,197.0,23.0,40.0,9.0
LE07_197023_20120421,2012-04-21,197.0,23.0,92.0,9.0
LE07_197023_20120523,2012-05-23,197.0,23.0,4.0,9.0
LE07_197023_20120608,2012-06-08,197.0,23.0,55.0,9.0
LE07_197023_20120710,2012-07-10,197.0,23.0,72.0,9.0
LE07_197023_20120811,2012-08-11,197.0,23.0,72.0,9.0
LE07_197023_20120827,2012-08-27,197.0,23.0,31.0,9.0
LE07_197023_20120912,2012-09-12,197.0,23.0,53.0,9.0
LE07_197023_20121030,2012-10-30,197.0,23.0,29.0,9.0
LE07_197023_20121115,2012-11-15,197.0,23.0,66.0,9.0
LE07_197024_20000115,2000-01-15,197.0,24.0,72.0,9.0
LE07_197024_20000216,2000-02-16,197.0,24.0,60.0,9.0
LE07_197024_20000303,2000-03-03,197.0,24.0,94.0,9.0
LE07_197024_20000404,2000-04-04,197.0,24.0,43.0,9.0
LE07_197024_20000420,2000-04-20,197.0,24.0,26.0,9.0
LE07_197024_20000506,2000-05-06,197.0,24.0,2.0,9.0
LE07_197024_20000607,2000-06-07,197.0,24.0,85.0,9.0
LE07_197024_20000623,2000-06-23,197.0,24.0,81.0,9.0
LE07_197024_20000810,2000-08-10,197.0,24.0,93.0,9.0
LE07_197024_20000826,2000-08-26,197.0,24.0,10.0,9.0
LE07_197024_20000911,2000-09-11,197.0,24.0,31.0,9.0
LE07_197024_20001013,2000-10-13,197.0,24.0,81.0,9.0
LE07_197024_20001029,2000-10-29,197.0,24.0,77.0,9.0
LE07_197024_20001114,2000-11-14,197.0,24.0,69.0,9.0
LE07_197024_20001130,2000-11-30,197.0,24.0,24.0,9.0
LE07_197024_20010117,2001-01-17,197.0,24.0,29.0,9.0
LE07_197024_20010218,2001-02-18,197.0,24.0,86.0,9.0
LE07_197024_20010306,2001-03-06,197.0,24.0,0.0,9.0
LE07_197024_20010407,2001-04-07,197.0,24.0,51.0,9.0
LE07_197024_20010423,2001-04-23,197.0,24.0,60.0,9.0
LE07_197024_20010509,2001-05-09,197.0,24.0,7.0,9.0
LE07_197024_20010525,2001-05-25,197.0,24.0,1.0,9.0
LE07_197024_20010610,2001-06-10,197.0,24.0,62.0,9.0
LE07_197024_20010626,2001-06-26,197.0,24.0,40.0,9.0
LE07_197024_20010712,2001-07-12,197.0,24.0,57.0,9.0
LE07_197024_20010728,2001-07-28,197.0,24.0,29.0,9.0
LE07_197024_20010829,2001-08-29,197.0,24.0,22.0,9.0
LE07_197024_20010914,2001-09-14,197.0,24.0,81.0,9.0
LE07_197024_20010930,2001-09-30,197.0,24.0,72.0,9.0
LE07_197024_20011016,2001-10-16,197.0,24.0,24.0,9.0
LE07_197024_20011101,2001-11-01,197.0,24.0,45.0,9.0
LE07_197024_20020221,2002-02-21,197.0,24.0,5.0,9.0
LE07_197024_20020309,2002-03-09,197.0,24.0,75.0,9.0
LE07_197024_20020325,2002-03-25,197.0,24.0,21.0,9.0
LE07_197024_20020410,2002-04-10,197.0,24.0,10.0,9.0
LE07_197024_20020426,2002-04-26,197.0,24.0,100.0,9.0
LE07_197024_20020528,2002-05-28,197.0,24.0,63.0,9.0
LE07_197024_20020629,2002-06-29,197.0,24.0,66.0,9.0
LE07_197024_20020715,2002-07-15,197.0,24.0,54.0,9.0
LE07_197024_20020731,2002-07-31,197.0,24.0,37.0,9.0
LE07_197024_20020816,2002-08-16,197.0,24.0,1.0,9.0
LE07_197024_20020901,2002-09-01,197.0,24.0,70.0,9.0
LE07_197024_20020917,2002-09-17,197.0,24.0,91.0,9.0
LE07_197024_20021019,2002-10-19,197.0,24.0,55.0,9.0
LE07_197024_20021104,2002-11-04,197.0,24.0,75.0,9.0
LE07_197024_20021120,2002-11-20,197.0,24.0,59.0,9.0
LE07_197024_20030224,2003-02-24,197.0,24.0,1.0,9.0
LE07_197024_20030328,2003-03-28,197.0,24.0,2.0,9.0
LE07_197024_20030413,2003-04-13,197.0,24.0,0.0,9.0
LE07_197024_20030429,2003-04-29,197.0,24.0,44.0,9.0
LE07_197024_20030515,2003-05-15,197.0,24.0,62.0,9.0
LE07_197024_20030531,2003-05-31,197.0,24.0,17.0,9.0
LE07_197024_20030819,2003-08-19,197.0,24.0,81.0,9.0
LE07_197024_20030920,2003-09-20,197.0,24.0,0.0,9.0
LE07_197024_20031107,2003-11-07,197.0,24.0,5.0,9.0
LE07_197024_20040227,2004-02-27,197.0,24.0,36.0,9.0
LE07_197024_20040330,2004-03-30,197.0,24.0,0.0,9.0
LE07_197024_20040415,2004-04-15,197.0,24.0,3.0,9.0
LE07_197024_20040517,2004-05-17,197.0,24.0,39.0,9.0
LE07_197024_20040906,2004-09-06,197.0,24.0,0.0,9.0
LE07_197024_20041109,2004-11-09,197.0,24.0,18.0,9.0
LE07_197024_20041125,2004-11-25,197.0,24.0,13.0,9.0
LE07_197024_20050402,2005-04-02,197.0,24.0,0.0,9.0
LE07_197024_20050418,2005-04-18,197.0,24.0,83.0,9.0
LE07_197024_20050824,2005-08-24,197.0,24.0,12.0,9.0
LE07_197024_20050909,2005-09-09,197.0,24.0,55.0,9.0
LE07_197024_20050925,2005-09-25,197.0,24.0,74.0,9.0
LE07_197024_20051027,2005-10-27,197.0,24.0,29.0,9.0
LE07_197024_20060320,2006-03-20,197.0,24.0,90.0,9.0
LE07_197024_20060608,2006-06-08,197.0,24.0,2.0,9.0
LE07_197024_20060726,2006-07-26,197.0,24.0,15.0,9.0
LE07_197024_20060912,2006-09-12,197.0,24.0,0.0,9.0
LE07_197024_20061014,2006-10-14,197.0,24.0,72.0,9.0
LE07_197024_20070611,2007-06-11,197.0,24.0,43.0,9.0
LE07_197024_20070830,2007-08-30,197.0,24.0,70.0,9.0
LE07_197024_20070915,2007-09-15,197.0,24.0,41.0,9.0
LE07_197024_20071017,2007-10-17,197.0,24.0,86.0,9.0
LE07_197024_20071118,2007-11-18,197.0,24.0,51.0,9.0
LE07_197024_20080410,2008-04-10,197.0,24.0,41.0,9.0
LE07_197024_20080512,2008-05-12,197.0,24.0,11.0,9.0
LE07_197024_20080528,2008-05-28,197.0,24.0,95.0,9.0
LE07_197024_20080731,2008-07-31,197.0,24.0,7.0,9.0
LE07_197024_20080816,2008-08-16,197.0,24.0,48.0,9.0
LE07_197024_20090413,2009-04-13,197.0,24.0,82.0,9.0
LE07_197024_20090531,2009-05-31,197.0,24.0,50.0,9.0
LE07_197024_20090616,2009-06-16,197.0,24.0,83.0,9.0
LE07_197024_20090702,2009-07-02,197.0,24.0,22.0,9.0
LE07_197024_20090803,2009-08-03,197.0,24.0,70.0,9.0
LE07_197024_20090819,2009-08-19,197.0,24.0,12.0,9.0
LE07_197024_20090920,2009-09-20,197.0,24.0,24.0,9.0
LE07_197024_20100416,2010-04-16,197.0,24.0,100.0,9.0
LE07_197024_20100518,2010-05-18,197.0,24.0,80.0,9.0
LE07_197024_20100603,2010-06-03,197.0,24.0,0.0,9.0
LE07_197024_20100619,2010-06-19,197.0,24.0,81.0,9.0
LE07_197024_20100721,2010-07-21,197.0,24.0,41.0,9.0
LE07_197024_20100806,2010-08-06,197.0,24.0,22.0,9.0
LE07_197024_20101009,2010-10-09,197.0,24.0,0.0,9.0
LE07_197024_20101025,2010-10-25,197.0,24.0,5.0,9.0
LE07_197024_20101126,2010-11-26,197.0,24.0,64.0,9.0
LE07_197024_20110302,2011-03-02,197.0,24.0,1.0,9.0
LE07_197024_20110419,2011-04-19,197.0,24.0,0.0,9.0
LE07_197024_20110505,2011-05-05,197.0,24.0,10.0,9.0
LE07_197024_20110521,2011-05-21,197.0,24.0,5.0,9.0
LE07_197024_20110606,2011-06-06,197.0,24.0,59.0,9.0
LE07_197024_20110809,2011-08-09,197.0,24.0,74.0,9.0
LE07_197024_20110910,2011-09-10,197.0,24.0,37.0,9.0
LE07_197024_20111028,2011-10-28,197.0,24.0,27.0,9.0
LE07_197024_20111113,2011-11-13,197.0,24.0,82.0,9.0
LE07_197024_20111129,2011-11-29,197.0,24.0,58.0,9.0
LE07_197024_20120421,2012-04-21,197.0,24.0,84.0,9.0
LE07_197024_20120523,2012-05-23,197.0,24.0,12.0,9.0
LE07_197024_20120608,2012-06-08,197.0,24.0,64.0,9.0
LE07_197024_20120811,2012-08-11,197.0,24.0,70.0,9.0
LE07_197024_20120827,2012-08-27,197.0,24.0,22.0,9.0
LE07_197024_20120912,2012-09-12,197.0,24.0,75.0,9.0
LE07_197024_20121014,2012-10-14,197.0,24.0,56.0,9.0
LE07_197024_20121030,2012-10-30,197.0,24.0,77.0,9.0
LE07_197024_20121201,2012-12-01,197.0,24.0,82.0,9.0
LE07_197025_20000115,2000-01-15,197.0,25.0,79.0,9.0
LE07_197025_20000216,2000-02-16,197.0,25.0,65.0,9.0
LE07_197025_20000319,2000-03-19,197.0,25.0,92.0,9.0
LE07_197025_20000404,2000-04-04,197.0,25.0,23.0,9.0
LE07_197025_20000420,2000-04-20,197.0,25.0,25.0,9.0
LE07_197025_20000506,2000-05-06,197.0,25.0,10.0,9.0
LE07_197025_20000607,2000-06-07,197.0,25.0,56.0,9.0
LE07_197025_20000623,2000-06-23,197.0,25.0,80.0,9.0
LE07_197025_20000810,2000-08-10,197.0,25.0,62.0,9.0
LE07_197025_20000826,2000-08-26,197.0,25.0,45.0,9.0
LE07_197025_20000911,2000-09-11,197.0,25.0,0.0,9.0
LE07_197025_20001013,2000-10-13,197.0,25.0,92.0,9.0
LE07_197025_20001029,2000-10-29,197.0,25.0,72.0,9.0
LE07_197025_20001114,2000-11-14,197.0,25.0,96.0,9.0
LE07_197025_20001130,2000-11-30,197.0,25.0,64.0,9.0
LE07_197025_20001216,2000-12-16,197.0,25.0,72.0,9.0
LE07_197025_20010117,2001-01-17,197.0,25.0,26.0,9.0
LE07_197025_20010218,2001-02-18,197.0,25.0,62.0,9.0
LE07_197025_20010306,2001-03-06,197.0,25.0,1.0,9.0
LE07_197025_20010407,2001-04-07,197.0,25.0,54.0,9.0
LE07_197025_20010423,2001-04-23,197.0,25.0,94.0,9.0
LE07_197025_20010509,2001-05-09,197.0,25.0,30.0,9.0
LE07_197025_20010525,2001-05-25,197.0,25.0,5.0,9.0
LE07_197025_20010610,2001-06-10,197.0,25.0,66.0,9.0
LE07_197025_20010626,2001-06-26,197.0,25.0,1.0,9.0
LE07_197025_20010712,2001-07-12,197.0,25.0,81.0,9.0
LE07_197025_20010728,2001-07-28,197.0,25.0,57.0,9.0
LE07_197025_20010813,2001-08-13,197.0,25.0,55.0,9.0
LE07_197025_20010829,2001-08-29,197.0,25.0,15.0,9.0
LE07_197025_20010914,2001-09-14,197.0,25.0,77.0,9.0
LE07_197025_20010930,2001-09-30,197.0,25.0,19.0,9.0
LE07_197025_20011016,2001-10-16,197.0,25.0,15.0,9.0
LE07_197025_20011101,2001-11-01,197.0,25.0,38.0,9.0
LE07_197025_20011117,2001-11-17,197.0,25.0,73.0,9.0
LE07_197025_20020104,2002-01-04,197.0,25.0,0.0,9.0
LE07_197025_20020221,2002-02-21,197.0,25.0,11.0,9.0
LE07_197025_20020325,2002-03-25,197.0,25.0,32.0,9.0
LE07_197025_20020410,2002-04-10,197.0,25.0,5.0,9.0
LE07_197025_20020528,2002-05-28,197.0,25.0,67.0,9.0
LE07_197025_20020629,2002-06-29,197.0,25.0,63.0,9.0
LE07_197025_20020731,2002-07-31,197.0,25.0,88.0,9.0
LE07_197025_20020816,2002-08-16,197.0,25.0,9.0,9.0
LE07_197025_20020901,2002-09-01,197.0,25.0,82.0,9.0
LE07_197025_20020917,2002-09-17,197.0,25.0,62.0,9.0
LE07_197025_20021003,2002-10-03,197.0,25.0,96.0,9.0
LE07_197025_20021019,2002-10-19,197.0,25.0,73.0,9.0
LE07_197025_20021120,2002-11-20,197.0,25.0,70.0,9.0
LE07_197025_20030224,2003-02-24,197.0,25.0,0.0,9.0
LE07_197025_20030328,2003-03-28,197.0,25.0,9.0,9.0
LE07_197025_20030413,2003-04-13,197.0,25.0,1.0,9.0
LE07_197025_20030429,2003-04-29,197.0,25.0,63.0,9.0
LE07_197025_20030515,2003-05-15,197.0,25.0,78.0,9.0
LE07_197025_20030531,2003-05-31,197.0,25.0,56.0,9.0
LE07_197025_20030803,2003-08-03,197.0,25.0,0.0,9.0
LE07_197025_20030920,2003-09-20,197.0,25.0,0.0,9.0
LE07_197025_20031107,2003-11-07,197.0,25.0,1.0,9.0
LE07_197025_20031209,2003-12-09,197.0,25.0,11.0,9.0
LE07_197025_20040227,2004-02-27,197.0,25.0,78.0,9.0
LE07_197025_20040314,2004-03-14,197.0,25.0,32.0,9.0
LE07_197025_20040330,2004-03-30,197.0,25.0,0.0,9.0
LE07_197025_20040415,2004-04-15,197.0,25.0,5.0,9.0
LE07_197025_20040517,2004-05-17,197.0,25.0,5.0,9.0
LE07_197025_20040906,2004-09-06,197.0,25.0,0.0,9.0
LE07_197025_20041109,2004-11-09,197.0,25.0,19.0,9.0
LE07_197025_20041125,2004-11-25,197.0,25.0,3.0,9.0
LE07_197025_20050402,2005-04-02,197.0,25.0,0.0,9.0
LE07_197025_20050418,2005-04-18,197.0,25.0,81.0,9.0
LE07_197025_20050824,2005-08-24,197.0,25.0,39.0,9.0
LE07_197025_20050925,2005-09-25,197.0,25.0,56.0,9.0
LE07_197025_20051027,2005-10-27,197.0,25.0,34.0,9.0
LE07_197025_20051112,2005-11-12,197.0,25.0,78.0,9.0
LE07_197025_20060320,2006-03-20,197.0,25.0,47.0,9.0
LE07_197025_20060608,2006-06-08,197.0,25.0,14.0,9.0
LE07_197025_20060624,2006-06-24,197.0,25.0,23.0,9.0
LE07_197025_20060726,2006-07-26,197.0,25.0,6.0,9.0
LE07_197025_20060912,2006-09-12,197.0,25.0,0.0,9.0
LE07_197025_20061014,2006-10-14,197.0,25.0,72.0,9.0
LE07_197025_20070408,2007-04-08,197.0,25.0,0.0,9.0
LE07_197025_20070424,2007-04-24,197.0,25.0,47.0,9.0
LE07_197025_20070611,2007-06-11,197.0,25.0,29.0,9.0
LE07_197025_20070830,2007-08-30,197.0,25.0,15.0,9.0
LE07_197025_20070915,2007-09-15,197.0,25.0,43.0,9.0
LE07_197025_20071118,2007-11-18,197.0,25.0,56.0,9.0
LE07_197025_20080426,2008-04-26,197.0,25.0,35.0,9.0
LE07_197025_20080512,2008-05-12,197.0,25.0,2.0,9.0
LE07_197025_20080528,2008-05-28,197.0,25.0,95.0,9.0
LE07_197025_20080629,2008-06-29,197.0,25.0,28.0,9.0
LE07_197025_20080715,2008-07-15,197.0,25.0,17.0,9.0
LE07_197025_20080731,2008-07-31,197.0,25.0,36.0,9.0
LE07_197025_20090413,2009-04-13,197.0,25.0,67.0,9.0
LE07_197025_20090531,2009-05-31,197.0,25.0,87.0,9.0
LE07_197025_20090616,2009-06-16,197.0,25.0,64.0,9.0
LE07_197025_20090702,2009-07-02,197.0,25.0,17.0,9.0
LE07_197025_20090803,2009-08-03,197.0,25.0,79.0,9.0
LE07_197025_20090819,2009-08-19,197.0,25.0,0.0,9.0
LE07_197025_20090920,2009-09-20,197.0,25.0,58.0,9.0
LE07_197025_20100416,2010-04-16,197.0,25.0,53.0,9.0
LE07_197025_20100518,2010-05-18,197.0,25.0,49.0,9.0
LE07_197025_20100603,2010-06-03,197.0,25.0,0.0,9.0
LE07_197025_20100721,2010-07-21,197.0,25.0,73.0,9.0
LE07_197025_20100806,2010-08-06,197.0,25.0,35.0,9.0
LE07_197025_20101009,2010-10-09,197.0,25.0,2.0,9.0
LE07_197025_20101025,2010-10-25,197.0,25.0,30.0,9.0
LE07_197025_20101126,2010-11-26,197.0,25.0,69.0,9.0
LE07_197025_20110302,2011-03-02,197.0,25.0,0.0,9.0
LE07_197025_20110419,2011-04-19,197.0,25.0,1.0,9.0
LE07_197025_20110505,2011-05-05,197.0,25.0,5.0,9.0
LE07_197025_20110521,2011-05-21,197.0,25.0,5.0,9.0
LE07_197025_20110606,2011-06-06,197.0,25.0,69.0,9.0
LE07_197025_20110910,2011-09-10,197.0,25.0,13.0,9.0
LE07_197025_20110926,2011-09-26,197.0,25.0,53.0,9.0
LE07_197025_20111028,2011-10-28,197.0,25.0,48.0,9.0
LE07_197025_20111113,2011-11-13,197.0,25.0,74.0,9.0
LE07_197025_20111129,2011-11-29,197.0,25.0,78.0,9.0
LE07_197025_20120320,2012-03-20,197.0,25.0,2.0,9.0
LE07_197025_20120405,2012-04-05,197.0,25.0,95.0,9.0
LE07_197025_20120421,2012-04-21,197.0,25.0,84.0,9.0
LE07_197025_20120608,2012-06-08,197.0,25.0,63.0,9.0
LE07_197025_20120710,2012-07-10,197.0,25.0,79.0,9.0
LE07_197025_20120811,2012-08-11,197.0,25.0,13.0,9.0
LE07_197025_20120827,2012-08-27,197.0,25.0,8.0,9.0
LE07_197025_20120912,2012-09-12,197.0,25.0,87.0,9.0
LE07_197025_20120928,2012-09-28,197.0,25.0,68.0,9.0
LE07_197025_20121014,2012-10-14,197.0,25.0,98.0,9.0
LE07_197025_20121201,2012-12-01,197.0,25.0,88.0,9.0
LE07_197026_20000115,2000-01-15,197.0,26.0,9.0,9.0
LE07_197026_20000319,2000-03-19,197.0,26.0,16.0,9.0
LE07_197026_20000404,2000-04-04,197.0,26.0,58.0,9.0
LE07_197026_20000420,2000-04-20,197.0,26.0,23.0,9.0
LE07_197026_20000506,2000-05-06,197.0,26.0,3.0,9.0
LE07_197026_20000607,2000-06-07,197.0,26.0,46.0,9.0
LE07_197026_20000623,2000-06-23,197.0,26.0,86.0,9.0
LE07_197026_20000725,2000-07-25,197.0,26.0,89.0,9.0
LE07_197026_20000810,2000-08-10,197.0,26.0,18.0,9.0
LE07_197026_20000826,2000-08-26,197.0,26.0,50.0,9.0
LE07_197026_20000911,2000-09-11,197.0,26.0,0.0,9.0
LE07_197026_20001029,2000-10-29,197.0,26.0,78.0,9.0
LE07_197026_20001114,2000-11-14,197.0,26.0,100.0,9.0
LE07_197026_20001130,2000-11-30,197.0,26.0,73.0,9.0
LE07_197026_20001216,2000-12-16,197.0,26.0,93.0,9.0
LE07_197026_20010117,2001-01-17,197.0,26.0,29.0,9.0
LE07_197026_20010218,2001-02-18,197.0,26.0,30.0,9.0
LE07_197026_20010306,2001-03-06,197.0,26.0,25.0,9.0
LE07_197026_20010407,2001-04-07,197.0,26.0,46.0,9.0
LE07_197026_20010423,2001-04-23,197.0,26.0,48.0,9.0
LE07_197026_20010509,2001-05-09,197.0,26.0,64.0,9.0
LE07_197026_20010525,2001-05-25,197.0,26.0,6.0,9.0
LE07_197026_20010610,2001-06-10,197.0,26.0,62.0,9.0
LE07_197026_20010626,2001-06-26,197.0,26.0,2.0,9.0
LE07_197026_20010712,2001-07-12,197.0,26.0,89.0,9.0
LE07_197026_20010728,2001-07-28,197.0,26.0,64.0,9.0
LE07_197026_20010813,2001-08-13,197.0,26.0,7.0,9.0
LE07_197026_20010829,2001-08-29,197.0,26.0,17.0,9.0
LE07_197026_20010914,2001-09-14,197.0,26.0,59.0,9.0
LE07_197026_20010930,2001-09-30,197.0,26.0,59.0,9.0
LE07_197026_20011101,2001-11-01,197.0,26.0,6.0,9.0
LE07_197026_20011117,2001-11-17,197.0,26.0,28.0,9.0
LE07_197026_20020104,2002-01-04,197.0,26.0,1.0,9.0
LE07_197026_20020221,2002-02-21,197.0,26.0,24.0,9.0
LE07_197026_20020325,2002-03-25,197.0,26.0,48.0,9.0
LE07_197026_20020410,2002-04-10,197.0,26.0,24.0,9.0
LE07_197026_20020613,2002-06-13,197.0,26.0,83.0,9.0
LE07_197026_20020629,2002-06-29,197.0,26.0,45.0,9.0
LE07_197026_20020816,2002-08-16,197.0,26.0,4.0,9.0
LE07_197026_20020901,2002-09-01,197.0,26.0,42.0,9.0
LE07_197026_20020917,2002-09-17,197.0,26.0,6.0,9.0
LE07_197026_20021003,2002-10-03,197.0,26.0,83.0,9.0
LE07_197026_20021019,2002-10-19,197.0,26.0,42.0,9.0
LE07_197026_20021120,2002-11-20,197.0,26.0,69.0,9.0
LE07_197026_20030107,2003-01-07,197.0,26.0,25.0,9.0
LE07_197026_20030224,2003-02-24,197.0,26.0,0.0,9.0
LE07_197026_20030328,2003-03-28,197.0,26.0,60.0,9.0
LE07_197026_20030413,2003-04-13,197.0,26.0,5.0,9.0
LE07_197026_20030429,2003-04-29,197.0,26.0,73.0,9.0
LE07_197026_20030515,2003-05-15,197.0,26.0,51.0,9.0
LE07_197026_20030531,2003-05-31,197.0,26.0,70.0,9.0
LE07_197026_20030803,2003-08-03,197.0,26.0,0.0,9.0
LE07_197026_20030920,2003-09-20,197.0,26.0,0.0,9.0
LE07_197026_20031107,2003-11-07,197.0,26.0,2.0,9.0
LE07_197026_20031209,2003-12-09,197.0,26.0,21.0,9.0
LE07_197026_20040227,2004-02-27,197.0,26.0,40.0,9.0
LE07_197026_20040314,2004-03-14,197.0,26.0,33.0,9.0
LE07_197026_20040330,2004-03-30,197.0,26.0,0.0,9.0
LE07_197026_20040415,2004-04-15,197.0,26.0,3.0,9.0
LE07_197026_20040517,2004-05-17,197.0,26.0,0.0,9.0
LE07_197026_20040906,2004-09-06,197.0,26.0,0.0,9.0
LE07_197026_20041024,2004-10-24,197.0,26.0,25.0,9.0
LE07_197026_20041109,2004-11-09,197.0,26.0,34.0,9.0
LE07_197026_20041125,2004-11-25,197.0,26.0,48.0,9.0
LE07_197026_20041227,2004-12-27,197.0,26.0,20.0,9.0
LE07_197026_20050402,2005-04-02,197.0,26.0,8.0,9.0
LE07_197026_20050824,2005-08-24,197.0,26.0,70.0,9.0
LE07_197026_20050925,2005-09-25,197.0,26.0,39.0,9.0
LE07_197026_20051027,2005-10-27,197.0,26.0,9.0,9.0
LE07_197026_20051112,2005-11-12,197.0,26.0,76.0,9.0
LE07_197026_20060115,2006-01-15,197.0,26.0,46.0,9.0
LE07_197026_20060131,2006-01-31,197.0,26.0,5.0,9.0
LE07_197026_20060320,2006-03-20,197.0,26.0,67.0,9.0
LE07_197026_20060608,2006-06-08,197.0,26.0,2.0,9.0
LE07_197026_20060624,2006-06-24,197.0,26.0,16.0,9.0
LE07_197026_20060726,2006-07-26,197.0,26.0,14.0,9.0
LE07_197026_20061014,2006-10-14,197.0,26.0,77.0,9.0
LE07_197026_20061030,2006-10-30,197.0,26.0,6.0,9.0
LE07_197026_20061115,2006-11-15,197.0,26.0,43.0,9.0
LE07_197026_20061201,2006-12-01,197.0,26.0,48.0,9.0
LE07_197026_20070203,2007-02-03,197.0,26.0,1.0,9.0
LE07_197026_20070219,2007-02-19,197.0,26.0,96.0,9.0
LE07_197026_20070408,2007-04-08,197.0,26.0,0.0,9.0
LE07_197026_20070424,2007-04-24,197.0,26.0,26.0,9.0
LE07_197026_20070611,2007-06-11,197.0,26.0,49.0,9.0
LE07_197026_20070830,2007-08-30,197.0,26.0,12.0,9.0
LE07_197026_20070915,2007-09-15,197.0,26.0,31.0,9.0
LE07_197026_20071118,2007-11-18,197.0,26.0,90.0,9.0
LE07_197026_20071220,2007-12-20,197.0,26.0,7.0,9.0
LE07_197026_20080426,2008-04-26,197.0,26.0,5.0,9.0
LE07_197026_20080512,2008-05-12,197.0,26.0,0.0,9.0
LE07_197026_20080528,2008-05-28,197.0,26.0,50.0,9.0
LE07_197026_20080629,2008-06-29,197.0,26.0,42.0,9.0
LE07_197026_20080715,2008-07-15,197.0,26.0,4.0,9.0
LE07_197026_20081019,2008-10-19,197.0,26.0,14.0,9.0
LE07_197026_20081104,2008-11-04,197.0,26.0,27.0,9.0
LE07_197026_20090107,2009-01-07,197.0,26.0,5.0,9.0
LE07_197026_20090413,2009-04-13,197.0,26.0,72.0,9.0
LE07_197026_20090531,2009-05-31,197.0,26.0,66.0,9.0
LE07_197026_20090616,2009-06-16,197.0,26.0,39.0,9.0
LE07_197026_20090702,2009-07-02,197.0,26.0,8.0,9.0
LE07_197026_20090819,2009-08-19,197.0,26.0,0.0,9.0
LE07_197026_20090920,2009-09-20,197.0,26.0,53.0,9.0
LE07_197026_20091022,2009-10-22,197.0,26.0,83.0,9.0
LE07_197026_20100416,2010-04-16,197.0,26.0,15.0,9.0
LE07_197026_20100518,2010-05-18,197.0,26.0,36.0,9.0
LE07_197026_20100603,2010-06-03,197.0,26.0,7.0,9.0
LE07_197026_20100705,2010-07-05,197.0,26.0,18.0,9.0
LE07_197026_20100721,2010-07-21,197.0,26.0,72.0,9.0
LE07_197026_20100806,2010-08-06,197.0,26.0,55.0,9.0
LE07_197026_20100822,2010-08-22,197.0,26.0,88.0,9.0
LE07_197026_20101009,2010-10-09,197.0,26.0,34.0,9.0
LE07_197026_20101025,2010-10-25,197.0,26.0,20.0,9.0
LE07_197026_20101212,2010-12-12,197.0,26.0,67.0,9.0
LE07_197026_20110129,2011-01-29,197.0,26.0,69.0,9.0
LE07_197026_20110302,2011-03-02,197.0,26.0,0.0,9.0
LE07_197026_20110419,2011-04-19,197.0,26.0,0.0,9.0
LE07_197026_20110505,2011-05-05,197.0,26.0,0.0,9.0
LE07_197026_20110910,2011-09-10,197.0,26.0,3.0,9.0
LE07_197026_20110926,2011-09-26,197.0,26.0,40.0,9.0
LE07_197026_20111113,2011-11-13,197.0,26.0,94.0,9.0
LE07_197026_20111129,2011-11-29,197.0,26.0,46.0,9.0
LE07_197026_20120116,2012-01-16,197.0,26.0,3.0,9.0
LE07_197026_20120201,2012-02-01,197.0,26.0,5.0,9.0
LE07_197026_20120320,2012-03-20,197.0,26.0,1.0,9.0
LE07_197026_20120405,2012-04-05,197.0,26.0,77.0,9.0
LE07_197026_20120608,2012-06-08,197.0,26.0,64.0,9.0
LE07_197026_20120710,2012-07-10,197.0,26.0,56.0,9.0
LE07_197026_20120811,2012-08-11,197.0,26.0,0.0,9.0
LE07_197026_20120827,2012-08-27,197.0,26.0,2.0,9.0
LE07_197026_20121201,2012-12-01,197.0,26.0,85.0,9.0
LE07_198022_20000207,2000-02-07,198.0,22.0,40.0,9.0
LE07_198022_20000411,2000-04-11,198.0,22.0,80.0,9.0
LE07_198022_20000427,2000-04-27,198.0,22.0,72.0,9.0
LE07_198022_20000513,2000-05-13,198.0,22.0,0.0,9.0
LE07_198022_20000801,2000-08-01,198.0,22.0,48.0,9.0
LE07_198022_20001121,2000-11-21,198.0,22.0,28.0,9.0
LE07_198022_20010209,2001-02-09,198.0,22.0,17.0,9.0
LE07_198022_20010601,2001-06-01,198.0,22.0,58.0,9.0
LE07_198022_20020807,2002-08-07,198.0,22.0,50.0,9.0
LE07_198022_20020908,2002-09-08,198.0,22.0,63.0,9.0
LE07_198022_20020924,2002-09-24,198.0,22.0,91.0,9.0
LE07_198022_20040812,2004-08-12,198.0,22.0,69.0,9.0
LE07_198022_20050425,2005-04-25,198.0,22.0,0.0,9.0
LE07_198022_20060701,2006-07-01,198.0,22.0,0.0,9.0
LE07_198022_20060717,2006-07-17,198.0,22.0,1.0,9.0
LE07_198022_20070330,2007-03-30,198.0,22.0,9.0,9.0
LE07_198022_20070415,2007-04-15,198.0,22.0,0.0,9.0
LE07_198022_20070501,2007-05-01,198.0,22.0,11.0,9.0
LE07_198022_20090420,2009-04-20,198.0,22.0,14.0,9.0
LE07_198022_20100930,2010-09-30,198.0,22.0,88.0,9.0
LE07_198022_20110410,2011-04-10,198.0,22.0,0.0,9.0
LE07_198022_20120327,2012-03-27,198.0,22.0,17.0,9.0
LE07_198022_20120818,2012-08-18,198.0,22.0,88.0,9.0
LE07_198023_20000207,2000-02-07,198.0,23.0,79.0,9.0
LE07_198023_20000223,2000-02-23,198.0,23.0,66.0,9.0
LE07_198023_20000310,2000-03-10,198.0,23.0,94.0,9.0
LE07_198023_20000326,2000-03-26,198.0,23.0,47.0,9.0
LE07_198023_20000411,2000-04-11,198.0,23.0,33.0,9.0
LE07_198023_20000427,2000-04-27,198.0,23.0,61.0,9.0
LE07_198023_20000513,2000-05-13,198.0,23.0,2.0,9.0
LE07_198023_20000529,2000-05-29,198.0,23.0,63.0,9.0
LE07_198023_20000630,2000-06-30,198.0,23.0,80.0,9.0
LE07_198023_20000801,2000-08-01,198.0,23.0,36.0,9.0
LE07_198023_20000817,2000-08-17,198.0,23.0,34.0,9.0
LE07_198023_20000902,2000-09-02,198.0,23.0,59.0,9.0
LE07_198023_20000918,2000-09-18,198.0,23.0,74.0,9.0
LE07_198023_20001020,2000-10-20,198.0,23.0,95.0,9.0
LE07_198023_20001105,2000-11-05,198.0,23.0,47.0,9.0
LE07_198023_20001121,2000-11-21,198.0,23.0,82.0,9.0
LE07_198023_20010124,2001-01-24,198.0,23.0,31.0,9.0
LE07_198023_20010209,2001-02-09,198.0,23.0,81.0,9.0
LE07_198023_20010225,2001-02-25,198.0,23.0,45.0,9.0
LE07_198023_20010414,2001-04-14,198.0,23.0,100.0,9.0
LE07_198023_20010430,2001-04-30,198.0,23.0,32.0,9.0
LE07_198023_20010516,2001-05-16,198.0,23.0,90.0,9.0
LE07_198023_20010601,2001-06-01,198.0,23.0,68.0,9.0
LE07_198023_20010703,2001-07-03,198.0,23.0,52.0,9.0
LE07_198023_20010804,2001-08-04,198.0,23.0,50.0,9.0
LE07_198023_20010820,2001-08-20,198.0,23.0,74.0,9.0
LE07_198023_20010921,2001-09-21,198.0,23.0,44.0,9.0
LE07_198023_20011007,2001-10-07,198.0,23.0,72.0,9.0
LE07_198023_20020212,2002-02-12,198.0,23.0,14.0,9.0
LE07_198023_20020316,2002-03-16,198.0,23.0,49.0,9.0
LE07_198023_20020401,2002-04-01,198.0,23.0,65.0,9.0
LE07_198023_20020503,2002-05-03,198.0,23.0,72.0,9.0
LE07_198023_20020519,2002-05-19,198.0,23.0,64.0,9.0
LE07_198023_20020604,2002-06-04,198.0,23.0,47.0,9.0
LE07_198023_20020722,2002-07-22,198.0,23.0,70.0,9.0
LE07_198023_20020807,2002-08-07,198.0,23.0,17.0,9.0
LE07_198023_20020908,2002-09-08,198.0,23.0,58.0,9.0
LE07_198023_20020924,2002-09-24,198.0,23.0,30.0,9.0
LE07_198023_20021026,2002-10-26,198.0,23.0,55.0,9.0
LE07_198023_20021111,2002-11-11,198.0,23.0,60.0,9.0
LE07_198023_20030130,2003-01-30,198.0,23.0,72.0,9.0
LE07_198023_20030303,2003-03-03,198.0,23.0,57.0,9.0
LE07_198023_20030420,2003-04-20,198.0,23.0,42.0,9.0
LE07_198023_20030506,2003-05-06,198.0,23.0,97.0,9.0
LE07_198023_20030810,2003-08-10,198.0,23.0,37.0,9.0
LE07_198023_20031013,2003-10-13,198.0,23.0,66.0,9.0
LE07_198023_20031029,2003-10-29,198.0,23.0,100.0,9.0
LE07_198023_20040727,2004-07-27,198.0,23.0,53.0,9.0
LE07_198023_20040828,2004-08-28,198.0,23.0,30.0,9.0
LE07_198023_20050425,2005-04-25,198.0,23.0,9.0,9.0
LE07_198023_20050527,2005-05-27,198.0,23.0,1.0,9.0
LE07_198023_20050628,2005-06-28,198.0,23.0,15.0,9.0
LE07_198023_20050714,2005-07-14,198.0,23.0,35.0,9.0
LE07_198023_20050916,2005-09-16,198.0,23.0,48.0,9.0
LE07_198023_20051018,2005-10-18,198.0,23.0,22.0,9.0
LE07_198023_20060428,2006-04-28,198.0,23.0,87.0,9.0
LE07_198023_20060514,2006-05-14,198.0,23.0,60.0,9.0
LE07_198023_20060701,2006-07-01,198.0,23.0,0.0,9.0
LE07_198023_20060717,2006-07-17,198.0,23.0,0.0,9.0
LE07_198023_20070330,2007-03-30,198.0,23.0,18.0,9.0
LE07_198023_20070415,2007-04-15,198.0,23.0,1.0,9.0
LE07_198023_20070501,2007-05-01,198.0,23.0,0.0,9.0
LE07_198023_20070602,2007-06-02,198.0,23.0,18.0,9.0
LE07_198023_20070805,2007-08-05,198.0,23.0,2.0,9.0
LE07_198023_20080519,2008-05-19,198.0,23.0,44.0,9.0
LE07_198023_20080908,2008-09-08,198.0,23.0,66.0,9.0
LE07_198023_20080924,2008-09-24,198.0,23.0,66.0,9.0
LE07_198023_20081111,2008-11-11,198.0,23.0,31.0,9.0
LE07_198023_20090319,2009-03-19,198.0,23.0,70.0,9.0
LE07_198023_20090420,2009-04-20,198.0,23.0,1.0,9.0
LE07_198023_20090623,2009-06-23,198.0,23.0,4.0,9.0
LE07_198023_20090927,2009-09-27,198.0,23.0,40.0,9.0
LE07_198023_20100728,2010-07-28,198.0,23.0,55.0,9.0
LE07_198023_20100813,2010-08-13,198.0,23.0,32.0,9.0
LE07_198023_20100930,2010-09-30,198.0,23.0,99.0,9.0
LE07_198023_20101016,2010-10-16,198.0,23.0,55.0,9.0
LE07_198023_20110410,2011-04-10,198.0,23.0,0.0,9.0
LE07_198023_20110426,2011-04-26,198.0,23.0,34.0,9.0
LE07_198023_20110512,2011-05-12,198.0,23.0,44.0,9.0
LE07_198023_20110901,2011-09-01,198.0,23.0,82.0,9.0
LE07_198023_20111003,2011-10-03,198.0,23.0,86.0,9.0
LE07_198023_20111019,2011-10-19,198.0,23.0,67.0,9.0
LE07_198023_20111120,2011-11-20,198.0,23.0,36.0,9.0
LE07_198023_20120327,2012-03-27,198.0,23.0,53.0,9.0
LE07_198023_20120412,2012-04-12,198.0,23.0,53.0,9.0
LE07_198023_20120701,2012-07-01,198.0,23.0,50.0,9.0
LE07_198023_20120717,2012-07-17,198.0,23.0,63.0,9.0
LE07_198023_20120818,2012-08-18,198.0,23.0,49.0,9.0
LE07_198023_20120903,2012-09-03,198.0,23.0,22.0,9.0
LE07_198023_20120919,2012-09-19,198.0,23.0,45.0,9.0
LE07_198023_20121122,2012-11-22,198.0,23.0,25.0,9.0
LE07_198024_20000207,2000-02-07,198.0,24.0,88.0,9.0
LE07_198024_20000223,2000-02-23,198.0,24.0,30.0,9.0
LE07_198024_20000326,2000-03-26,198.0,24.0,74.0,9.0
LE07_198024_20000411,2000-04-11,198.0,24.0,43.0,9.0
LE07_198024_20000427,2000-04-27,198.0,24.0,94.0,9.0
LE07_198024_20000513,2000-05-13,198.0,24.0,27.0,9.0
LE07_198024_20000529,2000-05-29,198.0,24.0,62.0,9.0
LE07_198024_20000614,2000-06-14,198.0,24.0,92.0,9.0
LE07_198024_20000630,2000-06-30,198.0,24.0,62.0,9.0
LE07_198024_20000801,2000-08-01,198.0,24.0,6.0,9.0
LE07_198024_20000817,2000-08-17,198.0,24.0,68.0,9.0
LE07_198024_20000918,2000-09-18,198.0,24.0,68.0,9.0
LE07_198024_20001020,2000-10-20,198.0,24.0,72.0,9.0
LE07_198024_20001105,2000-11-05,198.0,24.0,42.0,9.0
LE07_198024_20001121,2000-11-21,198.0,24.0,93.0,9.0
LE07_198024_20001207,2000-12-07,198.0,24.0,98.0,9.0
LE07_198024_20010124,2001-01-24,198.0,24.0,65.0,9.0
LE07_198024_20010209,2001-02-09,198.0,24.0,71.0,9.0
LE07_198024_20010225,2001-02-25,198.0,24.0,37.0,9.0
LE07_198024_20010414,2001-04-14,198.0,24.0,100.0,9.0
LE07_198024_20010430,2001-04-30,198.0,24.0,61.0,9.0
LE07_198024_20010516,2001-05-16,198.0,24.0,89.0,9.0
LE07_198024_20010601,2001-06-01,198.0,24.0,79.0,9.0
LE07_198024_20010703,2001-07-03,198.0,24.0,8.0,9.0
LE07_198024_20010719,2001-07-19,198.0,24.0,83.0,9.0
LE07_198024_20010804,2001-08-04,198.0,24.0,51.0,9.0
LE07_198024_20010820,2001-08-20,198.0,24.0,64.0,9.0
LE07_198024_20010905,2001-09-05,198.0,24.0,81.0,9.0
LE07_198024_20010921,2001-09-21,198.0,24.0,66.0,9.0
LE07_198024_20011007,2001-10-07,198.0,24.0,51.0,9.0
LE07_198024_20011108,2001-11-08,198.0,24.0,59.0,9.0
LE07_198024_20020127,2002-01-27,198.0,24.0,99.0,9.0
LE07_198024_20020212,2002-02-12,198.0,24.0,67.0,9.0
LE07_198024_20020228,2002-02-28,198.0,24.0,86.0,9.0
LE07_198024_20020316,2002-03-16,198.0,24.0,35.0,9.0
LE07_198024_20020401,2002-04-01,198.0,24.0,20.0,9.0
LE07_198024_20020417,2002-04-17,198.0,24.0,81.0,9.0
LE07_198024_20020503,2002-05-03,198.0,24.0,59.0,9.0
LE07_198024_20020519,2002-05-19,198.0,24.0,82.0,9.0
LE07_198024_20020604,2002-06-04,198.0,24.0,38.0,9.0
LE07_198024_20020722,2002-07-22,198.0,24.0,75.0,9.0
LE07_198024_20020807,2002-08-07,198.0,24.0,44.0,9.0
LE07_198024_20020823,2002-08-23,198.0,24.0,81.0,9.0
LE07_198024_20020908,2002-09-08,198.0,24.0,22.0,9.0
LE07_198024_20020924,2002-09-24,198.0,24.0,0.0,9.0
LE07_198024_20021026,2002-10-26,198.0,24.0,54.0,9.0
LE07_198024_20021111,2002-11-11,198.0,24.0,44.0,9.0
LE07_198024_20021127,2002-11-27,198.0,24.0,50.0,9.0
LE07_198024_20030130,2003-01-30,198.0,24.0,79.0,9.0
LE07_198024_20030215,2003-02-15,198.0,24.0,74.0,9.0
LE07_198024_20030303,2003-03-03,198.0,24.0,44.0,9.0
LE07_198024_20030319,2003-03-19,198.0,24.0,33.0,9.0
LE07_198024_20030404,2003-04-04,198.0,24.0,88.0,9.0
LE07_198024_20030420,2003-04-20,198.0,24.0,16.0,9.0
LE07_198024_20030506,2003-05-06,198.0,24.0,97.0,9.0
LE07_198024_20030810,2003-08-10,198.0,24.0,6.0,9.0
LE07_198024_20040727,2004-07-27,198.0,24.0,19.0,9.0
LE07_198024_20040828,2004-08-28,198.0,24.0,43.0,9.0
LE07_198024_20050425,2005-04-25,198.0,24.0,72.0,9.0
LE07_198024_20050527,2005-05-27,198.0,24.0,1.0,9.0
LE07_198024_20050628,2005-06-28,198.0,24.0,27.0,9.0
LE07_198024_20050714,2005-07-14,198.0,24.0,6.0,9.0
LE07_198024_20050831,2005-08-31,198.0,24.0,0.0,9.0
LE07_198024_20050916,2005-09-16,198.0,24.0,50.0,9.0
LE07_198024_20051018,2005-10-18,198.0,24.0,30.0,9.0
LE07_198024_20051103,2005-11-03,198.0,24.0,7.0,9.0
LE07_198024_20060428,2006-04-28,198.0,24.0,35.0,9.0
LE07_198024_20060701,2006-07-01,198.0,24.0,2.0,9.0
LE07_198024_20060717,2006-07-17,198.0,24.0,0.0,9.0
LE07_198024_20070314,2007-03-14,198.0,24.0,9.0,9.0
LE07_198024_20070330,2007-03-30,198.0,24.0,63.0,9.0
LE07_198024_20070415,2007-04-15,198.0,24.0,0.0,9.0
LE07_198024_20070501,2007-05-01,198.0,24.0,0.0,9.0
LE07_198024_20070602,2007-06-02,198.0,24.0,27.0,9.0
LE07_198024_20070805,2007-08-05,198.0,24.0,0.0,9.0
LE07_198024_20080417,2008-04-17,198.0,24.0,40.0,9.0
LE07_198024_20080519,2008-05-19,198.0,24.0,64.0,9.0
LE07_198024_20080722,2008-07-22,198.0,24.0,69.0,9.0
LE07_198024_20080823,2008-08-23,198.0,24.0,68.0,9.0
LE07_198024_20080908,2008-09-08,198.0,24.0,70.0,9.0
LE07_198024_20081111,2008-11-11,198.0,24.0,53.0,9.0
LE07_198024_20090319,2009-03-19,198.0,24.0,55.0,9.0
LE07_198024_20090420,2009-04-20,198.0,24.0,15.0,9.0
LE07_198024_20090623,2009-06-23,198.0,24.0,14.0,9.0
LE07_198024_20090725,2009-07-25,198.0,24.0,50.0,9.0
LE07_198024_20090810,2009-08-10,198.0,24.0,35.0,9.0
LE07_198024_20090927,2009-09-27,198.0,24.0,8.0,9.0
LE07_198024_20091130,2009-11-30,198.0,24.0,45.0,9.0
LE07_198024_20100423,2010-04-23,198.0,24.0,4.0,9.0
LE07_198024_20100525,2010-05-25,198.0,24.0,34.0,9.0
LE07_198024_20100728,2010-07-28,198.0,24.0,56.0,9.0
LE07_198024_20100813,2010-08-13,198.0,24.0,51.0,9.0
LE07_198024_20101016,2010-10-16,198.0,24.0,77.0,9.0
LE07_198024_20110410,2011-04-10,198.0,24.0,0.0,9.0
LE07_198024_20110426,2011-04-26,198.0,24.0,23.0,9.0
LE07_198024_20110512,2011-05-12,198.0,24.0,59.0,9.0
LE07_198024_20110901,2011-09-01,198.0,24.0,20.0,9.0
LE07_198024_20111003,2011-10-03,198.0,24.0,47.0,9.0
LE07_198024_20111019,2011-10-19,198.0,24.0,48.0,9.0
LE07_198024_20111120,2011-11-20,198.0,24.0,51.0,9.0
LE07_198024_20120208,2012-02-08,198.0,24.0,70.0,9.0
LE07_198024_20120327,2012-03-27,198.0,24.0,24.0,9.0
LE07_198024_20120412,2012-04-12,198.0,24.0,57.0,9.0
LE07_198024_20120530,2012-05-30,198.0,24.0,24.0,9.0
LE07_198024_20120701,2012-07-01,198.0,24.0,75.0,9.0
LE07_198024_20120802,2012-08-02,198.0,24.0,69.0,9.0
LE07_198024_20120818,2012-08-18,198.0,24.0,3.0,9.0
LE07_198024_20120903,2012-09-03,198.0,24.0,65.0,9.0
LE07_198024_20120919,2012-09-19,198.0,24.0,42.0,9.0
LE07_198024_20121122,2012-11-22,198.0,24.0,1.0,9.0
LE07_198025_20000106,2000-01-06,198.0,25.0,74.0,9.0
LE07_198025_20000223,2000-02-23,198.0,25.0,64.0,9.0
LE07_198025_20000411,2000-04-11,198.0,25.0,33.0,9.0
LE07_198025_20000427,2000-04-27,198.0,25.0,80.0,9.0
LE07_198025_20000513,2000-05-13,198.0,25.0,73.0,9.0
LE07_198025_20000529,2000-05-29,198.0,25.0,65.0,9.0
LE07_198025_20000614,2000-06-14,198.0,25.0,73.0,9.0
LE07_198025_20000630,2000-06-30,198.0,25.0,77.0,9.0
LE07_198025_20000801,2000-08-01,198.0,25.0,1.0,9.0
LE07_198025_20000817,2000-08-17,198.0,25.0,70.0,9.0
LE07_198025_20000918,2000-09-18,198.0,25.0,38.0,9.0
LE07_198025_20001105,2000-11-05,198.0,25.0,58.0,9.0
LE07_198025_20001121,2000-11-21,198.0,25.0,89.0,9.0
LE07_198025_20001223,2000-12-23,198.0,25.0,11.0,9.0
LE07_198025_20010108,2001-01-08,198.0,25.0,57.0,9.0
LE07_198025_20010124,2001-01-24,198.0,25.0,80.0,9.0
LE07_198025_20010209,2001-02-09,198.0,25.0,63.0,9.0
LE07_198025_20010225,2001-02-25,198.0,25.0,12.0,9.0
LE07_198025_20010313,2001-03-13,198.0,25.0,87.0,9.0
LE07_198025_20010414,2001-04-14,198.0,25.0,67.0,9.0
LE07_198025_20010430,2001-04-30,198.0,25.0,84.0,9.0
LE07_198025_20010601,2001-06-01,198.0,25.0,82.0,9.0
LE07_198025_20010703,2001-07-03,198.0,25.0,0.0,9.0
LE07_198025_20010804,2001-08-04,198.0,25.0,66.0,9.0
LE07_198025_20010820,2001-08-20,198.0,25.0,81.0,9.0
LE07_198025_20010905,2001-09-05,198.0,25.0,73.0,9.0
LE07_198025_20010921,2001-09-21,198.0,25.0,77.0,9.0
LE07_198025_20011108,2001-11-08,198.0,25.0,63.0,9.0
LE07_198025_20011210,2001-12-10,198.0,25.0,5.0,9.0
LE07_198025_20011226,2001-12-26,198.0,25.0,60.0,9.0
LE07_198025_20020228,2002-02-28,198.0,25.0,82.0,9.0
LE07_198025_20020316,2002-03-16,198.0,25.0,12.0,9.0
LE07_198025_20020401,2002-04-01,198.0,25.0,7.0,9.0
LE07_198025_20020417,2002-04-17,198.0,25.0,63.0,9.0
LE07_198025_20020503,2002-05-03,198.0,25.0,67.0,9.0
LE07_198025_20020519,2002-05-19,198.0,25.0,62.0,9.0
LE07_198025_20020604,2002-06-04,198.0,25.0,29.0,9.0
LE07_198025_20020722,2002-07-22,198.0,25.0,54.0,9.0
LE07_198025_20020807,2002-08-07,198.0,25.0,67.0,9.0
LE07_198025_20020823,2002-08-23,198.0,25.0,81.0,9.0
LE07_198025_20020908,2002-09-08,198.0,25.0,72.0,9.0
LE07_198025_20020924,2002-09-24,198.0,25.0,1.0,9.0
LE07_198025_20021026,2002-10-26,198.0,25.0,47.0,9.0
LE07_198025_20021111,2002-11-11,198.0,25.0,34.0,9.0
LE07_198025_20021127,2002-11-27,198.0,25.0,23.0,9.0
LE07_198025_20030130,2003-01-30,198.0,25.0,86.0,9.0
LE07_198025_20030215,2003-02-15,198.0,25.0,9.0,9.0
LE07_198025_20030303,2003-03-03,198.0,25.0,84.0,9.0
LE07_198025_20030319,2003-03-19,198.0,25.0,0.0,9.0
LE07_198025_20030404,2003-04-04,198.0,25.0,51.0,9.0
LE07_198025_20030420,2003-04-20,198.0,25.0,83.0,9.0
LE07_198025_20030810,2003-08-10,198.0,25.0,0.0,9.0
LE07_198025_20040524,2004-05-24,198.0,25.0,0.0,9.0
LE07_198025_20040625,2004-06-25,198.0,25.0,71.0,9.0
LE07_198025_20040727,2004-07-27,198.0,25.0,16.0,9.0
LE07_198025_20041202,2004-12-02,198.0,25.0,49.0,9.0
LE07_198025_20050527,2005-05-27,198.0,25.0,0.0,9.0
LE07_198025_20050612,2005-06-12,198.0,25.0,70.0,9.0
LE07_198025_20050714,2005-07-14,198.0,25.0,1.0,9.0
LE07_198025_20050730,2005-07-30,198.0,25.0,71.0,9.0
LE07_198025_20051103,2005-11-03,198.0,25.0,9.0,9.0
LE07_198025_20051119,2005-11-19,198.0,25.0,88.0,9.0
LE07_198025_20060428,2006-04-28,198.0,25.0,9.0,9.0
LE07_198025_20060701,2006-07-01,198.0,25.0,7.0,9.0
LE07_198025_20060717,2006-07-17,198.0,25.0,0.0,9.0
LE07_198025_20060818,2006-08-18,198.0,25.0,76.0,9.0
LE07_198025_20070314,2007-03-14,198.0,25.0,0.0,9.0
LE07_198025_20070415,2007-04-15,198.0,25.0,0.0,9.0
LE07_198025_20070501,2007-05-01,198.0,25.0,0.0,9.0
LE07_198025_20070602,2007-06-02,198.0,25.0,21.0,9.0
LE07_198025_20070805,2007-08-05,198.0,25.0,0.0,9.0
LE07_198025_20070922,2007-09-22,198.0,25.0,6.0,9.0
LE07_198025_20071008,2007-10-08,198.0,25.0,53.0,9.0
LE07_198025_20080213,2008-02-13,198.0,25.0,38.0,9.0
LE07_198025_20080417,2008-04-17,198.0,25.0,6.0,9.0
LE07_198025_20080519,2008-05-19,198.0,25.0,46.0,9.0
LE07_198025_20080722,2008-07-22,198.0,25.0,44.0,9.0
LE07_198025_20081111,2008-11-11,198.0,25.0,52.0,9.0
LE07_198025_20090319,2009-03-19,198.0,25.0,12.0,9.0
LE07_198025_20090420,2009-04-20,198.0,25.0,10.0,9.0
LE07_198025_20090522,2009-05-22,198.0,25.0,27.0,9.0
LE07_198025_20090623,2009-06-23,198.0,25.0,13.0,9.0
LE07_198025_20090709,2009-07-09,198.0,25.0,79.0,9.0
LE07_198025_20090725,2009-07-25,198.0,25.0,58.0,9.0
LE07_198025_20090810,2009-08-10,198.0,25.0,8.0,9.0
LE07_198025_20090911,2009-09-11,198.0,25.0,55.0,9.0
LE07_198025_20090927,2009-09-27,198.0,25.0,1.0,9.0
LE07_198025_20091029,2009-10-29,198.0,25.0,95.0,9.0
LE07_198025_20100423,2010-04-23,198.0,25.0,2.0,9.0
LE07_198025_20100525,2010-05-25,198.0,25.0,23.0,9.0
LE07_198025_20100728,2010-07-28,198.0,25.0,62.0,9.0
LE07_198025_20100813,2010-08-13,198.0,25.0,54.0,9.0
LE07_198025_20101016,2010-10-16,198.0,25.0,78.0,9.0
LE07_198025_20101101,2010-11-01,198.0,25.0,82.0,9.0
LE07_198025_20101203,2010-12-03,198.0,25.0,44.0,9.0
LE07_198025_20110410,2011-04-10,198.0,25.0,0.0,9.0
LE07_198025_20110426,2011-04-26,198.0,25.0,14.0,9.0
LE07_198025_20110512,2011-05-12,198.0,25.0,47.0,9.0
LE07_198025_20110816,2011-08-16,198.0,25.0,78.0,9.0
LE07_198025_20111003,2011-10-03,198.0,25.0,1.0,9.0
LE07_198025_20111019,2011-10-19,198.0,25.0,55.0,9.0
LE07_198025_20111104,2011-11-04,198.0,25.0,3.0,9.0
LE07_198025_20111120,2011-11-20,198.0,25.0,28.0,9.0
LE07_198025_20120208,2012-02-08,198.0,25.0,17.0,9.0
LE07_198025_20120327,2012-03-27,198.0,25.0,0.0,9.0
LE07_198025_20120412,2012-04-12,198.0,25.0,70.0,9.0
LE07_198025_20120530,2012-05-30,198.0,25.0,45.0,9.0
LE07_198025_20120802,2012-08-02,198.0,25.0,88.0,9.0
LE07_198025_20120818,2012-08-18,198.0,25.0,0.0,9.0
LE07_198025_20120903,2012-09-03,198.0,25.0,88.0,9.0
LE07_198025_20120919,2012-09-19,198.0,25.0,36.0,9.0
LE07_198025_20121021,2012-10-21,198.0,25.0,50.0,9.0
LE07_198025_20121122,2012-11-22,198.0,25.0,36.0,9.0
LE07_198025_20121208,2012-12-08,198.0,25.0,61.0,9.0
