system_index,date,WRS_PATH,WRS_ROW,CLOUD_COVER,IMAGE_QUALITY
LC08_191024_20130422,2013-04-22,191.0,24.0,3.3,
LC08_191024_20130609,2013-06-09,191.0,24.0,59.65,
LC08_191024_20130727,2013-07-27,191.0,24.0,13.64,
LC08_191024_20130812,2013-08-12,191.0,24.0,8.16,
LC08_191024_20130828,2013-08-28,191.0,24.0,31.06,
LC08_191024_20130913,2013-09-13,191.0,24.0,83.58,
LC08_191024_20130929,2013-09-29,191.0,24.0,16.39,
LC08_191024_20131015,2013-10-15,191.0,24.0,75.78,
LC08_191024_20131031,2013-10-31,191.0,24.0,0.04,
LC08_191024_20131116,2013-11-16,191.0,24.0,93.4,
LC08_191024_20131202,2013-12-02,191.0,24.0,13.36,
LC08_191024_20140204,2014-02-04,191.0,24.0,9.14,
LC08_191024_20140220,2014-02-20,191.0,24.0,67.7,
LC08_191024_20140308,2014-03-08,191.0,24.0,54.74,
LC08_191024_20140425,2014-04-25,191.0,24.0,32.74,
LC08_191024_20140511,2014-05-11,191.0,24.0,51.08,
LC08_191024_20140527,2014-05-27,191.0,24.0,89.64,
LC08_191024_20140612,2014-06-12,191.0,24.0,26.29,
LC08_191024_20140628,2014-06-28,191.0,24.0,99.99,
LC08_191024_20140714,2014-07-14,191.0,24.0,61.16,
LC08_191024_20140730,2014-07-30,191.0,24.0,40.39,
LC08_191024_20140815,2014-08-15,191.0,24.0,55.57,
LC08_191024_20140916,2014-09-16,191.0,24.0,13.57,
LC08_191024_20141002,2014-10-02,191.0,24.0,81.51,
LC08_191024_20141018,2014-10-18,191.0,24.0,74.66,
LC08_191024_20141103,2014-11-03,191.0,24.0,80.66,
LC08_191024_20150106,2015-01-06,191.0,24.0,44.82,
LC08_191024_20150207,2015-02-07,191.0,24.0,56.58,
LC08_191024_20150223,2015-02-23,191.0,24.0,64.3,
LC08_191024_20150412,2015-04-12,191.0,24.0,38.14,
LC08_191024_20150514,2015-05-14,191.0,24.0,78.08,
LC08_191024_20150530,2015-05-30,191.0,24.0,70.7,
LC08_191024_20150615,2015-06-15,191.0,24.0,71.92,
LC08_191024_20150701,2015-07-01,191.0,24.0,4.77,
LC08_191024_20150717,2015-07-17,191.0,24.0,35.28,
LC08_191024_20150802,2015-08-02,191.0,24.0,45.2,
LC08_191024_20150818,2015-08-18,191.0,24.0,51.16,
LC08_191024_20150903,2015-09-03,191.0,24.0,37.09,
LC08_191024_20150919,2015-09-19,191.0,24.0,3.94,
LC08_191024_20151005,2015-10-05,191.0,24.0,3.72,
LC08_191024_20151106,2015-11-06,191.0,24.0,90.37,
LC08_191024_20151208,2015-12-08,191.0,24.0,81.53,
LC08_191024_20160210,2016-02-10,191.0,24.0,100.0,
LC08_191024_20160329,2016-03-29,191.0,24.0,75.91,
LC08_191024_20160430,2016-04-30,191.0,24.0,11.78,
LC08_191024_20160516,2016-05-16,191.0,24.0,79.1,
LC08_191024_20160601,2016-06-01,191.0,24.0,85.56,
LC08_191024_20160703,2016-07-03,191.0,24.0,35.39,
LC08_191024_20160719,2016-07-19,191.0,24.0,95.3,
LC08_191024_20160804,2016-08-04,191.0,24.0,48.65,
LC08_191024_20160820,2016-08-20,191.0,24.0,81.05,
LC08_191024_20160921,2016-09-21,191.0,24.0,62.87,
LC08_191024_20161007,2016-10-07,191.0,24.0,31.29,
LC08_191024_20161023,2016-10-23,191.0,24.0,58.75,
LC08_191024_20161108,2016-11-08,191.0,24.0,58.73,
LC08_191024_20161210,2016-12-10,191.0,24.0,97.63,
LC08_191024_20170111,2017-01-11,191.0,24.0,1.79,
LC08_191024_20170127,2017-01-27,191.0,24.0,2.65,
LC08_191024_20170212,2017-02-12,191.0,24.0,90.29,
LC08_191024_20170228,2017-02-28,191.0,24.0,91.11,
LC08_191024_20170316,2017-03-16,191.0,24.0,33.95,
LC08_191024_20170401,2017-04-01,191.0,24.0,0.35,
LC08_191024_20170417,2017-04-17,191.0,24.0,84.43,
LC08_191024_20170519,2017-05-19,191.0,24.0,0.01,
LC08_191024_20170620,2017-06-20,191.0,24.0,20.14,
LC08_191024_20170706,2017-07-06,191.0,24.0,52.84,
LC08_191024_20170722,2017-07-22,191.0,24.0,17.95,
LC08_191024_20170807,2017-08-07,191.0,24.0,27.52,
LC08_191024_20170823,2017-08-23,191.0,24.0,32.35,
LC08_191024_20170908,2017-09-08,191.0,24.0,99.93,
LC08_191024_20171026,2017-10-26,191.0,24.0,94.62,
LC08_191024_20171127,2017-11-27,191.0,24.0,22.29,
LC08_191025_20130329,2013-03-29,191.0,25.0,71.53,
LC08_191025_20130422,2013-04-22,191.0,25.0,7.3,
LC08_191025_20130609,2013-06-09,191.0,25.0,60.5,
LC08_191025_20130727,2013-07-27,191.0,25.0,1.65,
LC08_191025_20130812,2013-08-12,191.0,25.0,6.26,
LC08_191025_20130828,2013-08-28,191.0,25.0,83.78,
LC08_191025_20130913,2013-09-13,191.0,25.0,94.72,
LC08_191025_20130929,2013-09-29,191.0,25.0,6.22,
LC08_191025_20131015,2013-10-15,191.0,25.0,91.2,
LC08_191025_20131031,2013-10-31,191.0,25.0,0.45,
LC08_191025_20131116,2013-11-16,191.0,25.0,58.01,
LC08_191025_20131202,2013-12-02,191.0,25.0,7.65,
LC08_191025_20131218,2013-12-18,191.0,25.0,88.63,
LC08_191025_20140103,2014-01-03,191.0,25.0,23.89,
LC08_191025_20140119,2014-01-19,191.0,25.0,96.32,
LC08_191025_20140204,2014-02-04,191.0,25.0,44.75,
LC08_191025_20140220,2014-02-20,191.0,25.0,60.98,
LC08_191025_20140308,2014-03-08,191.0,25.0,17.22,
LC08_191025_20140409,2014-04-09,191.0,25.0,86.53,
LC08_191025_20140425,2014-04-25,191.0,25.0,56.72,
LC08_191025_20140511,2014-05-11,191.0,25.0,85.47,
LC08_191025_20140612,2014-06-12,191.0,25.0,43.47,
LC08_191025_20140628,2014-06-28,191.0,25.0,87.21,
LC08_191025_20140714,2014-07-14,191.0,25.0,50.96,
LC08_191025_20140730,2014-07-30,191.0,25.0,81.66,
LC08_191025_20140815,2014-08-15,191.0,25.0,76.24,
LC08_191025_20140831,2014-08-31,191.0,25.0,94.89,
LC08_191025_20140916,2014-09-16,191.0,25.0,11.62,
LC08_191025_20141002,2014-10-02,191.0,25.0,71.02,
LC08_191025_20141018,2014-10-18,191.0,25.0,62.42,
LC08_191025_20141103,2014-11-03,191.0,25.0,96.05,
LC08_191025_20141221,2014-12-21,191.0,25.0,74.64,
LC08_191025_20150106,2015-01-06,191.0,25.0,19.31,
LC08_191025_20150207,2015-02-07,191.0,25.0,3.98,
LC08_191025_20150223,2015-02-23,191.0,25.0,73.54,
LC08_191025_20150311,2015-03-11,191.0,25.0,87.96,
LC08_191025_20150412,2015-04-12,191.0,25.0,65.65,
LC08_191025_20150514,2015-05-14,191.0,25.0,69.01,
LC08_191025_20150530,2015-05-30,191.0,25.0,92.44,
LC08_191025_20150701,2015-07-01,191.0,25.0,17.78,
LC08_191025_20150717,2015-07-17,191.0,25.0,26.22,
LC08_191025_20150802,2015-08-02,191.0,25.0,84.08,
LC08_191025_20150903,2015-09-03,191.0,25.0,39.78,
LC08_191025_20150919,2015-09-19,191.0,25.0,9.86,
LC08_191025_20151005,2015-10-05,191.0,25.0,29.48,
LC08_191025_20151106,2015-11-06,191.0,25.0,81.23,
LC08_191025_20151122,2015-11-22,191.0,25.0,82.39,
LC08_191025_20151208,2015-12-08,191.0,25.0,58.47,
LC08_191025_20151224,2015-12-24,191.0,25.0,49.15,
LC08_191025_20160109,2016-01-09,191.0,25.0,91.35,
LC08_191025_20160226,2016-02-26,191.0,25.0,34.11,
LC08_191025_20160313,2016-03-13,191.0,25.0,87.87,
LC08_191025_20160329,2016-03-29,191.0,25.0,56.04,
LC08_191025_20160430,2016-04-30,191.0,25.0,0.89,
LC08_191025_20160516,2016-05-16,191.0,25.0,73.33,
LC08_191025_20160601,2016-06-01,191.0,25.0,70.52,
LC08_191025_20160703,2016-07-03,191.0,25.0,38.43,
LC08_191025_20160719,2016-07-19,191.0,25.0,72.69,
LC08_191025_20160804,2016-08-04,191.0,25.0,10.13,
LC08_191025_20160820,2016-08-20,191.0,25.0,53.05,
LC08_191025_20160905,2016-09-05,191.0,25.0,82.75,
LC08_191025_20160921,2016-09-21,191.0,25.0,83.36,
LC08_191025_20161007,2016-10-07,191.0,25.0,37.26,
LC08_191025_20161023,2016-10-23,191.0,25.0,75.48,
LC08_191025_20161108,2016-11-08,191.0,25.0,45.13,
LC08_191025_20161210,2016-12-10,191.0,25.0,87.5,
LC08_191025_20170111,2017-01-11,191.0,25.0,11.87,
LC08_191025_20170127,2017-01-27,191.0,25.0,2.98,
LC08_191025_20170228,2017-02-28,191.0,25.0,77.88,
LC08_191025_20170316,2017-03-16,191.0,25.0,9.38,
LC08_191025_20170401,2017-04-01,191.0,25.0,0.11,
LC08_191025_20170503,2017-05-03,191.0,25.0,69.51,
LC08_191025_20170519,2017-05-19,191.0,25.0,0.01,
LC08_191025_20170620,2017-06-20,191.0,25.0,0.48,
LC08_191025_20170706,2017-07-06,191.0,25.0,40.86,
LC08_191025_20170722,2017-07-22,191.0,25.0,34.5,
LC08_191025_20170807,2017-08-07,191.0,25.0,10.52,
LC08_191025_20170823,2017-08-23,191.0,25.0,34.38,
LC08_191025_20170908,2017-09-08,191.0,25.0,63.77,
LC08_191025_20171026,2017-10-26,191.0,25.0,80.28,
LC08_191025_20171111,2017-11-11,191.0,25.0,65.45,
LC08_191025_20171127,2017-11-27,191.0,25.0,54.54,
LC08_191025_20171213,2017-12-13,191.0,25.0,21.41,
LC08_191026_20130329,2013-03-29,191.0,26.0,73.12,
LC08_191026_20130422,2013-04-22,191.0,26.0,58.11,
LC08_191026_20130609,2013-06-09,191.0,26.0,30.91,
LC08_191026_20130711,2013-07-11,191.0,26.0,77.08,
LC08_191026_20130727,2013-07-27,191.0,26.0,0.91,
LC08_191026_20130812,2013-08-12,191.0,26.0,45.66,
LC08_191026_20130929,2013-09-29,191.0,26.0,42.63,
LC08_191026_20131015,2013-10-15,191.0,26.0,56.13,
LC08_191026_20131031,2013-10-31,191.0,26.0,6.79,
LC08_191026_20131116,2013-11-16,191.0,26.0,99.95,
LC08_191026_20131202,2013-12-02,191.0,26.0,36.69,
LC08_191026_20131218,2013-12-18,191.0,26.0,94.65,
LC08_191026_20140103,2014-01-03,191.0,26.0,46.68,
LC08_191026_20140119,2014-01-19,191.0,26.0,93.2,
LC08_191026_20140204,2014-02-04,191.0,26.0,58.95,
LC08_191026_20140220,2014-02-20,191.0,26.0,61.28,
LC08_191026_20140308,2014-03-08,191.0,26.0,1.34,
LC08_191026_20140409,2014-04-09,191.0,26.0,79.36,
LC08_191026_20140425,2014-04-25,191.0,26.0,63.43,
LC08_191026_20140527,2014-05-27,191.0,26.0,82.26,
LC08_191026_20140612,2014-06-12,191.0,26.0,68.29,
LC08_191026_20140628,2014-06-28,191.0,26.0,54.43,
LC08_191026_20140714,2014-07-14,191.0,26.0,47.55,
LC08_191026_20140730,2014-07-30,191.0,26.0,94.53,
LC08_191026_20140815,2014-08-15,191.0,26.0,83.32,
LC08_191026_20140831,2014-08-31,191.0,26.0,92.71,
LC08_191026_20140916,2014-09-16,191.0,26.0,55.83,
LC08_191026_20141002,2014-10-02,191.0,26.0,71.61,
LC08_191026_20141018,2014-10-18,191.0,26.0,45.41,
LC08_191026_20141103,2014-11-03,191.0,26.0,80.66,
LC08_191026_20141221,2014-12-21,191.0,26.0,76.82,
LC08_191026_20150106,2015-01-06,191.0,26.0,58.76,
LC08_191026_20150122,2015-01-22,191.0,26.0,86.48,
LC08_191026_20150207,2015-02-07,191.0,26.0,17.55,
LC08_191026_20150223,2015-02-23,191.0,26.0,74.75,
LC08_191026_20150412,2015-04-12,191.0,26.0,82.84,
LC08_191026_20150514,2015-05-14,191.0,26.0,59.11,
LC08_191026_20150530,2015-05-30,191.0,26.0,65.57,
LC08_191026_20150701,2015-07-01,191.0,26.0,14.24,
LC08_191026_20150717,2015-07-17,191.0,26.0,4.89,
LC08_191026_20150818,2015-08-18,191.0,26.0,94.96,
LC08_191026_20150903,2015-09-03,191.0,26.0,85.36,
LC08_191026_20150919,2015-09-19,191.0,26.0,31.6,
LC08_191026_20151005,2015-10-05,191.0,26.0,51.84,
LC08_191026_20151106,2015-11-06,191.0,26.0,55.48,
LC08_191026_20151208,2015-12-08,191.0,26.0,89.93,
LC08_191026_20151224,2015-12-24,191.0,26.0,10.53,
LC08_191026_20160109,2016-01-09,191.0,26.0,93.26,
LC08_191026_20160226,2016-02-26,191.0,26.0,35.89,
LC08_191026_20160329,2016-03-29,191.0,26.0,45.84,
LC08_191026_20160430,2016-04-30,191.0,26.0,0.55,
LC08_191026_20160516,2016-05-16,191.0,26.0,89.82,
LC08_191026_20160601,2016-06-01,191.0,26.0,74.74,
LC08_191026_20160617,2016-06-17,191.0,26.0,86.53,
LC08_191026_20160703,2016-07-03,191.0,26.0,57.17,
LC08_191026_20160719,2016-07-19,191.0,26.0,22.78,
LC08_191026_20160804,2016-08-04,191.0,26.0,31.86,
LC08_191026_20160820,2016-08-20,191.0,26.0,18.5,
LC08_191026_20160905,2016-09-05,191.0,26.0,83.27,
LC08_191026_20160921,2016-09-21,191.0,26.0,85.94,
LC08_191026_20161007,2016-10-07,191.0,26.0,79.88,
LC08_191026_20161023,2016-10-23,191.0,26.0,77.33,
LC08_191026_20161108,2016-11-08,191.0,26.0,37.21,
LC08_191026_20161124,2016-11-24,191.0,26.0,98.19,
LC08_191026_20161210,2016-12-10,191.0,26.0,55.88,
LC08_191026_20161226,2016-12-26,191.0,26.0,75.48,
LC08_191026_20170111,2017-01-11,191.0,26.0,10.62,
LC08_191026_20170127,2017-01-27,191.0,26.0,33.49,
LC08_191026_20170228,2017-02-28,191.0,26.0,93.79,
LC08_191026_20170316,2017-03-16,191.0,26.0,8.95,
LC08_191026_20170401,2017-04-01,191.0,26.0,0.13,
LC08_191026_20170417,2017-04-17,191.0,26.0,97.19,
LC08_191026_20170503,2017-05-03,191.0,26.0,76.23,
LC08_191026_20170519,2017-05-19,191.0,26.0,0.07,
LC08_191026_20170620,2017-06-20,191.0,26.0,0.12,
LC08_191026_20170706,2017-07-06,191.0,26.0,13.31,
LC08_191026_20170722,2017-07-22,191.0,26.0,43.37,
LC08_191026_20170807,2017-08-07,191.0,26.0,13.32,
LC08_191026_20170823,2017-08-23,191.0,26.0,10.01,
LC08_191026_20170908,2017-09-08,191.0,26.0,14.14,
LC08_191026_20170924,2017-09-24,191.0,26.0,88.07,
LC08_191026_20171010,2017-10-10,191.0,26.0,89.71,
LC08_191026_20171026,2017-10-26,191.0,26.0,78.75,
LC08_191026_20171111,2017-11-11,191.0,26.0,58.87,
LC08_191026_20171127,2017-11-27,191.0,26.0,80.7,
LC08_191026_20171213,2017-12-13,191.0,26.0,28.6,
LC08_191026_20171229,2017-12-29,191.0,26.0,78.67,
LC08_191027_20130609,2013-06-09,191.0,27.0,31.15,
LC08_191027_20130711,2013-07-11,191.0,27.0,73.66,
LC08_191027_20130727,2013-07-27,191.0,27.0,4.68,
LC08_191027_20130812,2013-08-12,191.0,27.0,40.18,
LC08_191027_20130913,2013-09-13,191.0,27.0,93.18,
LC08_191027_20130929,2013-09-29,191.0,27.0,98.5,
LC08_191027_20131015,2013-10-15,191.0,27.0,9.05,
LC08_191027_20131031,2013-10-31,191.0,27.0,54.63,
LC08_191027_20131116,2013-11-16,191.0,27.0,65.41,
LC08_191027_20131202,2013-12-02,191.0,27.0,5.02,
LC08_191027_20131218,2013-12-18,191.0,27.0,44.18,
LC08_191027_20140103,2014-01-03,191.0,27.0,53.79,
LC08_191027_20140119,2014-01-19,191.0,27.0,93.79,
LC08_191027_20140204,2014-02-04,191.0,27.0,62.5,
LC08_191027_20140220,2014-02-20,191.0,27.0,74.59,
LC08_191027_20140308,2014-03-08,191.0,27.0,7.07,
LC08_191027_20140409,2014-04-09,191.0,27.0,68.92,
LC08_191027_20140425,2014-04-25,191.0,27.0,49.69,
LC08_191027_20140527,2014-05-27,191.0,27.0,78.85,
LC08_191027_20140612,2014-06-12,191.0,27.0,53.6,
LC08_191027_20140628,2014-06-28,191.0,27.0,62.84,
LC08_191027_20140714,2014-07-14,191.0,27.0,80.91,
LC08_191027_20140815,2014-08-15,191.0,27.0,89.28,
LC08_191027_20140831,2014-08-31,191.0,27.0,100.0,
LC08_191027_20140916,2014-09-16,191.0,27.0,61.07,
LC08_191027_20141002,2014-10-02,191.0,27.0,49.43,
LC08_191027_20141018,2014-10-18,191.0,27.0,18.0,
LC08_191027_20141103,2014-11-03,191.0,27.0,31.59,
LC08_191027_20141119,2014-11-19,191.0,27.0,90.09,
LC08_191027_20141205,2014-12-05,191.0,27.0,63.64,
LC08_191027_20141221,2014-12-21,191.0,27.0,67.17,
LC08_191027_20150106,2015-01-06,191.0,27.0,70.57,
LC08_191027_20150122,2015-01-22,191.0,27.0,74.61,
LC08_191027_20150207,2015-02-07,191.0,27.0,15.9,
LC08_191027_20150223,2015-02-23,191.0,27.0,42.13,
LC08_191027_20150311,2015-03-11,191.0,27.0,94.07,
LC08_191027_20150412,2015-04-12,191.0,27.0,65.45,
LC08_191027_20150514,2015-05-14,191.0,27.0,81.72,
LC08_191027_20150530,2015-05-30,191.0,27.0,71.37,
LC08_191027_20150701,2015-07-01,191.0,27.0,11.18,
LC08_191027_20150717,2015-07-17,191.0,27.0,5.68,
LC08_191027_20150818,2015-08-18,191.0,27.0,61.67,
LC08_191027_20150903,2015-09-03,191.0,27.0,92.88,
LC08_191027_20150919,2015-09-19,191.0,27.0,80.47,
LC08_191027_20151005,2015-10-05,191.0,27.0,18.07,
LC08_191027_20151021,2015-10-21,191.0,27.0,50.1,
LC08_191027_20151106,2015-11-06,191.0,27.0,29.44,
LC08_191027_20151208,2015-12-08,191.0,27.0,37.65,
LC08_191027_20151224,2015-12-24,191.0,27.0,13.63,
LC08_191027_20160109,2016-01-09,191.0,27.0,70.17,
LC08_191027_20160125,2016-01-25,191.0,27.0,75.01,
LC08_191027_20160226,2016-02-26,191.0,27.0,56.43,
LC08_191027_20160329,2016-03-29,191.0,27.0,55.23,
LC08_191027_20160430,2016-04-30,191.0,27.0,4.74,
LC08_191027_20160516,2016-05-16,191.0,27.0,89.43,
LC08_191027_20160617,2016-06-17,191.0,27.0,65.07,
LC08_191027_20160719,2016-07-19,191.0,27.0,24.82,
LC08_191027_20160804,2016-08-04,191.0,27.0,36.8,
LC08_191027_20160820,2016-08-20,191.0,27.0,21.95,
LC08_191027_20160905,2016-09-05,191.0,27.0,78.83,
LC08_191027_20160921,2016-09-21,191.0,27.0,50.91,
LC08_191027_20161023,2016-10-23,191.0,27.0,29.73,
LC08_191027_20161108,2016-11-08,191.0,27.0,79.19,
LC08_191027_20161124,2016-11-24,191.0,27.0,96.17,
LC08_191027_20161210,2016-12-10,191.0,27.0,18.4,
LC08_191027_20161226,2016-12-26,191.0,27.0,67.06,
LC08_191027_20170111,2017-01-11,191.0,27.0,40.67,
LC08_191027_20170127,2017-01-27,191.0,27.0,2.22,
LC08_191027_20170212,2017-02-12,191.0,27.0,75.64,
LC08_191027_20170228,2017-02-28,191.0,27.0,97.85,
LC08_191027_20170316,2017-03-16,191.0,27.0,29.52,
LC08_191027_20170401,2017-04-01,191.0,27.0,8.58,
LC08_191027_20170503,2017-05-03,191.0,27.0,91.58,
LC08_191027_20170519,2017-05-19,191.0,27.0,7.65,
LC08_191027_20170604,2017-06-04,191.0,27.0,91.34,
LC08_191027_20170620,2017-06-20,191.0,27.0,13.11,
LC08_191027_20170706,2017-07-06,191.0,27.0,5.78,
LC08_191027_20170722,2017-07-22,191.0,27.0,52.16,
LC08_191027_20170807,2017-08-07,191.0,27.0,47.83,
LC08_191027_20170823,2017-08-23,191.0,27.0,50.35,
LC08_191027_20170908,2017-09-08,191.0,27.0,40.42,
LC08_191027_20170924,2017-09-24,191.0,27.0,88.09,
LC08_191027_20171010,2017-10-10,191.0,27.0,40.15,
LC08_191027_20171026,2017-10-26,191.0,27.0,46.6,
LC08_191027_20171111,2017-11-11,191.0,27.0,94.15,
LC08_191027_20171127,2017-11-27,191.0,27.0,57.6,
LC08_191027_20171213,2017-12-13,191.0,27.0,57.59,
LC08_191027_20171229,2017-12-29,191.0,27.0,48.28,
LC08_192022_20130324,2013-03-24,192.0,22.0,47.21,
LC08_192022_20130413,2013-04-13,192.0,22.0,88.84,
LC08_192022_20130429,2013-04-29,192.0,22.0,84.56,
LC08_192022_20130515,2013-05-15,192.0,22.0,5.13,
LC08_192022_20130616,2013-06-16,192.0,22.0,54.28,
LC08_192022_20130702,2013-07-02,192.0,22.0,71.07,
LC08_192022_20130718,2013-07-18,192.0,22.0,9.58,
LC08_192022_20130803,2013-08-03,192.0,22.0,0.06,
LC08_192022_20130819,2013-08-19,192.0,22.0,69.96,
LC08_192022_20130904,2013-09-04,192.0,22.0,59.9,
LC08_192022_20131022,2013-10-22,192.0,22.0,42.76,
LC08_192022_20140126,2014-01-26,192.0,22.0,67.57,
LC08_192022_20140227,2014-02-27,192.0,22.0,64.26,
LC08_192022_20140315,2014-03-15,192.0,22.0,66.99,
LC08_192022_20140331,2014-03-31,192.0,22.0,21.36,
LC08_192022_20140416,2014-04-16,192.0,22.0,8.1,
LC08_192022_20140502,2014-05-02,192.0,22.0,91.27,
LC08_192022_20140705,2014-07-05,192.0,22.0,69.0,
LC08_192022_20140721,2014-07-21,192.0,22.0,3.48,
LC08_192022_20140806,2014-08-06,192.0,22.0,50.13,
LC08_192022_20140822,2014-08-22,192.0,22.0,72.16,
LC08_192022_20140907,2014-09-07,192.0,22.0,5.85,
LC08_192022_20140923,2014-09-23,192.0,22.0,34.82,
LC08_192022_20141025,2014-10-25,192.0,22.0,89.15,
LC08_192022_20150129,2015-01-29,192.0,22.0,68.48,
LC08_192022_20150214,2015-02-14,192.0,22.0,19.55,
LC08_192022_20150318,2015-03-18,192.0,22.0,0.03,
LC08_192022_20150403,2015-04-03,192.0,22.0,37.37,
LC08_192022_20150419,2015-04-19,192.0,22.0,2.19,
LC08_192022_20150521,2015-05-21,192.0,22.0,20.07,
LC08_192022_20150606,2015-06-06,192.0,22.0,49.49,
LC08_192022_20150708,2015-07-08,192.0,22.0,28.54,
LC08_192022_20150724,2015-07-24,192.0,22.0,59.06,
LC08_192022_20150809,2015-08-09,192.0,22.0,19.47,
LC08_192022_20150910,2015-09-10,192.0,22.0,17.75,
LC08_192022_20150926,2015-09-26,192.0,22.0,16.24,
LC08_192022_20151012,2015-10-12,192.0,22.0,21.39,
LC08_192022_20151028,2015-10-28,192.0,22.0,79.5,
LC08_192022_20160201,2016-02-01,192.0,22.0,72.23,
LC08_192022_20160217,2016-02-17,192.0,22.0,0.16,
LC08_192022_20160304,2016-03-04,192.0,22.0,71.59,
LC08_192022_20160405,2016-04-05,192.0,22.0,18.69,
LC08_192022_20160421,2016-04-21,192.0,22.0,36.85,
LC08_192022_20160507,2016-05-07,192.0,22.0,1.01,
LC08_192022_20160523,2016-05-23,192.0,22.0,2.86,
LC08_192022_20160608,2016-06-08,192.0,22.0,51.74,
LC08_192022_20160624,2016-06-24,192.0,22.0,0.02,
LC08_192022_20160726,2016-07-26,192.0,22.0,71.8,
LC08_192022_20160811,2016-08-11,192.0,22.0,54.9,
LC08_192022_20160827,2016-08-27,192.0,22.0,36.12,
LC08_192022_20160912,2016-09-12,192.0,22.0,4.18,
LC08_192022_20161014,2016-10-14,192.0,22.0,52.25,
LC08_192022_20161030,2016-10-30,192.0,22.0,33.36,
LC08_192022_20170323,2017-03-23,192.0,22.0,95.45,
LC08_192022_20170526,2017-05-26,192.0,22.0,8.9,
LC08_192022_20170611,2017-06-11,192.0,22.0,72.2,
LC08_192022_20170627,2017-06-27,192.0,22.0,44.41,
LC08_192022_20170713,2017-07-13,192.0,22.0,30.8,
LC08_192022_20170814,2017-08-14,192.0,22.0,21.44,
LC08_192022_20170830,2017-08-30,192.0,22.0,0.09,
LC08_192022_20170915,2017-09-15,192.0,22.0,36.89,
LC08_192022_20171001,2017-10-01,192.0,22.0,3.12,
LC08_192022_20171017,2017-10-17,192.0,22.0,1.61,
LC08_192023_20130324,2013-03-24,192.0,23.0,14.35,
LC08_192023_20130413,2013-04-13,192.0,23.0,83.16,
LC08_192023_20130429,2013-04-29,192.0,23.0,84.57,
LC08_192023_20130515,2013-05-15,192.0,23.0,4.69,
LC08_192023_20130616,2013-06-16,192.0,23.0,88.06,
LC08_192023_20130702,2013-07-02,192.0,23.0,49.69,
LC08_192023_20130718,2013-07-18,192.0,23.0,32.3,
LC08_192023_20130803,2013-08-03,192.0,23.0,2.21,
LC08_192023_20130819,2013-08-19,192.0,23.0,99.96,
LC08_192023_20131022,2013-10-22,192.0,23.0,28.62,
LC08_192023_20140126,2014-01-26,192.0,23.0,41.3,
LC08_192023_20140227,2014-02-27,192.0,23.0,54.69,
LC08_192023_20140331,2014-03-31,192.0,23.0,18.54,
LC08_192023_20140416,2014-04-16,192.0,23.0,7.94,
LC08_192023_20140705,2014-07-05,192.0,23.0,59.72,
LC08_192023_20140721,2014-07-21,192.0,23.0,18.46,
LC08_192023_20140806,2014-08-06,192.0,23.0,61.4,
LC08_192023_20140822,2014-08-22,192.0,23.0,68.59,
LC08_192023_20140907,2014-09-07,192.0,23.0,20.74,
LC08_192023_20140923,2014-09-23,192.0,23.0,38.23,
LC08_192023_20141009,2014-10-09,192.0,23.0,100.0,
LC08_192023_20141025,2014-10-25,192.0,23.0,100.0,
LC08_192023_20141110,2014-11-10,192.0,23.0,95.7,
LC08_192023_20150129,2015-01-29,192.0,23.0,25.58,
LC08_192023_20150214,2015-02-14,192.0,23.0,2.34,
LC08_192023_20150318,2015-03-18,192.0,23.0,0.01,
LC08_192023_20150403,2015-04-03,192.0,23.0,51.32,
LC08_192023_20150419,2015-04-19,192.0,23.0,24.1,
LC08_192023_20150505,2015-05-05,192.0,23.0,96.26,
LC08_192023_20150521,2015-05-21,192.0,23.0,50.55,
LC08_192023_20150606,2015-06-06,192.0,23.0,43.6,
LC08_192023_20150622,2015-06-22,192.0,23.0,93.43,
LC08_192023_20150708,2015-07-08,192.0,23.0,69.01,
LC08_192023_20150724,2015-07-24,192.0,23.0,34.76,
LC08_192023_20150809,2015-08-09,192.0,23.0,7.98,
LC08_192023_20150910,2015-09-10,192.0,23.0,47.2,
LC08_192023_20150926,2015-09-26,192.0,23.0,27.8,
LC08_192023_20151012,2015-10-12,192.0,23.0,0.06,
LC08_192023_20151028,2015-10-28,192.0,23.0,29.56,
LC08_192023_20160116,2016-01-16,192.0,23.0,86.08,
LC08_192023_20160201,2016-02-01,192.0,23.0,91.93,
LC08_192023_20160217,2016-02-17,192.0,23.0,2.1,
LC08_192023_20160304,2016-03-04,192.0,23.0,19.78,
LC08_192023_20160405,2016-04-05,192.0,23.0,29.5,
LC08_192023_20160421,2016-04-21,192.0,23.0,3.93,
LC08_192023_20160507,2016-05-07,192.0,23.0,7.86,
LC08_192023_20160523,2016-05-23,192.0,23.0,2.76,
LC08_192023_20160608,2016-06-08,192.0,23.0,4.42,
LC08_192023_20160624,2016-06-24,192.0,23.0,0.0,
LC08_192023_20160710,2016-07-10,192.0,23.0,56.07,
LC08_192023_20160726,2016-07-26,192.0,23.0,60.53,
LC08_192023_20160811,2016-08-11,192.0,23.0,61.08,
LC08_192023_20160827,2016-08-27,192.0,23.0,1.75,
LC08_192023_20160912,2016-09-12,192.0,23.0,0.77,
LC08_192023_20160928,2016-09-28,192.0,23.0,100.0,
LC08_192023_20161014,2016-10-14,192.0,23.0,99.9,
LC08_192023_20161030,2016-10-30,192.0,23.0,35.49,
LC08_192023_20170219,2017-02-19,192.0,23.0,91.74,
LC08_192023_20170323,2017-03-23,192.0,23.0,100.0,
LC08_192023_20170424,2017-04-24,192.0,23.0,92.02,
LC08_192023_20170526,2017-05-26,192.0,23.0,68.55,
LC08_192023_20170611,2017-06-11,192.0,23.0,22.52,
LC08_192023_20170627,2017-06-27,192.0,23.0,71.44,
LC08_192023_20170713,2017-07-13,192.0,23.0,70.06,
LC08_192023_20170729,2017-07-29,192.0,23.0,82.81,
LC08_192023_20170814,2017-08-14,192.0,23.0,41.06,
LC08_192023_20170830,2017-08-30,192.0,23.0,0.01,
LC08_192023_20170915,2017-09-15,192.0,23.0,49.8,
LC08_192023_20171001,2017-10-01,192.0,23.0,30.85,
LC08_192023_20171017,2017-10-17,192.0,23.0,5.74,
LC08_192024_20130324,2013-03-24,192.0,24.0,8.76,
LC08_192024_20130413,2013-04-13,192.0,24.0,81.67,
LC08_192024_20130515,2013-05-15,192.0,24.0,0.22,
LC08_192024_20130616,2013-06-16,192.0,24.0,94.15,
LC08_192024_20130702,2013-07-02,192.0,24.0,27.9,
LC08_192024_20130718,2013-07-18,192.0,24.0,30.91,
LC08_192024_20130803,2013-08-03,192.0,24.0,3.23,
LC08_192024_20130819,2013-08-19,192.0,24.0,99.97,
LC08_192024_20131006,2013-10-06,192.0,24.0,91.59,
LC08_192024_20131022,2013-10-22,192.0,24.0,12.01,
LC08_192024_20140126,2014-01-26,192.0,24.0,33.09,
LC08_192024_20140227,2014-02-27,192.0,24.0,42.47,
LC08_192024_20140331,2014-03-31,192.0,24.0,73.6,
LC08_192024_20140416,2014-04-16,192.0,24.0,9.77,
LC08_192024_20140603,2014-06-03,192.0,24.0,90.83,
LC08_192024_20140705,2014-07-05,192.0,24.0,87.5,
LC08_192024_20140721,2014-07-21,192.0,24.0,70.67,
LC08_192024_20140806,2014-08-06,192.0,24.0,67.52,
LC08_192024_20140822,2014-08-22,192.0,24.0,33.8,
LC08_192024_20140907,2014-09-07,192.0,24.0,2.81,
LC08_192024_20140923,2014-09-23,192.0,24.0,54.63,
LC08_192024_20141009,2014-10-09,192.0,24.0,73.03,
LC08_192024_20141025,2014-10-25,192.0,24.0,69.0,
LC08_192024_20141110,2014-11-10,192.0,24.0,76.85,
LC08_192024_20141126,2014-11-26,192.0,24.0,63.3,
LC08_192024_20141212,2014-12-12,192.0,24.0,100.0,
LC08_192024_20150113,2015-01-13,192.0,24.0,33.51,
LC08_192024_20150129,2015-01-29,192.0,24.0,13.6,
LC08_192024_20150214,2015-02-14,192.0,24.0,8.76,
LC08_192024_20150318,2015-03-18,192.0,24.0,0.05,
LC08_192024_20150419,2015-04-19,192.0,24.0,6.08,
LC08_192024_20150505,2015-05-05,192.0,24.0,77.65,
LC08_192024_20150521,2015-05-21,192.0,24.0,76.24,
LC08_192024_20150606,2015-06-06,192.0,24.0,13.77,
LC08_192024_20150622,2015-06-22,192.0,24.0,100.0,
LC08_192024_20150708,2015-07-08,192.0,24.0,61.43,
LC08_192024_20150724,2015-07-24,192.0,24.0,14.94,
LC08_192024_20150809,2015-08-09,192.0,24.0,19.36,
LC08_192024_20150825,2015-08-25,192.0,24.0,90.6,
LC08_192024_20150910,2015-09-10,192.0,24.0,59.9,
LC08_192024_20150926,2015-09-26,192.0,24.0,57.02,
LC08_192024_20151012,2015-10-12,192.0,24.0,0.06,
LC08_192024_20151028,2015-10-28,192.0,24.0,9.15,
LC08_192024_20151113,2015-11-13,192.0,24.0,72.95,
LC08_192024_20160217,2016-02-17,192.0,24.0,69.21,
LC08_192024_20160304,2016-03-04,192.0,24.0,3.48,
LC08_192024_20160405,2016-04-05,192.0,24.0,18.4,
LC08_192024_20160421,2016-04-21,192.0,24.0,0.02,
LC08_192024_20160507,2016-05-07,192.0,24.0,7.47,
LC08_192024_20160523,2016-05-23,192.0,24.0,32.01,
LC08_192024_20160608,2016-06-08,192.0,24.0,3.38,
LC08_192024_20160624,2016-06-24,192.0,24.0,0.0,
LC08_192024_20160710,2016-07-10,192.0,24.0,20.23,
LC08_192024_20160726,2016-07-26,192.0,24.0,70.89,
LC08_192024_20160811,2016-08-11,192.0,24.0,56.54,
LC08_192024_20160827,2016-08-27,192.0,24.0,0.02,
LC08_192024_20160912,2016-09-12,192.0,24.0,0.13,
LC08_192024_20160928,2016-09-28,192.0,24.0,99.98,
LC08_192024_20161014,2016-10-14,192.0,24.0,71.39,
LC08_192024_20161030,2016-10-30,192.0,24.0,65.55,
LC08_192024_20170118,2017-01-18,192.0,24.0,52.37,
LC08_192024_20170219,2017-02-19,192.0,24.0,44.71,
LC08_192024_20170424,2017-04-24,192.0,24.0,30.49,
LC08_192024_20170510,2017-05-10,192.0,24.0,87.34,
LC08_192024_20170526,2017-05-26,192.0,24.0,45.91,
LC08_192024_20170611,2017-06-11,192.0,24.0,9.3,
LC08_192024_20170627,2017-06-27,192.0,24.0,91.97,
LC08_192024_20170713,2017-07-13,192.0,24.0,79.91,
LC08_192024_20170729,2017-07-29,192.0,24.0,47.79,
LC08_192024_20170814,2017-08-14,192.0,24.0,23.84,
LC08_192024_20170830,2017-08-30,192.0,24.0,0.03,
LC08_192024_20170915,2017-09-15,192.0,24.0,79.3,
LC08_192024_20171001,2017-10-01,192.0,24.0,58.91,
LC08_192024_20171017,2017-10-17,192.0,24.0,0.05,
LC08_192024_20171118,2017-11-18,192.0,24.0,90.82,
LC08_192025_20130324,2013-03-24,192.0,25.0,31.63,
LC08_192025_20130413,2013-04-13,192.0,25.0,88.34,
LC08_192025_20130515,2013-05-15,192.0,25.0,0.71,
LC08_192025_20130616,2013-06-16,192.0,25.0,67.14,
LC08_192025_20130702,2013-07-02,192.0,25.0,25.47,
LC08_192025_20130718,2013-07-18,192.0,25.0,41.1,
LC08_192025_20130803,2013-08-03,192.0,25.0,1.86,
LC08_192025_20130819,2013-08-19,192.0,25.0,79.65,
LC08_192025_20130904,2013-09-04,192.0,25.0,85.04,
LC08_192025_20131006,2013-10-06,192.0,25.0,68.54,
LC08_192025_20131022,2013-10-22,192.0,25.0,38.92,
LC08_192025_20131225,2013-12-25,192.0,25.0,95.38,
LC08_192025_20140110,2014-01-10,192.0,25.0,55.36,
LC08_192025_20140126,2014-01-26,192.0,25.0,57.13,
LC08_192025_20140227,2014-02-27,192.0,25.0,54.43,
LC08_192025_20140331,2014-03-31,192.0,25.0,98.23,
LC08_192025_20140416,2014-04-16,192.0,25.0,61.87,
LC08_192025_20140502,2014-05-02,192.0,25.0,84.21,
LC08_192025_20140603,2014-06-03,192.0,25.0,70.46,
LC08_192025_20140619,2014-06-19,192.0,25.0,48.71,
LC08_192025_20140705,2014-07-05,192.0,25.0,77.1,
LC08_192025_20140721,2014-07-21,192.0,25.0,85.26,
LC08_192025_20140806,2014-08-06,192.0,25.0,66.12,
LC08_192025_20140822,2014-08-22,192.0,25.0,50.34,
LC08_192025_20140907,2014-09-07,192.0,25.0,13.34,
LC08_192025_20141009,2014-10-09,192.0,25.0,45.41,
LC08_192025_20141025,2014-10-25,192.0,25.0,89.04,
LC08_192025_20141110,2014-11-10,192.0,25.0,100.0,
LC08_192025_20141126,2014-11-26,192.0,25.0,66.1,
LC08_192025_20141212,2014-12-12,192.0,25.0,100.0,
LC08_192025_20141228,2014-12-28,192.0,25.0,93.09,
LC08_192025_20150113,2015-01-13,192.0,25.0,5.6,
LC08_192025_20150129,2015-01-29,192.0,25.0,28.92,
LC08_192025_20150214,2015-02-14,192.0,25.0,77.51,
LC08_192025_20150318,2015-03-18,192.0,25.0,0.65,
LC08_192025_20150419,2015-04-19,192.0,25.0,1.05,
LC08_192025_20150505,2015-05-05,192.0,25.0,99.98,
LC08_192025_20150606,2015-06-06,192.0,25.0,3.39,
LC08_192025_20150622,2015-06-22,192.0,25.0,100.0,
LC08_192025_20150708,2015-07-08,192.0,25.0,83.57,
LC08_192025_20150724,2015-07-24,192.0,25.0,74.34,
LC08_192025_20150809,2015-08-09,192.0,25.0,42.42,
LC08_192025_20150825,2015-08-25,192.0,25.0,72.6,
LC08_192025_20150910,2015-09-10,192.0,25.0,61.2,
LC08_192025_20150926,2015-09-26,192.0,25.0,96.42,
LC08_192025_20151012,2015-10-12,192.0,25.0,0.04,
LC08_192025_20151028,2015-10-28,192.0,25.0,79.2,
LC08_192025_20151113,2015-11-13,192.0,25.0,32.79,
LC08_192025_20151215,2015-12-15,192.0,25.0,97.63,
LC08_192025_20151231,2015-12-31,192.0,25.0,9.76,
LC08_192025_20160116,2016-01-16,192.0,25.0,94.3,
LC08_192025_20160304,2016-03-04,192.0,25.0,25.39,
LC08_192025_20160405,2016-04-05,192.0,25.0,14.22,
LC08_192025_20160421,2016-04-21,192.0,25.0,0.01,
LC08_192025_20160507,2016-05-07,192.0,25.0,6.51,
LC08_192025_20160523,2016-05-23,192.0,25.0,74.23,
LC08_192025_20160608,2016-06-08,192.0,25.0,12.84,
LC08_192025_20160624,2016-06-24,192.0,25.0,0.4,
LC08_192025_20160710,2016-07-10,192.0,25.0,33.07,
LC08_192025_20160726,2016-07-26,192.0,25.0,54.29,
LC08_192025_20160811,2016-08-11,192.0,25.0,52.28,
LC08_192025_20160827,2016-08-27,192.0,25.0,0.02,
LC08_192025_20160912,2016-09-12,192.0,25.0,0.11,
LC08_192025_20160928,2016-09-28,192.0,25.0,60.81,
LC08_192025_20161217,2016-12-17,192.0,25.0,69.12,
LC08_192025_20170118,2017-01-18,192.0,25.0,31.81,
LC08_192025_20170219,2017-02-19,192.0,25.0,24.95,
LC08_192025_20170424,2017-04-24,192.0,25.0,7.76,
LC08_192025_20170510,2017-05-10,192.0,25.0,72.58,
LC08_192025_20170526,2017-05-26,192.0,25.0,24.66,
LC08_192025_20170611,2017-06-11,192.0,25.0,2.09,
LC08_192025_20170627,2017-06-27,192.0,25.0,99.96,
LC08_192025_20170713,2017-07-13,192.0,25.0,76.05,
LC08_192025_20170729,2017-07-29,192.0,25.0,54.71,
LC08_192025_20170814,2017-08-14,192.0,25.0,14.35,
LC08_192025_20170830,2017-08-30,192.0,25.0,0.04,
LC08_192025_20170915,2017-09-15,192.0,25.0,90.84,
LC08_192025_20171001,2017-10-01,192.0,25.0,83.23,
LC08_192025_20171017,2017-10-17,192.0,25.0,5.91,
LC08_192025_20171102,2017-11-02,192.0,25.0,95.35,
LC08_192026_20130324,2013-03-24,192.0,26.0,86.97,
LC08_192026_20130413,2013-04-13,192.0,26.0,72.95,
LC08_192026_20130515,2013-05-15,192.0,26.0,3.88,
LC08_192026_20130616,2013-06-16,192.0,26.0,24.41,
LC08_192026_20130702,2013-07-02,192.0,26.0,20.11,
LC08_192026_20130718,2013-07-18,192.0,26.0,25.58,
LC08_192026_20130803,2013-08-03,192.0,26.0,0.29,
LC08_192026_20130819,2013-08-19,192.0,26.0,96.14,
LC08_192026_20130904,2013-09-04,192.0,26.0,25.35,
LC08_192026_20131006,2013-10-06,192.0,26.0,92.28,
LC08_192026_20131022,2013-10-22,192.0,26.0,62.15,
LC08_192026_20131107,2013-11-07,192.0,26.0,50.3,
LC08_192026_20131225,2013-12-25,192.0,26.0,90.14,
LC08_192026_20140110,2014-01-10,192.0,26.0,52.04,
LC08_192026_20140227,2014-02-27,192.0,26.0,78.25,
LC08_192026_20140315,2014-03-15,192.0,26.0,100.0,
LC08_192026_20140331,2014-03-31,192.0,26.0,96.01,
LC08_192026_20140502,2014-05-02,192.0,26.0,86.5,
LC08_192026_20140603,2014-06-03,192.0,26.0,58.01,
LC08_192026_20140619,2014-06-19,192.0,26.0,32.55,
LC08_192026_20140705,2014-07-05,192.0,26.0,61.76,
LC08_192026_20140721,2014-07-21,192.0,26.0,86.85,
LC08_192026_20140806,2014-08-06,192.0,26.0,37.46,
LC08_192026_20140822,2014-08-22,192.0,26.0,48.61,
LC08_192026_20140907,2014-09-07,192.0,26.0,17.28,
LC08_192026_20141009,2014-10-09,192.0,26.0,19.32,
LC08_192026_20141025,2014-10-25,192.0,26.0,89.78,
LC08_192026_20141110,2014-11-10,192.0,26.0,98.95,
LC08_192026_20141126,2014-11-26,192.0,26.0,72.69,
LC08_192026_20141212,2014-12-12,192.0,26.0,75.88,
LC08_192026_20150113,2015-01-13,192.0,26.0,5.19,
LC08_192026_20150129,2015-01-29,192.0,26.0,49.63,
LC08_192026_20150214,2015-02-14,192.0,26.0,81.82,
LC08_192026_20150318,2015-03-18,192.0,26.0,1.03,
LC08_192026_20150403,2015-04-03,192.0,26.0,78.49,
LC08_192026_20150419,2015-04-19,192.0,26.0,2.37,
LC08_192026_20150505,2015-05-05,192.0,26.0,70.48,
LC08_192026_20150606,2015-06-06,192.0,26.0,1.1,
LC08_192026_20150622,2015-06-22,192.0,26.0,89.14,
LC08_192026_20150708,2015-07-08,192.0,26.0,95.92,
LC08_192026_20150724,2015-07-24,192.0,26.0,61.52,
LC08_192026_20150809,2015-08-09,192.0,26.0,5.25,
LC08_192026_20150825,2015-08-25,192.0,26.0,83.3,
LC08_192026_20150910,2015-09-10,192.0,26.0,60.8,
LC08_192026_20151012,2015-10-12,192.0,26.0,0.89,
LC08_192026_20151028,2015-10-28,192.0,26.0,71.1,
LC08_192026_20151113,2015-11-13,192.0,26.0,45.28,
LC08_192026_20151215,2015-12-15,192.0,26.0,98.53,
LC08_192026_20151231,2015-12-31,192.0,26.0,26.47,
LC08_192026_20160116,2016-01-16,192.0,26.0,74.82,
LC08_192026_20160217,2016-02-17,192.0,26.0,95.6,
LC08_192026_20160304,2016-03-04,192.0,26.0,41.7,
LC08_192026_20160320,2016-03-20,192.0,26.0,77.83,
LC08_192026_20160405,2016-04-05,192.0,26.0,30.76,
LC08_192026_20160421,2016-04-21,192.0,26.0,0.04,
LC08_192026_20160507,2016-05-07,192.0,26.0,2.02,
LC08_192026_20160523,2016-05-23,192.0,26.0,78.2,
LC08_192026_20160608,2016-06-08,192.0,26.0,51.88,
LC08_192026_20160624,2016-06-24,192.0,26.0,1.35,
LC08_192026_20160710,2016-07-10,192.0,26.0,0.11,
LC08_192026_20160726,2016-07-26,192.0,26.0,62.58,
LC08_192026_20160811,2016-08-11,192.0,26.0,43.19,
LC08_192026_20160827,2016-08-27,192.0,26.0,0.03,
LC08_192026_20160912,2016-09-12,192.0,26.0,0.06,
LC08_192026_20160928,2016-09-28,192.0,26.0,58.09,
LC08_192026_20161014,2016-10-14,192.0,26.0,94.32,
LC08_192026_20161030,2016-10-30,192.0,26.0,74.13,
LC08_192026_20161115,2016-11-15,192.0,26.0,94.2,
LC08_192026_20161217,2016-12-17,192.0,26.0,87.4,
LC08_192026_20170102,2017-01-02,192.0,26.0,84.73,
LC08_192026_20170118,2017-01-18,192.0,26.0,88.13,
LC08_192026_20170219,2017-02-19,192.0,26.0,56.39,
LC08_192026_20170408,2017-04-08,192.0,26.0,70.28,
LC08_192026_20170424,2017-04-24,192.0,26.0,0.97,
LC08_192026_20170510,2017-05-10,192.0,26.0,19.45,
LC08_192026_20170526,2017-05-26,192.0,26.0,6.85,
LC08_192026_20170611,2017-06-11,192.0,26.0,0.09,
LC08_192026_20170627,2017-06-27,192.0,26.0,85.08,
LC08_192026_20170713,2017-07-13,192.0,26.0,21.31,
LC08_192026_20170729,2017-07-29,192.0,26.0,29.6,
LC08_192026_20170814,2017-08-14,192.0,26.0,7.45,
LC08_192026_20170830,2017-08-30,192.0,26.0,0.09,
LC08_192026_20170915,2017-09-15,192.0,26.0,57.38,
LC08_192026_20171001,2017-10-01,192.0,26.0,97.6,
LC08_192026_20171017,2017-10-17,192.0,26.0,2.37,
LC08_192026_20171102,2017-11-02,192.0,26.0,36.1,
LC08_192027_20130324,2013-03-24,192.0,27.0,93.39,
LC08_192027_20130413,2013-04-13,192.0,27.0,47.28,
LC08_192027_20130515,2013-05-15,192.0,27.0,31.62,
LC08_192027_20130616,2013-06-16,192.0,27.0,21.77,
LC08_192027_20130702,2013-07-02,192.0,27.0,16.81,
LC08_192027_20130718,2013-07-18,192.0,27.0,21.83,
LC08_192027_20130803,2013-08-03,192.0,27.0,2.13,
LC08_192027_20130819,2013-08-19,192.0,27.0,75.97,
LC08_192027_20130904,2013-09-04,192.0,27.0,1.95,
LC08_192027_20131006,2013-10-06,192.0,27.0,90.77,
LC08_192027_20131022,2013-10-22,192.0,27.0,61.19,
LC08_192027_20131107,2013-11-07,192.0,27.0,10.02,
LC08_192027_20131209,2013-12-09,192.0,27.0,64.37,
LC08_192027_20131225,2013-12-25,192.0,27.0,82.99,
LC08_192027_20140110,2014-01-10,192.0,27.0,68.56,
LC08_192027_20140227,2014-02-27,192.0,27.0,43.51,
LC08_192027_20140315,2014-03-15,192.0,27.0,68.32,
LC08_192027_20140331,2014-03-31,192.0,27.0,66.52,
LC08_192027_20140416,2014-04-16,192.0,27.0,75.46,
LC08_192027_20140502,2014-05-02,192.0,27.0,88.25,
LC08_192027_20140518,2014-05-18,192.0,27.0,84.26,
LC08_192027_20140603,2014-06-03,192.0,27.0,64.47,
LC08_192027_20140619,2014-06-19,192.0,27.0,58.33,
LC08_192027_20140705,2014-07-05,192.0,27.0,79.74,
LC08_192027_20140806,2014-08-06,192.0,27.0,40.84,
LC08_192027_20140822,2014-08-22,192.0,27.0,60.96,
LC08_192027_20140907,2014-09-07,192.0,27.0,40.91,
LC08_192027_20140923,2014-09-23,192.0,27.0,46.52,
LC08_192027_20141009,2014-10-09,192.0,27.0,16.15,
LC08_192027_20141025,2014-10-25,192.0,27.0,39.96,
LC08_192027_20141110,2014-11-10,192.0,27.0,91.41,
LC08_192027_20141126,2014-11-26,192.0,27.0,98.01,
LC08_192027_20141212,2014-12-12,192.0,27.0,12.07,
LC08_192027_20141228,2014-12-28,192.0,27.0,98.06,
LC08_192027_20150113,2015-01-13,192.0,27.0,1.4,
LC08_192027_20150129,2015-01-29,192.0,27.0,72.94,
LC08_192027_20150214,2015-02-14,192.0,27.0,37.93,
LC08_192027_20150318,2015-03-18,192.0,27.0,6.89,
LC08_192027_20150403,2015-04-03,192.0,27.0,17.73,
LC08_192027_20150419,2015-04-19,192.0,27.0,3.53,
LC08_192027_20150505,2015-05-05,192.0,27.0,65.78,
LC08_192027_20150606,2015-06-06,192.0,27.0,18.44,
LC08_192027_20150622,2015-06-22,192.0,27.0,76.79,
LC08_192027_20150708,2015-07-08,192.0,27.0,76.55,
LC08_192027_20150724,2015-07-24,192.0,27.0,73.25,
LC08_192027_20150809,2015-08-09,192.0,27.0,5.65,
LC08_192027_20150910,2015-09-10,192.0,27.0,60.37,
LC08_192027_20150926,2015-09-26,192.0,27.0,84.81,
LC08_192027_20151012,2015-10-12,192.0,27.0,21.48,
LC08_192027_20151028,2015-10-28,192.0,27.0,61.22,
LC08_192027_20151113,2015-11-13,192.0,27.0,7.97,
LC08_192027_20151129,2015-11-29,192.0,27.0,89.08,
LC08_192027_20151215,2015-12-15,192.0,27.0,82.97,
LC08_192027_20151231,2015-12-31,192.0,27.0,33.49,
LC08_192027_20160116,2016-01-16,192.0,27.0,81.96,
LC08_192027_20160201,2016-02-01,192.0,27.0,82.28,
LC08_192027_20160217,2016-02-17,192.0,27.0,82.76,
LC08_192027_20160304,2016-03-04,192.0,27.0,13.72,
LC08_192027_20160320,2016-03-20,192.0,27.0,25.3,
LC08_192027_20160405,2016-04-05,192.0,27.0,82.08,
LC08_192027_20160421,2016-04-21,192.0,27.0,15.38,
LC08_192027_20160507,2016-05-07,192.0,27.0,10.49,
LC08_192027_20160523,2016-05-23,192.0,27.0,90.02,
LC08_192027_20160608,2016-06-08,192.0,27.0,79.65,
LC08_192027_20160624,2016-06-24,192.0,27.0,5.99,
LC08_192027_20160710,2016-07-10,192.0,27.0,6.16,
LC08_192027_20160726,2016-07-26,192.0,27.0,74.54,
LC08_192027_20160811,2016-08-11,192.0,27.0,71.66,
LC08_192027_20160827,2016-08-27,192.0,27.0,0.88,
LC08_192027_20160912,2016-09-12,192.0,27.0,4.34,
LC08_192027_20160928,2016-09-28,192.0,27.0,34.62,
LC08_192027_20161014,2016-10-14,192.0,27.0,87.29,
LC08_192027_20161030,2016-10-30,192.0,27.0,74.82,
LC08_192027_20161115,2016-11-15,192.0,27.0,20.65,
LC08_192027_20161201,2016-12-01,192.0,27.0,88.32,
LC08_192027_20161217,2016-12-17,192.0,27.0,21.21,
LC08_192027_20170102,2017-01-02,192.0,27.0,15.93,
LC08_192027_20170118,2017-01-18,192.0,27.0,28.45,
LC08_192027_20170203,2017-02-03,192.0,27.0,88.6,
LC08_192027_20170219,2017-02-19,192.0,27.0,8.56,
LC08_192027_20170307,2017-03-07,192.0,27.0,91.55,
LC08_192027_20170323,2017-03-23,192.0,27.0,80.5,
LC08_192027_20170408,2017-04-08,192.0,27.0,24.39,
LC08_192027_20170424,2017-04-24,192.0,27.0,18.53,
LC08_192027_20170510,2017-05-10,192.0,27.0,12.01,
LC08_192027_20170526,2017-05-26,192.0,27.0,9.29,
LC08_192027_20170611,2017-06-11,192.0,27.0,3.59,
LC08_192027_20170627,2017-06-27,192.0,27.0,72.97,
LC08_192027_20170713,2017-07-13,192.0,27.0,66.48,
LC08_192027_20170729,2017-07-29,192.0,27.0,21.42,
LC08_192027_20170814,2017-08-14,192.0,27.0,18.9,
LC08_192027_20170830,2017-08-30,192.0,27.0,1.18,
LC08_192027_20170915,2017-09-15,192.0,27.0,43.08,
LC08_192027_20171017,2017-10-17,192.0,27.0,8.87,
LC08_192027_20171102,2017-11-02,192.0,27.0,83.14,
LC08_192027_20171118,2017-11-18,192.0,27.0,53.32,
LC08_192027_20171204,2017-12-04,192.0,27.0,81.36,
LC08_192027_20171220,2017-12-20,192.0,27.0,46.45,
LC08_193022_20130420,2013-04-20,193.0,22.0,2.63,
LC08_193022_20130506,2013-05-06,193.0,22.0,21.63,
LC08_193022_20130607,2013-06-07,193.0,22.0,2.8,
LC08_193022_20130623,2013-06-23,193.0,22.0,79.73,
LC08_193022_20130709,2013-07-09,193.0,22.0,23.56,
LC08_193022_20130810,2013-08-10,193.0,22.0,18.24,
LC08_193022_20130826,2013-08-26,193.0,22.0,22.04,
LC08_193022_20130911,2013-09-11,193.0,22.0,24.24,
LC08_193022_20130927,2013-09-27,193.0,22.0,58.45,
LC08_193022_20131029,2013-10-29,193.0,22.0,46.77,
LC08_193022_20140218,2014-02-18,193.0,22.0,54.5,
LC08_193022_20140322,2014-03-22,193.0,22.0,72.46,
LC08_193022_20140423,2014-04-23,193.0,22.0,89.31,
LC08_193022_20140525,2014-05-25,193.0,22.0,7.29,
LC08_193022_20140610,2014-06-10,193.0,22.0,62.63,
LC08_193022_20140626,2014-06-26,193.0,22.0,31.81,
LC08_193022_20140728,2014-07-28,193.0,22.0,67.62,
LC08_193022_20140813,2014-08-13,193.0,22.0,48.44,
LC08_193022_20140829,2014-08-29,193.0,22.0,94.85,
LC08_193022_20140914,2014-09-14,193.0,22.0,46.01,
LC08_193022_20141101,2014-11-01,193.0,22.0,99.99,
LC08_193022_20150205,2015-02-05,193.0,22.0,51.03,
LC08_193022_20150221,2015-02-21,193.0,22.0,77.88,
LC08_193022_20150309,2015-03-09,193.0,22.0,45.92,
LC08_193022_20150325,2015-03-25,193.0,22.0,55.14,
LC08_193022_20150410,2015-04-10,193.0,22.0,0.1,
LC08_193022_20150426,2015-04-26,193.0,22.0,83.79,
LC08_193022_20150512,2015-05-12,193.0,22.0,100.0,
LC08_193022_20150528,2015-05-28,193.0,22.0,97.11,
LC08_193022_20150613,2015-06-13,193.0,22.0,1.87,
LC08_193022_20150629,2015-06-29,193.0,22.0,58.89,
LC08_193022_20150715,2015-07-15,193.0,22.0,19.37,
LC08_193022_20150731,2015-07-31,193.0,22.0,87.3,
LC08_193022_20150816,2015-08-16,193.0,22.0,67.03,
LC08_193022_20150901,2015-09-01,193.0,22.0,27.69,
LC08_193022_20150917,2015-09-17,193.0,22.0,27.7,
LC08_193022_20151003,2015-10-03,193.0,22.0,26.93,
LC08_193022_20151019,2015-10-19,193.0,22.0,72.47,
LC08_193022_20151120,2015-11-20,193.0,22.0,44.04,
LC08_193022_20160208,2016-02-08,193.0,22.0,99.47,
LC08_193022_20160224,2016-02-24,193.0,22.0,73.15,
LC08_193022_20160327,2016-03-27,193.0,22.0,65.35,
LC08_193022_20160412,2016-04-12,193.0,22.0,84.55,
LC08_193022_20160514,2016-05-14,193.0,22.0,43.74,
LC08_193022_20160530,2016-05-30,193.0,22.0,26.01,
LC08_193022_20160615,2016-06-15,193.0,22.0,42.64,
LC08_193022_20160701,2016-07-01,193.0,22.0,44.14,
LC08_193022_20160717,2016-07-17,193.0,22.0,35.88,
LC08_193022_20160802,2016-08-02,193.0,22.0,69.84,
LC08_193022_20160818,2016-08-18,193.0,22.0,75.33,
LC08_193022_20160903,2016-09-03,193.0,22.0,87.86,
LC08_193022_20160919,2016-09-19,193.0,22.0,78.19,
LC08_193022_20161005,2016-10-05,193.0,22.0,71.96,
LC08_193022_20161122,2016-11-22,193.0,22.0,99.95,
LC08_193022_20170210,2017-02-10,193.0,22.0,79.84,
LC08_193022_20170501,2017-05-01,193.0,22.0,2.9,
LC08_193022_20170517,2017-05-17,193.0,22.0,79.99,
LC08_193022_20170602,2017-06-02,193.0,22.0,9.34,
LC08_193022_20170618,2017-06-18,193.0,22.0,44.06,
LC08_193022_20170704,2017-07-04,193.0,22.0,62.53,
LC08_193022_20170720,2017-07-20,193.0,22.0,76.37,
LC08_193022_20170805,2017-08-05,193.0,22.0,37.53,
LC08_193022_20170821,2017-08-21,193.0,22.0,45.05,
LC08_193022_20170906,2017-09-06,193.0,22.0,97.64,
LC08_193022_20171008,2017-10-08,193.0,22.0,23.55,
LC08_193023_20130420,2013-04-20,193.0,23.0,30.05,
LC08_193023_20130506,2013-05-06,193.0,23.0,33.28,
LC08_193023_20130607,2013-06-07,193.0,23.0,2.89,
LC08_193023_20130623,2013-06-23,193.0,23.0,76.34,
LC08_193023_20130709,2013-07-09,193.0,23.0,5.06,
LC08_193023_20130725,2013-07-25,193.0,23.0,68.18,
LC08_193023_20130810,2013-08-10,193.0,23.0,30.67,
LC08_193023_20130826,2013-08-26,193.0,23.0,6.88,
LC08_193023_20130911,2013-09-11,193.0,23.0,77.31,
LC08_193023_20130927,2013-09-27,193.0,23.0,68.58,
LC08_193023_20131013,2013-10-13,193.0,23.0,83.06,
LC08_193023_20131029,2013-10-29,193.0,23.0,46.67,
LC08_193023_20131114,2013-11-14,193.0,23.0,64.68,
LC08_193023_20140218,2014-02-18,193.0,23.0,81.39,
LC08_193023_20140322,2014-03-22,193.0,23.0,88.67,
LC08_193023_20140407,2014-04-07,193.0,23.0,94.38,
LC08_193023_20140423,2014-04-23,193.0,23.0,78.28,
LC08_193023_20140525,2014-05-25,193.0,23.0,29.11,
LC08_193023_20140610,2014-06-10,193.0,23.0,48.91,
LC08_193023_20140626,2014-06-26,193.0,23.0,75.67,
LC08_193023_20140712,2014-07-12,193.0,23.0,75.85,
LC08_193023_20140728,2014-07-28,193.0,23.0,87.5,
LC08_193023_20140813,2014-08-13,193.0,23.0,30.54,
LC08_193023_20140829,2014-08-29,193.0,23.0,100.0,
LC08_193023_20140914,2014-09-14,193.0,23.0,71.05,
LC08_193023_20141016,2014-10-16,193.0,23.0,90.71,
LC08_193023_20141101,2014-11-01,193.0,23.0,48.73,
LC08_193023_20141117,2014-11-17,193.0,23.0,60.55,
LC08_193023_20150205,2015-02-05,193.0,23.0,35.1,
LC08_193023_20150221,2015-02-21,193.0,23.0,51.57,
LC08_193023_20150309,2015-03-09,193.0,23.0,80.74,
LC08_193023_20150325,2015-03-25,193.0,23.0,12.65,
LC08_193023_20150410,2015-04-10,193.0,23.0,1.79,
LC08_193023_20150426,2015-04-26,193.0,23.0,91.49,
LC08_193023_20150512,2015-05-12,193.0,23.0,100.0,
LC08_193023_20150528,2015-05-28,193.0,23.0,89.65,
LC08_193023_20150613,2015-06-13,193.0,23.0,39.44,
LC08_193023_20150629,2015-06-29,193.0,23.0,20.28,
LC08_193023_20150715,2015-07-15,193.0,23.0,58.02,
LC08_193023_20150731,2015-07-31,193.0,23.0,93.84,
LC08_193023_20150816,2015-08-16,193.0,23.0,38.76,
LC08_193023_20150901,2015-09-01,193.0,23.0,38.15,
LC08_193023_20150917,2015-09-17,193.0,23.0,29.23,
LC08_193023_20151003,2015-10-03,193.0,23.0,1.47,
LC08_193023_20151104,2015-11-04,193.0,23.0,92.79,
LC08_193023_20151120,2015-11-20,193.0,23.0,65.74,
LC08_193023_20160208,2016-02-08,193.0,23.0,100.0,
LC08_193023_20160224,2016-02-24,193.0,23.0,60.95,
LC08_193023_20160327,2016-03-27,193.0,23.0,76.29,
LC08_193023_20160412,2016-04-12,193.0,23.0,93.79,
LC08_193023_20160428,2016-04-28,193.0,23.0,90.73,
LC08_193023_20160514,2016-05-14,193.0,23.0,66.19,
LC08_193023_20160530,2016-05-30,193.0,23.0,59.53,
LC08_193023_20160701,2016-07-01,193.0,23.0,60.52,
LC08_193023_20160717,2016-07-17,193.0,23.0,80.3,
LC08_193023_20160818,2016-08-18,193.0,23.0,91.54,
LC08_193023_20160903,2016-09-03,193.0,23.0,70.6,
LC08_193023_20160919,2016-09-19,193.0,23.0,38.38,
LC08_193023_20161005,2016-10-05,193.0,23.0,80.53,
LC08_193023_20161106,2016-11-06,193.0,23.0,82.52,
LC08_193023_20161122,2016-11-22,193.0,23.0,99.92,
LC08_193023_20170210,2017-02-10,193.0,23.0,61.14,
LC08_193023_20170314,2017-03-14,193.0,23.0,97.17,
LC08_193023_20170501,2017-05-01,193.0,23.0,13.02,
LC08_193023_20170517,2017-05-17,193.0,23.0,31.07,
LC08_193023_20170602,2017-06-02,193.0,23.0,0.35,
LC08_193023_20170618,2017-06-18,193.0,23.0,33.83,
LC08_193023_20170704,2017-07-04,193.0,23.0,68.5,
LC08_193023_20170720,2017-07-20,193.0,23.0,44.41,
LC08_193023_20170805,2017-08-05,193.0,23.0,73.88,
LC08_193023_20170821,2017-08-21,193.0,23.0,88.74,
LC08_193023_20170922,2017-09-22,193.0,23.0,44.76,
LC08_193023_20171008,2017-10-08,193.0,23.0,33.06,
LC08_193024_20130420,2013-04-20,193.0,24.0,68.45,
LC08_193024_20130506,2013-05-06,193.0,24.0,33.63,
LC08_193024_20130607,2013-06-07,193.0,24.0,30.11,
LC08_193024_20130623,2013-06-23,193.0,24.0,78.38,
LC08_193024_20130709,2013-07-09,193.0,24.0,18.06,
LC08_193024_20130725,2013-07-25,193.0,24.0,44.26,
LC08_193024_20130810,2013-08-10,193.0,24.0,34.98,
LC08_193024_20130826,2013-08-26,193.0,24.0,33.69,
LC08_193024_20130927,2013-09-27,193.0,24.0,43.99,
LC08_193024_20131013,2013-10-13,193.0,24.0,67.36,
LC08_193024_20131029,2013-10-29,193.0,24.0,56.8,
LC08_193024_20131114,2013-11-14,193.0,24.0,32.73,
LC08_193024_20140218,2014-02-18,193.0,24.0,86.62,
LC08_193024_20140322,2014-03-22,193.0,24.0,100.0,
LC08_193024_20140407,2014-04-07,193.0,24.0,79.0,
LC08_193024_20140423,2014-04-23,193.0,24.0,22.62,
LC08_193024_20140509,2014-05-09,193.0,24.0,94.1,
LC08_193024_20140525,2014-05-25,193.0,24.0,21.24,
LC08_193024_20140610,2014-06-10,193.0,24.0,48.26,
LC08_193024_20140626,2014-06-26,193.0,24.0,83.81,
LC08_193024_20140712,2014-07-12,193.0,24.0,66.79,
LC08_193024_20140728,2014-07-28,193.0,24.0,74.12,
LC08_193024_20140813,2014-08-13,193.0,24.0,83.38,
LC08_193024_20140829,2014-08-29,193.0,24.0,99.93,
LC08_193024_20140930,2014-09-30,193.0,24.0,82.79,
LC08_193024_20141101,2014-11-01,193.0,24.0,11.67,
LC08_193024_20141117,2014-11-17,193.0,24.0,36.45,
LC08_193024_20150205,2015-02-05,193.0,24.0,66.84,
LC08_193024_20150221,2015-02-21,193.0,24.0,61.58,
LC08_193024_20150309,2015-03-09,193.0,24.0,39.68,
LC08_193024_20150325,2015-03-25,193.0,24.0,4.11,
LC08_193024_20150410,2015-04-10,193.0,24.0,0.69,
LC08_193024_20150426,2015-04-26,193.0,24.0,86.54,
LC08_193024_20150512,2015-05-12,193.0,24.0,87.02,
LC08_193024_20150528,2015-05-28,193.0,24.0,68.54,
LC08_193024_20150613,2015-06-13,193.0,24.0,65.47,
LC08_193024_20150629,2015-06-29,193.0,24.0,16.62,
LC08_193024_20150715,2015-07-15,193.0,24.0,68.41,
LC08_193024_20150731,2015-07-31,193.0,24.0,67.36,
LC08_193024_20150816,2015-08-16,193.0,24.0,79.52,
LC08_193024_20150901,2015-09-01,193.0,24.0,8.98,
LC08_193024_20150917,2015-09-17,193.0,24.0,33.34,
LC08_193024_20151003,2015-10-03,193.0,24.0,4.21,
LC08_193024_20151104,2015-11-04,193.0,24.0,65.83,
LC08_193024_20151120,2015-11-20,193.0,24.0,79.51,
LC08_193024_20151206,2015-12-06,193.0,24.0,22.25,
LC08_193024_20160107,2016-01-07,193.0,24.0,83.15,
LC08_193024_20160224,2016-02-24,193.0,24.0,58.68,
LC08_193024_20160327,2016-03-27,193.0,24.0,65.04,
LC08_193024_20160412,2016-04-12,193.0,24.0,61.67,
LC08_193024_20160428,2016-04-28,193.0,24.0,68.44,
LC08_193024_20160514,2016-05-14,193.0,24.0,67.87,
LC08_193024_20160530,2016-05-30,193.0,24.0,81.34,
LC08_193024_20160701,2016-07-01,193.0,24.0,51.73,
LC08_193024_20160818,2016-08-18,193.0,24.0,37.46,
LC08_193024_20160903,2016-09-03,193.0,24.0,75.35,
LC08_193024_20160919,2016-09-19,193.0,24.0,67.8,
LC08_193024_20161005,2016-10-05,193.0,24.0,71.69,
LC08_193024_20161106,2016-11-06,193.0,24.0,76.01,
LC08_193024_20161122,2016-11-22,193.0,24.0,99.06,
LC08_193024_20161208,2016-12-08,193.0,24.0,73.93,
LC08_193024_20170210,2017-02-10,193.0,24.0,65.2,
LC08_193024_20170314,2017-03-14,193.0,24.0,86.6,
LC08_193024_20170501,2017-05-01,193.0,24.0,62.33,
LC08_193024_20170517,2017-05-17,193.0,24.0,7.77,
LC08_193024_20170602,2017-06-02,193.0,24.0,1.26,
LC08_193024_20170618,2017-06-18,193.0,24.0,22.19,
LC08_193024_20170704,2017-07-04,193.0,24.0,58.19,
LC08_193024_20170720,2017-07-20,193.0,24.0,33.7,
LC08_193024_20170805,2017-08-05,193.0,24.0,67.29,
LC08_193024_20170821,2017-08-21,193.0,24.0,65.13,
LC08_193024_20170922,2017-09-22,193.0,24.0,71.41,
LC08_193024_20171008,2017-10-08,193.0,24.0,85.29,
LC08_193024_20171024,2017-10-24,193.0,24.0,97.68,
LC08_193025_20130420,2013-04-20,193.0,25.0,99.98,
LC08_193025_20130506,2013-05-06,193.0,25.0,61.89,
LC08_193025_20130607,2013-06-07,193.0,25.0,81.25,
LC08_193025_20130709,2013-07-09,193.0,25.0,45.26,
LC08_193025_20130725,2013-07-25,193.0,25.0,29.04,
LC08_193025_20130810,2013-08-10,193.0,25.0,29.82,
LC08_193025_20130826,2013-08-26,193.0,25.0,93.36,
LC08_193025_20130927,2013-09-27,193.0,25.0,54.89,
LC08_193025_20131114,2013-11-14,193.0,25.0,78.9,
LC08_193025_20131216,2013-12-16,193.0,25.0,4.72,
LC08_193025_20140101,2014-01-01,193.0,25.0,90.67,
LC08_193025_20140306,2014-03-06,193.0,25.0,59.52,
LC08_193025_20140322,2014-03-22,193.0,25.0,87.9,
LC08_193025_20140407,2014-04-07,193.0,25.0,56.68,
LC08_193025_20140423,2014-04-23,193.0,25.0,14.96,
LC08_193025_20140509,2014-05-09,193.0,25.0,87.37,
LC08_193025_20140525,2014-05-25,193.0,25.0,10.54,
LC08_193025_20140610,2014-06-10,193.0,25.0,37.16,
LC08_193025_20140626,2014-06-26,193.0,25.0,87.87,
LC08_193025_20140712,2014-07-12,193.0,25.0,43.37,
LC08_193025_20140728,2014-07-28,193.0,25.0,70.36,
LC08_193025_20140829,2014-08-29,193.0,25.0,97.03,
LC08_193025_20140930,2014-09-30,193.0,25.0,94.09,
LC08_193025_20141016,2014-10-16,193.0,25.0,76.66,
LC08_193025_20141101,2014-11-01,193.0,25.0,25.99,
LC08_193025_20141117,2014-11-17,193.0,25.0,80.09,
LC08_193025_20150205,2015-02-05,193.0,25.0,49.11,
LC08_193025_20150221,2015-02-21,193.0,25.0,77.46,
LC08_193025_20150309,2015-03-09,193.0,25.0,25.67,
LC08_193025_20150325,2015-03-25,193.0,25.0,1.14,
LC08_193025_20150410,2015-04-10,193.0,25.0,4.65,
LC08_193025_20150426,2015-04-26,193.0,25.0,68.16,
LC08_193025_20150512,2015-05-12,193.0,25.0,90.87,
LC08_193025_20150528,2015-05-28,193.0,25.0,58.01,
LC08_193025_20150613,2015-06-13,193.0,25.0,63.03,
LC08_193025_20150629,2015-06-29,193.0,25.0,29.9,
LC08_193025_20150715,2015-07-15,193.0,25.0,86.6,
LC08_193025_20150731,2015-07-31,193.0,25.0,41.54,
LC08_193025_20150901,2015-09-01,193.0,25.0,8.0,
LC08_193025_20150917,2015-09-17,193.0,25.0,23.72,
LC08_193025_20151003,2015-10-03,193.0,25.0,5.49,
LC08_193025_20151104,2015-11-04,193.0,25.0,67.86,
LC08_193025_20151206,2015-12-06,193.0,25.0,14.13,
LC08_193025_20160107,2016-01-07,193.0,25.0,73.47,
LC08_193025_20160208,2016-02-08,193.0,25.0,97.69,
LC08_193025_20160224,2016-02-24,193.0,25.0,80.13,
LC08_193025_20160311,2016-03-11,193.0,25.0,86.11,
LC08_193025_20160327,2016-03-27,193.0,25.0,83.91,
LC08_193025_20160412,2016-04-12,193.0,25.0,44.84,
LC08_193025_20160428,2016-04-28,193.0,25.0,70.04,
LC08_193025_20160514,2016-05-14,193.0,25.0,61.63,
LC08_193025_20160615,2016-06-15,193.0,25.0,87.92,
LC08_193025_20160701,2016-07-01,193.0,25.0,54.36,
LC08_193025_20160818,2016-08-18,193.0,25.0,2.59,
LC08_193025_20160903,2016-09-03,193.0,25.0,77.42,
LC08_193025_20161005,2016-10-05,193.0,25.0,77.88,
LC08_193025_20161122,2016-11-22,193.0,25.0,99.92,
LC08_193025_20161208,2016-12-08,193.0,25.0,45.1,
LC08_193025_20170226,2017-02-26,193.0,25.0,97.91,
LC08_193025_20170314,2017-03-14,193.0,25.0,91.11,
LC08_193025_20170330,2017-03-30,193.0,25.0,63.6,
LC08_193025_20170415,2017-04-15,193.0,25.0,97.93,
LC08_193025_20170501,2017-05-01,193.0,25.0,59.83,
LC08_193025_20170517,2017-05-17,193.0,25.0,12.01,
LC08_193025_20170602,2017-06-02,193.0,25.0,7.97,
LC08_193025_20170618,2017-06-18,193.0,25.0,33.06,
LC08_193025_20170704,2017-07-04,193.0,25.0,70.54,
LC08_193025_20170720,2017-07-20,193.0,25.0,53.09,
LC08_193025_20170805,2017-08-05,193.0,25.0,39.27,
LC08_193025_20170821,2017-08-21,193.0,25.0,56.26,
LC08_193025_20170906,2017-09-06,193.0,25.0,88.15,
LC08_193025_20171024,2017-10-24,193.0,25.0,98.57,
LC08_193025_20171227,2017-12-27,193.0,25.0,90.23,
LC08_193026_20130506,2013-05-06,193.0,26.0,61.18,
LC08_193026_20130607,2013-06-07,193.0,26.0,76.65,
LC08_193026_20130623,2013-06-23,193.0,26.0,94.1,
LC08_193026_20130709,2013-07-09,193.0,26.0,32.27,
LC08_193026_20130725,2013-07-25,193.0,26.0,21.5,
LC08_193026_20130810,2013-08-10,193.0,26.0,33.37,
LC08_193026_20130911,2013-09-11,193.0,26.0,95.94,
LC08_193026_20130927,2013-09-27,193.0,26.0,79.13,
LC08_193026_20131130,2013-11-30,193.0,26.0,84.77,
LC08_193026_20131216,2013-12-16,193.0,26.0,5.83,
LC08_193026_20140101,2014-01-01,193.0,26.0,81.42,
LC08_193026_20140218,2014-02-18,193.0,26.0,84.4,
LC08_193026_20140306,2014-03-06,193.0,26.0,17.62,
LC08_193026_20140322,2014-03-22,193.0,26.0,67.55,
LC08_193026_20140407,2014-04-07,193.0,26.0,19.91,
LC08_193026_20140423,2014-04-23,193.0,26.0,12.67,
LC08_193026_20140509,2014-05-09,193.0,26.0,80.56,
LC08_193026_20140525,2014-05-25,193.0,26.0,24.29,
LC08_193026_20140610,2014-06-10,193.0,26.0,7.5,
LC08_193026_20140626,2014-06-26,193.0,26.0,35.8,
LC08_193026_20140712,2014-07-12,193.0,26.0,75.99,
LC08_193026_20140728,2014-07-28,193.0,26.0,62.8,
LC08_193026_20140930,2014-09-30,193.0,26.0,97.06,
LC08_193026_20141016,2014-10-16,193.0,26.0,73.13,
LC08_193026_20141101,2014-11-01,193.0,26.0,50.45,
LC08_193026_20141117,2014-11-17,193.0,26.0,89.11,
LC08_193026_20141219,2014-12-19,193.0,26.0,73.83,
LC08_193026_20150205,2015-02-05,193.0,26.0,76.97,
LC08_193026_20150221,2015-02-21,193.0,26.0,85.08,
LC08_193026_20150309,2015-03-09,193.0,26.0,8.38,
LC08_193026_20150325,2015-03-25,193.0,26.0,32.56,
LC08_193026_20150410,2015-04-10,193.0,26.0,0.75,
LC08_193026_20150426,2015-04-26,193.0,26.0,40.6,
LC08_193026_20150512,2015-05-12,193.0,26.0,63.31,
LC08_193026_20150528,2015-05-28,193.0,26.0,34.91,
LC08_193026_20150613,2015-06-13,193.0,26.0,91.54,
LC08_193026_20150629,2015-06-29,193.0,26.0,65.58,
LC08_193026_20150715,2015-07-15,193.0,26.0,67.78,
LC08_193026_20150731,2015-07-31,193.0,26.0,10.77,
LC08_193026_20150901,2015-09-01,193.0,26.0,9.05,
LC08_193026_20150917,2015-09-17,193.0,26.0,21.75,
LC08_193026_20151003,2015-10-03,193.0,26.0,14.54,
LC08_193026_20151104,2015-11-04,193.0,26.0,60.1,
LC08_193026_20151206,2015-12-06,193.0,26.0,26.38,
LC08_193026_20151222,2015-12-22,193.0,26.0,54.24,
LC08_193026_20160107,2016-01-07,193.0,26.0,69.46,
LC08_193026_20160208,2016-02-08,193.0,26.0,98.97,
LC08_193026_20160311,2016-03-11,193.0,26.0,63.89,
LC08_193026_20160327,2016-03-27,193.0,26.0,89.82,
LC08_193026_20160412,2016-04-12,193.0,26.0,87.64,
LC08_193026_20160428,2016-04-28,193.0,26.0,60.89,
LC08_193026_20160514,2016-05-14,193.0,26.0,70.49,
LC08_193026_20160615,2016-06-15,193.0,26.0,80.2,
LC08_193026_20160701,2016-07-01,193.0,26.0,33.04,
LC08_193026_20160717,2016-07-17,193.0,26.0,76.03,
LC08_193026_20160818,2016-08-18,193.0,26.0,21.44,
LC08_193026_20160903,2016-09-03,193.0,26.0,72.79,
LC08_193026_20161005,2016-10-05,193.0,26.0,40.23,
LC08_193026_20161122,2016-11-22,193.0,26.0,94.34,
LC08_193026_20161208,2016-12-08,193.0,26.0,47.19,
LC08_193026_20161224,2016-12-24,193.0,26.0,98.8,
LC08_193026_20170226,2017-02-26,193.0,26.0,94.61,
LC08_193026_20170314,2017-03-14,193.0,26.0,76.71,
LC08_193026_20170330,2017-03-30,193.0,26.0,26.86,
LC08_193026_20170415,2017-04-15,193.0,26.0,100.0,
LC08_193026_20170501,2017-05-01,193.0,26.0,45.83,
LC08_193026_20170517,2017-05-17,193.0,26.0,0.33,
LC08_193026_20170602,2017-06-02,193.0,26.0,12.52,
LC08_193026_20170618,2017-06-18,193.0,26.0,30.87,
LC08_193026_20170704,2017-07-04,193.0,26.0,53.16,
LC08_193026_20170720,2017-07-20,193.0,26.0,79.41,
LC08_193026_20170805,2017-08-05,193.0,26.0,11.03,
LC08_193026_20170821,2017-08-21,193.0,26.0,37.49,
LC08_193026_20170906,2017-09-06,193.0,26.0,80.18,
LC08_193026_20171024,2017-10-24,193.0,26.0,92.44,
LC08_193026_20171125,2017-11-25,193.0,26.0,94.82,
LC08_193026_20171227,2017-12-27,193.0,26.0,97.4,
LC08_193027_20130506,2013-05-06,193.0,27.0,73.57,
LC08_193027_20130607,2013-06-07,193.0,27.0,29.48,
LC08_193027_20130623,2013-06-23,193.0,27.0,78.29,
LC08_193027_20130709,2013-07-09,193.0,27.0,40.14,
LC08_193027_20130725,2013-07-25,193.0,27.0,34.47,
LC08_193027_20130810,2013-08-10,193.0,27.0,36.17,
LC08_193027_20130911,2013-09-11,193.0,27.0,68.3,
LC08_193027_20131013,2013-10-13,193.0,27.0,20.85,
LC08_193027_20131114,2013-11-14,193.0,27.0,95.69,
LC08_193027_20131130,2013-11-30,193.0,27.0,84.91,
LC08_193027_20131216,2013-12-16,193.0,27.0,1.57,
LC08_193027_20140101,2014-01-01,193.0,27.0,17.09,
LC08_193027_20140218,2014-02-18,193.0,27.0,21.22,
LC08_193027_20140306,2014-03-06,193.0,27.0,30.23,
LC08_193027_20140322,2014-03-22,193.0,27.0,76.4,
LC08_193027_20140407,2014-04-07,193.0,27.0,3.76,
LC08_193027_20140423,2014-04-23,193.0,27.0,43.23,
LC08_193027_20140509,2014-05-09,193.0,27.0,70.6,
LC08_193027_20140525,2014-05-25,193.0,27.0,24.88,
LC08_193027_20140610,2014-06-10,193.0,27.0,8.02,
LC08_193027_20140626,2014-06-26,193.0,27.0,16.73,
LC08_193027_20140712,2014-07-12,193.0,27.0,89.58,
LC08_193027_20140728,2014-07-28,193.0,27.0,51.5,
LC08_193027_20140829,2014-08-29,193.0,27.0,84.91,
LC08_193027_20140914,2014-09-14,193.0,27.0,53.11,
LC08_193027_20140930,2014-09-30,193.0,27.0,81.46,
LC08_193027_20141016,2014-10-16,193.0,27.0,95.69,
LC08_193027_20141101,2014-11-01,193.0,27.0,17.39,
LC08_193027_20141117,2014-11-17,193.0,27.0,86.68,
LC08_193027_20141203,2014-12-03,193.0,27.0,66.05,
LC08_193027_20141219,2014-12-19,193.0,27.0,28.27,
LC08_193027_20150104,2015-01-04,193.0,27.0,77.03,
LC08_193027_20150120,2015-01-20,193.0,27.0,60.71,
LC08_193027_20150221,2015-02-21,193.0,27.0,94.04,
LC08_193027_20150309,2015-03-09,193.0,27.0,22.64,
LC08_193027_20150325,2015-03-25,193.0,27.0,92.59,
LC08_193027_20150410,2015-04-10,193.0,27.0,1.61,
LC08_193027_20150426,2015-04-26,193.0,27.0,52.64,
LC08_193027_20150512,2015-05-12,193.0,27.0,52.23,
LC08_193027_20150528,2015-05-28,193.0,27.0,15.71,
LC08_193027_20150613,2015-06-13,193.0,27.0,83.6,
LC08_193027_20150629,2015-06-29,193.0,27.0,51.87,
LC08_193027_20150715,2015-07-15,193.0,27.0,11.85,
LC08_193027_20150731,2015-07-31,193.0,27.0,3.04,
LC08_193027_20150901,2015-09-01,193.0,27.0,6.44,
LC08_193027_20150917,2015-09-17,193.0,27.0,39.41,
LC08_193027_20151003,2015-10-03,193.0,27.0,32.04,
LC08_193027_20151019,2015-10-19,193.0,27.0,90.12,
LC08_193027_20151104,2015-11-04,193.0,27.0,28.42,
LC08_193027_20151120,2015-11-20,193.0,27.0,100.0,
LC08_193027_20151206,2015-12-06,193.0,27.0,3.41,
LC08_193027_20151222,2015-12-22,193.0,27.0,11.46,
LC08_193027_20160107,2016-01-07,193.0,27.0,18.82,
LC08_193027_20160123,2016-01-23,193.0,27.0,69.51,
LC08_193027_20160208,2016-02-08,193.0,27.0,89.32,
LC08_193027_20160224,2016-02-24,193.0,27.0,21.17,
LC08_193027_20160311,2016-03-11,193.0,27.0,17.64,
LC08_193027_20160327,2016-03-27,193.0,27.0,71.25,
LC08_193027_20160412,2016-04-12,193.0,27.0,53.86,
LC08_193027_20160428,2016-04-28,193.0,27.0,76.81,
LC08_193027_20160514,2016-05-14,193.0,27.0,95.7,
LC08_193027_20160530,2016-05-30,193.0,27.0,90.58,
LC08_193027_20160615,2016-06-15,193.0,27.0,74.06,
LC08_193027_20160701,2016-07-01,193.0,27.0,27.35,
LC08_193027_20160717,2016-07-17,193.0,27.0,54.83,
LC08_193027_20160802,2016-08-02,193.0,27.0,73.28,
LC08_193027_20160818,2016-08-18,193.0,27.0,67.17,
LC08_193027_20160903,2016-09-03,193.0,27.0,31.89,
LC08_193027_20160919,2016-09-19,193.0,27.0,94.52,
LC08_193027_20161005,2016-10-05,193.0,27.0,51.98,
LC08_193027_20161021,2016-10-21,193.0,27.0,89.36,
LC08_193027_20161122,2016-11-22,193.0,27.0,97.38,
LC08_193027_20161208,2016-12-08,193.0,27.0,2.96,
LC08_193027_20161224,2016-12-24,193.0,27.0,97.1,
LC08_193027_20170109,2017-01-09,193.0,27.0,41.26,
LC08_193027_20170125,2017-01-25,193.0,27.0,38.6,
LC08_193027_20170210,2017-02-10,193.0,27.0,58.64,
LC08_193027_20170226,2017-02-26,193.0,27.0,93.7,
LC08_193027_20170314,2017-03-14,193.0,27.0,35.12,
LC08_193027_20170330,2017-03-30,193.0,27.0,12.7,
LC08_193027_20170415,2017-04-15,193.0,27.0,96.18,
LC08_193027_20170501,2017-05-01,193.0,27.0,82.83,
LC08_193027_20170517,2017-05-17,193.0,27.0,5.34,
LC08_193027_20170602,2017-06-02,193.0,27.0,65.44,
LC08_193027_20170618,2017-06-18,193.0,27.0,8.9,
LC08_193027_20170704,2017-07-04,193.0,27.0,19.22,
LC08_193027_20170720,2017-07-20,193.0,27.0,68.44,
LC08_193027_20170805,2017-08-05,193.0,27.0,31.23,
LC08_193027_20170821,2017-08-21,193.0,27.0,63.57,
LC08_193027_20170906,2017-09-06,193.0,27.0,92.84,
LC08_193027_20170922,2017-09-22,193.0,27.0,41.94,
LC08_193027_20171024,2017-10-24,193.0,27.0,48.9,
LC08_193027_20171109,2017-11-09,193.0,27.0,57.68,
LC08_193027_20171125,2017-11-25,193.0,27.0,83.35,
LC08_193027_20171227,2017-12-27,193.0,27.0,84.28,
LC08_194022_20130401,2013-04-01,194.0,22.0,3.6,
LC08_194022_20130427,2013-04-27,194.0,22.0,79.94,
LC08_194022_20130513,2013-05-13,194.0,22.0,47.81,
LC08_194022_20130529,2013-05-29,194.0,22.0,76.4,
LC08_194022_20130614,2013-06-14,194.0,22.0,51.72,
LC08_194022_20130716,2013-07-16,194.0,22.0,48.21,
LC08_194022_20130817,2013-08-17,194.0,22.0,76.65,
LC08_194022_20131004,2013-10-04,194.0,22.0,77.73,
LC08_194022_20131020,2013-10-20,194.0,22.0,98.68,
LC08_194022_20131105,2013-11-05,194.0,22.0,27.86,
LC08_194022_20131121,2013-11-21,194.0,22.0,67.65,
LC08_194022_20140209,2014-02-09,194.0,22.0,59.91,
LC08_194022_20140225,2014-02-25,194.0,22.0,1.69,
LC08_194022_20140313,2014-03-13,194.0,22.0,0.2,
LC08_194022_20140329,2014-03-29,194.0,22.0,38.25,
LC08_194022_20140516,2014-05-16,194.0,22.0,11.27,
LC08_194022_20140601,2014-06-01,194.0,22.0,63.08,
LC08_194022_20140617,2014-06-17,194.0,22.0,32.58,
LC08_194022_20140703,2014-07-03,194.0,22.0,96.41,
LC08_194022_20140719,2014-07-19,194.0,22.0,0.48,
LC08_194022_20140804,2014-08-04,194.0,22.0,80.72,
LC08_194022_20140820,2014-08-20,194.0,22.0,78.32,
LC08_194022_20140905,2014-09-05,194.0,22.0,6.43,
LC08_194022_20141108,2014-11-08,194.0,22.0,32.33,
LC08_194022_20150127,2015-01-27,194.0,22.0,70.18,
LC08_194022_20150228,2015-02-28,194.0,22.0,72.24,
LC08_194022_20150316,2015-03-16,194.0,22.0,23.0,
LC08_194022_20150401,2015-04-01,194.0,22.0,62.62,
LC08_194022_20150417,2015-04-17,194.0,22.0,9.8,
LC08_194022_20150503,2015-05-03,194.0,22.0,13.32,
LC08_194022_20150519,2015-05-19,194.0,22.0,52.12,
LC08_194022_20150604,2015-06-04,194.0,22.0,4.42,
LC08_194022_20150620,2015-06-20,194.0,22.0,45.9,
LC08_194022_20150706,2015-07-06,194.0,22.0,28.46,
LC08_194022_20150722,2015-07-22,194.0,22.0,22.2,
LC08_194022_20150807,2015-08-07,194.0,22.0,63.07,
LC08_194022_20150823,2015-08-23,194.0,22.0,2.73,
LC08_194022_20150908,2015-09-08,194.0,22.0,18.8,
LC08_194022_20150924,2015-09-24,194.0,22.0,82.26,
LC08_194022_20151010,2015-10-10,194.0,22.0,11.92,
LC08_194022_20151026,2015-10-26,194.0,22.0,24.69,
LC08_194022_20160215,2016-02-15,194.0,22.0,89.4,
LC08_194022_20160318,2016-03-18,194.0,22.0,93.33,
LC08_194022_20160403,2016-04-03,194.0,22.0,94.36,
LC08_194022_20160419,2016-04-19,194.0,22.0,42.87,
LC08_194022_20160505,2016-05-05,194.0,22.0,3.23,
LC08_194022_20160521,2016-05-21,194.0,22.0,88.52,
LC08_194022_20160606,2016-06-06,194.0,22.0,1.35,
LC08_194022_20160622,2016-06-22,194.0,22.0,43.56,
LC08_194022_20160708,2016-07-08,194.0,22.0,63.35,
LC08_194022_20160724,2016-07-24,194.0,22.0,31.3,
LC08_194022_20160809,2016-08-09,194.0,22.0,86.48,
LC08_194022_20160825,2016-08-25,194.0,22.0,5.19,
LC08_194022_20160910,2016-09-10,194.0,22.0,0.92,
LC08_194022_20160926,2016-09-26,194.0,22.0,53.58,
LC08_194022_20161028,2016-10-28,194.0,22.0,92.9,
LC08_194022_20161113,2016-11-13,194.0,22.0,26.61,
LC08_194022_20170201,2017-02-01,194.0,22.0,71.73,
LC08_194022_20170321,2017-03-21,194.0,22.0,14.1,
LC08_194022_20170406,2017-04-06,194.0,22.0,29.3,
LC08_194022_20170422,2017-04-22,194.0,22.0,70.47,
LC08_194022_20170508,2017-05-08,194.0,22.0,89.16,
LC08_194022_20170609,2017-06-09,194.0,22.0,40.04,
LC08_194022_20170625,2017-06-25,194.0,22.0,81.54,
LC08_194022_20170711,2017-07-11,194.0,22.0,61.16,
LC08_194022_20170727,2017-07-27,194.0,22.0,82.43,
LC08_194022_20170828,2017-08-28,194.0,22.0,18.39,
LC08_194022_20170929,2017-09-29,194.0,22.0,47.99,
LC08_194022_20171015,2017-10-15,194.0,22.0,85.83,
LC08_194022_20171031,2017-10-31,194.0,22.0,75.38,
LC08_194023_20130401,2013-04-01,194.0,23.0,12.02,
LC08_194023_20130614,2013-06-14,194.0,23.0,69.47,
LC08_194023_20130716,2013-07-16,194.0,23.0,13.27,
LC08_194023_20130801,2013-08-01,194.0,23.0,61.88,
LC08_194023_20130817,2013-08-17,194.0,23.0,91.25,
LC08_194023_20131004,2013-10-04,194.0,23.0,51.38,
LC08_194023_20131020,2013-10-20,194.0,23.0,94.46,
LC08_194023_20131105,2013-11-05,194.0,23.0,35.15,
LC08_194023_20131121,2013-11-21,194.0,23.0,45.55,
LC08_194023_20140209,2014-02-09,194.0,23.0,56.68,
LC08_194023_20140225,2014-02-25,194.0,23.0,4.62,
LC08_194023_20140313,2014-03-13,194.0,23.0,0.05,
LC08_194023_20140329,2014-03-29,194.0,23.0,78.42,
LC08_194023_20140414,2014-04-14,194.0,23.0,65.03,
LC08_194023_20140516,2014-05-16,194.0,23.0,22.75,
LC08_194023_20140601,2014-06-01,194.0,23.0,72.77,
LC08_194023_20140617,2014-06-17,194.0,23.0,42.77,
LC08_194023_20140703,2014-07-03,194.0,23.0,47.15,
LC08_194023_20140719,2014-07-19,194.0,23.0,0.01,
LC08_194023_20140820,2014-08-20,194.0,23.0,61.57,
LC08_194023_20140905,2014-09-05,194.0,23.0,11.75,
LC08_194023_20141007,2014-10-07,194.0,23.0,88.92,
LC08_194023_20141023,2014-10-23,194.0,23.0,90.3,
LC08_194023_20141108,2014-11-08,194.0,23.0,79.08,
LC08_194023_20141124,2014-11-24,194.0,23.0,72.98,
LC08_194023_20150127,2015-01-27,194.0,23.0,77.63,
LC08_194023_20150228,2015-02-28,194.0,23.0,64.11,
LC08_194023_20150316,2015-03-16,194.0,23.0,19.81,
LC08_194023_20150401,2015-04-01,194.0,23.0,87.65,
LC08_194023_20150417,2015-04-17,194.0,23.0,61.86,
LC08_194023_20150503,2015-05-03,194.0,23.0,33.07,
LC08_194023_20150519,2015-05-19,194.0,23.0,49.58,
LC08_194023_20150604,2015-06-04,194.0,23.0,9.22,
LC08_194023_20150620,2015-06-20,194.0,23.0,76.5,
LC08_194023_20150706,2015-07-06,194.0,23.0,33.91,
LC08_194023_20150722,2015-07-22,194.0,23.0,70.83,
LC08_194023_20150807,2015-08-07,194.0,23.0,26.51,
LC08_194023_20150823,2015-08-23,194.0,23.0,10.43,
LC08_194023_20150908,2015-09-08,194.0,23.0,14.23,
LC08_194023_20150924,2015-09-24,194.0,23.0,73.66,
LC08_194023_20151010,2015-10-10,194.0,23.0,9.67,
LC08_194023_20151026,2015-10-26,194.0,23.0,20.8,
LC08_194023_20151127,2015-11-27,194.0,23.0,58.14,
LC08_194023_20160302,2016-03-02,194.0,23.0,100.0,
LC08_194023_20160403,2016-04-03,194.0,23.0,88.84,
LC08_194023_20160419,2016-04-19,194.0,23.0,60.85,
LC08_194023_20160505,2016-05-05,194.0,23.0,0.01,
LC08_194023_20160521,2016-05-21,194.0,23.0,65.71,
LC08_194023_20160606,2016-06-06,194.0,23.0,0.11,
LC08_194023_20160622,2016-06-22,194.0,23.0,72.08,
LC08_194023_20160708,2016-07-08,194.0,23.0,93.48,
LC08_194023_20160724,2016-07-24,194.0,23.0,31.01,
LC08_194023_20160809,2016-08-09,194.0,23.0,60.63,
LC08_194023_20160825,2016-08-25,194.0,23.0,0.12,
LC08_194023_20160910,2016-09-10,194.0,23.0,0.18,
LC08_194023_20160926,2016-09-26,194.0,23.0,40.38,
LC08_194023_20161113,2016-11-13,194.0,23.0,17.72,
LC08_194023_20161129,2016-11-29,194.0,23.0,11.54,
LC08_194023_20170116,2017-01-16,194.0,23.0,22.43,
LC08_194023_20170305,2017-03-05,194.0,23.0,81.9,
LC08_194023_20170321,2017-03-21,194.0,23.0,56.44,
LC08_194023_20170406,2017-04-06,194.0,23.0,7.64,
LC08_194023_20170422,2017-04-22,194.0,23.0,59.84,
LC08_194023_20170524,2017-05-24,194.0,23.0,71.26,
LC08_194023_20170609,2017-06-09,194.0,23.0,36.49,
LC08_194023_20170711,2017-07-11,194.0,23.0,81.03,
LC08_194023_20170828,2017-08-28,194.0,23.0,18.08,
LC08_194023_20170913,2017-09-13,194.0,23.0,86.34,
LC08_194023_20170929,2017-09-29,194.0,23.0,31.81,
LC08_194023_20171015,2017-10-15,194.0,23.0,19.16,
LC08_194023_20171116,2017-11-16,194.0,23.0,100.0,
LC08_194024_20130401,2013-04-01,194.0,24.0,10.21,
LC08_194024_20130614,2013-06-14,194.0,24.0,64.03,
LC08_194024_20130716,2013-07-16,194.0,24.0,26.77,
LC08_194024_20130801,2013-08-01,194.0,24.0,10.89,
LC08_194024_20130817,2013-08-17,194.0,24.0,91.51,
LC08_194024_20131004,2013-10-04,194.0,24.0,55.39,
LC08_194024_20131020,2013-10-20,194.0,24.0,99.95,
LC08_194024_20131105,2013-11-05,194.0,24.0,60.8,
LC08_194024_20140108,2014-01-08,194.0,24.0,59.86,
LC08_194024_20140209,2014-02-09,194.0,24.0,55.76,
LC08_194024_20140225,2014-02-25,194.0,24.0,14.13,
LC08_194024_20140313,2014-03-13,194.0,24.0,0.04,
LC08_194024_20140329,2014-03-29,194.0,24.0,29.37,
LC08_194024_20140414,2014-04-14,194.0,24.0,54.06,
LC08_194024_20140516,2014-05-16,194.0,24.0,25.38,
LC08_194024_20140601,2014-06-01,194.0,24.0,55.46,
LC08_194024_20140617,2014-06-17,194.0,24.0,68.05,
LC08_194024_20140703,2014-07-03,194.0,24.0,3.15,
LC08_194024_20140719,2014-07-19,194.0,24.0,1.03,
LC08_194024_20140804,2014-08-04,194.0,24.0,77.4,
LC08_194024_20140820,2014-08-20,194.0,24.0,47.57,
LC08_194024_20140905,2014-09-05,194.0,24.0,52.3,
LC08_194024_20141007,2014-10-07,194.0,24.0,86.98,
LC08_194024_20141023,2014-10-23,194.0,24.0,62.57,
LC08_194024_20141108,2014-11-08,194.0,24.0,50.16,
LC08_194024_20150111,2015-01-11,194.0,24.0,76.79,
LC08_194024_20150212,2015-02-12,194.0,24.0,83.73,
LC08_194024_20150228,2015-02-28,194.0,24.0,32.66,
LC08_194024_20150316,2015-03-16,194.0,24.0,59.98,
LC08_194024_20150401,2015-04-01,194.0,24.0,74.3,
LC08_194024_20150503,2015-05-03,194.0,24.0,73.24,
LC08_194024_20150519,2015-05-19,194.0,24.0,34.26,
LC08_194024_20150604,2015-06-04,194.0,24.0,30.78,
LC08_194024_20150706,2015-07-06,194.0,24.0,28.4,
LC08_194024_20150722,2015-07-22,194.0,24.0,83.55,
LC08_194024_20150807,2015-08-07,194.0,24.0,22.5,
LC08_194024_20150823,2015-08-23,194.0,24.0,8.1,
LC08_194024_20150908,2015-09-08,194.0,24.0,40.34,
LC08_194024_20150924,2015-09-24,194.0,24.0,56.96,
LC08_194024_20151010,2015-10-10,194.0,24.0,18.34,
LC08_194024_20151026,2015-10-26,194.0,24.0,75.51,
LC08_194024_20151111,2015-11-11,194.0,24.0,86.39,
LC08_194024_20151127,2015-11-27,194.0,24.0,30.59,
LC08_194024_20160114,2016-01-14,194.0,24.0,38.38,
LC08_194024_20160318,2016-03-18,194.0,24.0,59.89,
LC08_194024_20160403,2016-04-03,194.0,24.0,76.31,
LC08_194024_20160505,2016-05-05,194.0,24.0,1.01,
LC08_194024_20160521,2016-05-21,194.0,24.0,54.03,
LC08_194024_20160606,2016-06-06,194.0,24.0,6.27,
LC08_194024_20160708,2016-07-08,194.0,24.0,91.62,
LC08_194024_20160724,2016-07-24,194.0,24.0,43.46,
LC08_194024_20160809,2016-08-09,194.0,24.0,53.43,
LC08_194024_20160825,2016-08-25,194.0,24.0,0.01,
LC08_194024_20160910,2016-09-10,194.0,24.0,3.12,
LC08_194024_20160926,2016-09-26,194.0,24.0,75.54,
LC08_194024_20161113,2016-11-13,194.0,24.0,38.38,
LC08_194024_20161129,2016-11-29,194.0,24.0,2.11,
LC08_194024_20170116,2017-01-16,194.0,24.0,47.69,
LC08_194024_20170217,2017-02-17,194.0,24.0,93.0,
LC08_194024_20170305,2017-03-05,194.0,24.0,79.77,
LC08_194024_20170406,2017-04-06,194.0,24.0,33.74,
LC08_194024_20170422,2017-04-22,194.0,24.0,76.35,
LC08_194024_20170524,2017-05-24,194.0,24.0,72.01,
LC08_194024_20170609,2017-06-09,194.0,24.0,61.16,
LC08_194024_20170711,2017-07-11,194.0,24.0,51.75,
LC08_194024_20170828,2017-08-28,194.0,24.0,11.38,
LC08_194024_20170913,2017-09-13,194.0,24.0,62.53,
LC08_194024_20170929,2017-09-29,194.0,24.0,40.01,
LC08_194024_20171015,2017-10-15,194.0,24.0,0.04,
LC08_194024_20171116,2017-11-16,194.0,24.0,100.0,
LC08_194025_20130401,2013-04-01,194.0,25.0,66.24,
LC08_194025_20130614,2013-06-14,194.0,25.0,64.78,
LC08_194025_20130630,2013-06-30,194.0,25.0,78.21,
LC08_194025_20130716,2013-07-16,194.0,25.0,16.98,
LC08_194025_20130801,2013-08-01,194.0,25.0,1.03,
LC08_194025_20130817,2013-08-17,194.0,25.0,48.98,
LC08_194025_20131223,2013-12-23,194.0,25.0,79.14,
LC08_194025_20140108,2014-01-08,194.0,25.0,37.5,
LC08_194025_20140209,2014-02-09,194.0,25.0,86.02,
LC08_194025_20140225,2014-02-25,194.0,25.0,13.21,
LC08_194025_20140313,2014-03-13,194.0,25.0,0.01,
LC08_194025_20140329,2014-03-29,194.0,25.0,3.14,
LC08_194025_20140414,2014-04-14,194.0,25.0,61.71,
LC08_194025_20140516,2014-05-16,194.0,25.0,46.21,
LC08_194025_20140601,2014-06-01,194.0,25.0,51.93,
LC08_194025_20140617,2014-06-17,194.0,25.0,91.05,
LC08_194025_20140703,2014-07-03,194.0,25.0,13.48,
LC08_194025_20140719,2014-07-19,194.0,25.0,2.07,
LC08_194025_20140804,2014-08-04,194.0,25.0,56.2,
LC08_194025_20140820,2014-08-20,194.0,25.0,42.06,
LC08_194025_20140905,2014-09-05,194.0,25.0,50.08,
LC08_194025_20141007,2014-10-07,194.0,25.0,93.12,
LC08_194025_20141023,2014-10-23,194.0,25.0,57.0,
LC08_194025_20141108,2014-11-08,194.0,25.0,62.31,
LC08_194025_20150111,2015-01-11,194.0,25.0,78.16,
LC08_194025_20150212,2015-02-12,194.0,25.0,84.12,
LC08_194025_20150228,2015-02-28,194.0,25.0,43.86,
LC08_194025_20150316,2015-03-16,194.0,25.0,65.11,
LC08_194025_20150417,2015-04-17,194.0,25.0,70.68,
LC08_194025_20150519,2015-05-19,194.0,25.0,56.67,
LC08_194025_20150604,2015-06-04,194.0,25.0,4.08,
LC08_194025_20150706,2015-07-06,194.0,25.0,13.9,
LC08_194025_20150722,2015-07-22,194.0,25.0,37.96,
LC08_194025_20150807,2015-08-07,194.0,25.0,12.63,
LC08_194025_20150823,2015-08-23,194.0,25.0,2.25,
LC08_194025_20150908,2015-09-08,194.0,25.0,78.9,
LC08_194025_20150924,2015-09-24,194.0,25.0,69.05,
LC08_194025_20151010,2015-10-10,194.0,25.0,78.12,
LC08_194025_20151026,2015-10-26,194.0,25.0,53.78,
LC08_194025_20151111,2015-11-11,194.0,25.0,79.54,
LC08_194025_20151127,2015-11-27,194.0,25.0,61.09,
LC08_194025_20151229,2015-12-29,194.0,25.0,63.45,
LC08_194025_20160114,2016-01-14,194.0,25.0,47.12,
LC08_194025_20160130,2016-01-30,194.0,25.0,97.3,
LC08_194025_20160318,2016-03-18,194.0,25.0,0.41,
LC08_194025_20160403,2016-04-03,194.0,25.0,52.68,
LC08_194025_20160419,2016-04-19,194.0,25.0,87.4,
LC08_194025_20160505,2016-05-05,194.0,25.0,7.61,
LC08_194025_20160521,2016-05-21,194.0,25.0,73.28,
LC08_194025_20160606,2016-06-06,194.0,25.0,16.51,
LC08_194025_20160622,2016-06-22,194.0,25.0,68.54,
LC08_194025_20160708,2016-07-08,194.0,25.0,53.83,
LC08_194025_20160724,2016-07-24,194.0,25.0,70.98,
LC08_194025_20160809,2016-08-09,194.0,25.0,88.54,
LC08_194025_20160825,2016-08-25,194.0,25.0,0.01,
LC08_194025_20160910,2016-09-10,194.0,25.0,12.63,
LC08_194025_20160926,2016-09-26,194.0,25.0,64.37,
LC08_194025_20161113,2016-11-13,194.0,25.0,24.27,
LC08_194025_20161129,2016-11-29,194.0,25.0,0.76,
LC08_194025_20161231,2016-12-31,194.0,25.0,26.7,
LC08_194025_20170116,2017-01-16,194.0,25.0,63.42,
LC08_194025_20170217,2017-02-17,194.0,25.0,80.14,
LC08_194025_20170305,2017-03-05,194.0,25.0,80.35,
LC08_194025_20170406,2017-04-06,194.0,25.0,77.64,
LC08_194025_20170524,2017-05-24,194.0,25.0,91.74,
LC08_194025_20170609,2017-06-09,194.0,25.0,89.87,
LC08_194025_20170625,2017-06-25,194.0,25.0,80.7,
LC08_194025_20170711,2017-07-11,194.0,25.0,75.88,
LC08_194025_20170828,2017-08-28,194.0,25.0,1.95,
LC08_194025_20170913,2017-09-13,194.0,25.0,87.5,
LC08_194025_20170929,2017-09-29,194.0,25.0,87.94,
LC08_194025_20171015,2017-10-15,194.0,25.0,2.73,
LC08_194025_20171031,2017-10-31,194.0,25.0,79.65,
LC08_194025_20171202,2017-12-02,194.0,25.0,49.73,
LC08_194025_20171218,2017-12-18,194.0,25.0,80.73,
LC08_194026_20130401,2013-04-01,194.0,26.0,57.76,
LC08_194026_20130614,2013-06-14,194.0,26.0,79.61,
LC08_194026_20130630,2013-06-30,194.0,26.0,60.11,
LC08_194026_20130716,2013-07-16,194.0,26.0,0.53,
LC08_194026_20130801,2013-08-01,194.0,26.0,0.01,
LC08_194026_20130817,2013-08-17,194.0,26.0,21.17,
LC08_194026_20131105,2013-11-05,194.0,26.0,27.9,
LC08_194026_20131223,2013-12-23,194.0,26.0,61.58,
LC08_194026_20140108,2014-01-08,194.0,26.0,44.97,
LC08_194026_20140209,2014-02-09,194.0,26.0,87.09,
LC08_194026_20140225,2014-02-25,194.0,26.0,30.01,
LC08_194026_20140313,2014-03-13,194.0,26.0,0.03,
LC08_194026_20140329,2014-03-29,194.0,26.0,0.03,
LC08_194026_20140414,2014-04-14,194.0,26.0,84.17,
LC08_194026_20140516,2014-05-16,194.0,26.0,54.74,
LC08_194026_20140601,2014-06-01,194.0,26.0,60.85,
LC08_194026_20140617,2014-06-17,194.0,26.0,85.34,
LC08_194026_20140703,2014-07-03,194.0,26.0,14.28,
LC08_194026_20140719,2014-07-19,194.0,26.0,1.66,
LC08_194026_20140804,2014-08-04,194.0,26.0,36.99,
LC08_194026_20140820,2014-08-20,194.0,26.0,65.27,
LC08_194026_20140905,2014-09-05,194.0,26.0,69.23,
LC08_194026_20140921,2014-09-21,194.0,26.0,79.05,
LC08_194026_20141007,2014-10-07,194.0,26.0,97.18,
LC08_194026_20141023,2014-10-23,194.0,26.0,85.02,
LC08_194026_20141108,2014-11-08,194.0,26.0,11.56,
LC08_194026_20141124,2014-11-24,194.0,26.0,73.55,
LC08_194026_20141226,2014-12-26,194.0,26.0,73.73,
LC08_194026_20150212,2015-02-12,194.0,26.0,68.4,
LC08_194026_20150228,2015-02-28,194.0,26.0,57.46,
LC08_194026_20150316,2015-03-16,194.0,26.0,33.94,
LC08_194026_20150401,2015-04-01,194.0,26.0,79.66,
LC08_194026_20150417,2015-04-17,194.0,26.0,70.62,
LC08_194026_20150519,2015-05-19,194.0,26.0,93.74,
LC08_194026_20150604,2015-06-04,194.0,26.0,0.61,
LC08_194026_20150706,2015-07-06,194.0,26.0,15.48,
LC08_194026_20150722,2015-07-22,194.0,26.0,15.91,
LC08_194026_20150807,2015-08-07,194.0,26.0,2.69,
LC08_194026_20150823,2015-08-23,194.0,26.0,17.04,
LC08_194026_20150908,2015-09-08,194.0,26.0,54.84,
LC08_194026_20150924,2015-09-24,194.0,26.0,71.57,
LC08_194026_20151026,2015-10-26,194.0,26.0,55.26,
LC08_194026_20151111,2015-11-11,194.0,26.0,12.96,
LC08_194026_20151127,2015-11-27,194.0,26.0,73.91,
LC08_194026_20151213,2015-12-13,194.0,26.0,71.53,
LC08_194026_20151229,2015-12-29,194.0,26.0,45.76,
LC08_194026_20160114,2016-01-14,194.0,26.0,8.72,
LC08_194026_20160130,2016-01-30,194.0,26.0,84.81,
LC08_194026_20160318,2016-03-18,194.0,26.0,0.25,
LC08_194026_20160403,2016-04-03,194.0,26.0,63.61,
LC08_194026_20160419,2016-04-19,194.0,26.0,55.05,
LC08_194026_20160505,2016-05-05,194.0,26.0,10.77,
LC08_194026_20160521,2016-05-21,194.0,26.0,17.97,
LC08_194026_20160606,2016-06-06,194.0,26.0,7.34,
LC08_194026_20160622,2016-06-22,194.0,26.0,43.43,
LC08_194026_20160708,2016-07-08,194.0,26.0,13.92,
LC08_194026_20160724,2016-07-24,194.0,26.0,54.75,
LC08_194026_20160809,2016-08-09,194.0,26.0,91.49,
LC08_194026_20160825,2016-08-25,194.0,26.0,0.02,
LC08_194026_20160910,2016-09-10,194.0,26.0,7.01,
LC08_194026_20160926,2016-09-26,194.0,26.0,57.9,
LC08_194026_20161012,2016-10-12,194.0,26.0,43.48,
LC08_194026_20161028,2016-10-28,194.0,26.0,75.25,
LC08_194026_20161113,2016-11-13,194.0,26.0,74.21,
LC08_194026_20161129,2016-11-29,194.0,26.0,0.56,
LC08_194026_20161215,2016-12-15,194.0,26.0,81.88,
LC08_194026_20161231,2016-12-31,194.0,26.0,39.31,
LC08_194026_20170116,2017-01-16,194.0,26.0,66.56,
LC08_194026_20170217,2017-02-17,194.0,26.0,72.2,
LC08_194026_20170305,2017-03-05,194.0,26.0,56.58,
LC08_194026_20170321,2017-03-21,194.0,26.0,99.95,
LC08_194026_20170524,2017-05-24,194.0,26.0,75.4,
LC08_194026_20170609,2017-06-09,194.0,26.0,90.94,
LC08_194026_20170625,2017-06-25,194.0,26.0,74.74,
LC08_194026_20170711,2017-07-11,194.0,26.0,83.76,
LC08_194026_20170828,2017-08-28,194.0,26.0,9.24,
LC08_194026_20170929,2017-09-29,194.0,26.0,95.31,
LC08_194026_20171015,2017-10-15,194.0,26.0,6.92,
LC08_194026_20171031,2017-10-31,194.0,26.0,41.36,
LC08_194026_20171218,2017-12-18,194.0,26.0,92.47,
LC08_194027_20130401,2013-04-01,194.0,27.0,23.47,
LC08_194027_20130411,2013-04-11,194.0,27.0,94.98,
LC08_194027_20130427,2013-04-27,194.0,27.0,93.49,
LC08_194027_20130614,2013-06-14,194.0,27.0,77.84,
LC08_194027_20130630,2013-06-30,194.0,27.0,67.39,
LC08_194027_20130716,2013-07-16,194.0,27.0,2.28,
LC08_194027_20130801,2013-08-01,194.0,27.0,1.32,
LC08_194027_20130817,2013-08-17,194.0,27.0,35.2,
LC08_194027_20131004,2013-10-04,194.0,27.0,73.31,
LC08_194027_20131020,2013-10-20,194.0,27.0,81.39,
LC08_194027_20131105,2013-11-05,194.0,27.0,44.57,
LC08_194027_20131121,2013-11-21,194.0,27.0,81.35,
LC08_194027_20131207,2013-12-07,194.0,27.0,48.63,
LC08_194027_20131223,2013-12-23,194.0,27.0,11.66,
LC08_194027_20140108,2014-01-08,194.0,27.0,56.7,
LC08_194027_20140209,2014-02-09,194.0,27.0,68.78,
LC08_194027_20140225,2014-02-25,194.0,27.0,35.43,
LC08_194027_20140313,2014-03-13,194.0,27.0,0.89,
LC08_194027_20140329,2014-03-29,194.0,27.0,3.56,
LC08_194027_20140414,2014-04-14,194.0,27.0,27.88,
LC08_194027_20140516,2014-05-16,194.0,27.0,80.54,
LC08_194027_20140601,2014-06-01,194.0,27.0,43.69,
LC08_194027_20140617,2014-06-17,194.0,27.0,63.7,
LC08_194027_20140703,2014-07-03,194.0,27.0,3.54,
LC08_194027_20140719,2014-07-19,194.0,27.0,3.13,
LC08_194027_20140804,2014-08-04,194.0,27.0,43.43,
LC08_194027_20140820,2014-08-20,194.0,27.0,95.16,
LC08_194027_20140905,2014-09-05,194.0,27.0,81.21,
LC08_194027_20140921,2014-09-21,194.0,27.0,73.98,
LC08_194027_20141007,2014-10-07,194.0,27.0,79.11,
LC08_194027_20141108,2014-11-08,194.0,27.0,15.37,
LC08_194027_20141124,2014-11-24,194.0,27.0,30.35,
LC08_194027_20141226,2014-12-26,194.0,27.0,79.18,
LC08_194027_20150212,2015-02-12,194.0,27.0,26.51,
LC08_194027_20150228,2015-02-28,194.0,27.0,52.72,
LC08_194027_20150316,2015-03-16,194.0,27.0,56.94,
LC08_194027_20150604,2015-06-04,194.0,27.0,12.19,
LC08_194027_20150706,2015-07-06,194.0,27.0,22.24,
LC08_194027_20150722,2015-07-22,194.0,27.0,16.62,
LC08_194027_20150807,2015-08-07,194.0,27.0,18.6,
LC08_194027_20150823,2015-08-23,194.0,27.0,48.33,
LC08_194027_20150908,2015-09-08,194.0,27.0,16.25,
LC08_194027_20150924,2015-09-24,194.0,27.0,73.87,
LC08_194027_20151010,2015-10-10,194.0,27.0,73.52,
LC08_194027_20151026,2015-10-26,194.0,27.0,48.16,
LC08_194027_20151111,2015-11-11,194.0,27.0,13.31,
LC08_194027_20151127,2015-11-27,194.0,27.0,26.88,
LC08_194027_20151213,2015-12-13,194.0,27.0,10.61,
LC08_194027_20151229,2015-12-29,194.0,27.0,17.64,
LC08_194027_20160114,2016-01-14,194.0,27.0,64.97,
LC08_194027_20160130,2016-01-30,194.0,27.0,30.58,
LC08_194027_20160318,2016-03-18,194.0,27.0,1.04,
LC08_194027_20160403,2016-04-03,194.0,27.0,38.74,
LC08_194027_20160419,2016-04-19,194.0,27.0,33.42,
LC08_194027_20160505,2016-05-05,194.0,27.0,2.86,
LC08_194027_20160521,2016-05-21,194.0,27.0,9.17,
LC08_194027_20160606,2016-06-06,194.0,27.0,34.6,
LC08_194027_20160622,2016-06-22,194.0,27.0,10.94,
LC08_194027_20160708,2016-07-08,194.0,27.0,25.07,
LC08_194027_20160724,2016-07-24,194.0,27.0,43.6,
LC08_194027_20160825,2016-08-25,194.0,27.0,0.52,
LC08_194027_20160910,2016-09-10,194.0,27.0,13.81,
LC08_194027_20160926,2016-09-26,194.0,27.0,25.1,
LC08_194027_20161012,2016-10-12,194.0,27.0,28.19,
LC08_194027_20161028,2016-10-28,194.0,27.0,28.42,
LC08_194027_20161129,2016-11-29,194.0,27.0,10.44,
LC08_194027_20161215,2016-12-15,194.0,27.0,39.87,
LC08_194027_20161231,2016-12-31,194.0,27.0,35.12,
LC08_194027_20170116,2017-01-16,194.0,27.0,32.35,
LC08_194027_20170305,2017-03-05,194.0,27.0,49.82,
LC08_194027_20170321,2017-03-21,194.0,27.0,63.84,
LC08_194027_20170406,2017-04-06,194.0,27.0,77.48,
LC08_194027_20170422,2017-04-22,194.0,27.0,38.99,
LC08_194027_20170524,2017-05-24,194.0,27.0,51.33,
LC08_194027_20170609,2017-06-09,194.0,27.0,96.94,
LC08_194027_20170711,2017-07-11,194.0,27.0,81.42,
LC08_194027_20170727,2017-07-27,194.0,27.0,99.92,
LC08_194027_20170812,2017-08-12,194.0,27.0,94.32,
LC08_194027_20170828,2017-08-28,194.0,27.0,37.99,
LC08_194027_20170929,2017-09-29,194.0,27.0,94.5,
LC08_194027_20171015,2017-10-15,194.0,27.0,9.73,
LC08_194027_20171031,2017-10-31,194.0,27.0,6.03,
LC08_194027_20171116,2017-11-16,194.0,27.0,62.39,
LC08_194027_20171202,2017-12-02,194.0,27.0,13.85,
LC08_195022_20130327,2013-03-27,195.0,22.0,35.71,
LC08_195022_20130418,2013-04-18,195.0,22.0,30.51,
LC08_195022_20130504,2013-05-04,195.0,22.0,4.0,
LC08_195022_20130605,2013-06-05,195.0,22.0,6.96,
LC08_195022_20130707,2013-07-07,195.0,22.0,2.49,
LC08_195022_20130723,2013-07-23,195.0,22.0,0.32,
LC08_195022_20130824,2013-08-24,195.0,22.0,8.09,
LC08_195022_20130925,2013-09-25,195.0,22.0,89.45,
LC08_195022_20131027,2013-10-27,195.0,22.0,37.03,
LC08_195022_20140216,2014-02-16,195.0,22.0,70.3,
LC08_195022_20140320,2014-03-20,195.0,22.0,0.09,
LC08_195022_20140421,2014-04-21,195.0,22.0,29.99,
LC08_195022_20140507,2014-05-07,195.0,22.0,64.81,
LC08_195022_20140523,2014-05-23,195.0,22.0,57.56,
LC08_195022_20140608,2014-06-08,195.0,22.0,64.49,
LC08_195022_20140624,2014-06-24,195.0,22.0,77.55,
LC08_195022_20140710,2014-07-10,195.0,22.0,1.27,
LC08_195022_20140726,2014-07-26,195.0,22.0,48.49,
LC08_195022_20140811,2014-08-11,195.0,22.0,43.29,
LC08_195022_20140827,2014-08-27,195.0,22.0,2.62,
LC08_195022_20140912,2014-09-12,195.0,22.0,27.98,
LC08_195022_20140928,2014-09-28,195.0,22.0,79.85,
LC08_195022_20141014,2014-10-14,195.0,22.0,96.97,
LC08_195022_20141030,2014-10-30,195.0,22.0,97.84,
LC08_195022_20150219,2015-02-19,195.0,22.0,22.26,
LC08_195022_20150307,2015-03-07,195.0,22.0,86.92,
LC08_195022_20150323,2015-03-23,195.0,22.0,31.04,
LC08_195022_20150408,2015-04-08,195.0,22.0,58.56,
LC08_195022_20150424,2015-04-24,195.0,22.0,63.57,
LC08_195022_20150510,2015-05-10,195.0,22.0,60.89,
LC08_195022_20150526,2015-05-26,195.0,22.0,54.24,
LC08_195022_20150611,2015-06-11,195.0,22.0,54.99,
LC08_195022_20150713,2015-07-13,195.0,22.0,58.27,
LC08_195022_20150729,2015-07-29,195.0,22.0,78.57,
LC08_195022_20150814,2015-08-14,195.0,22.0,7.0,
LC08_195022_20150830,2015-08-30,195.0,22.0,94.24,
LC08_195022_20150915,2015-09-15,195.0,22.0,60.02,
LC08_195022_20151001,2015-10-01,195.0,22.0,37.88,
LC08_195022_20151118,2015-11-18,195.0,22.0,52.62,
LC08_195022_20160222,2016-02-22,195.0,22.0,70.15,
LC08_195022_20160309,2016-03-09,195.0,22.0,0.59,
LC08_195022_20160410,2016-04-10,195.0,22.0,74.86,
LC08_195022_20160426,2016-04-26,195.0,22.0,88.36,
LC08_195022_20160512,2016-05-12,195.0,22.0,0.05,
LC08_195022_20160528,2016-05-28,195.0,22.0,20.93,
LC08_195022_20160629,2016-06-29,195.0,22.0,58.82,
LC08_195022_20160816,2016-08-16,195.0,22.0,58.1,
LC08_195022_20160901,2016-09-01,195.0,22.0,67.7,
LC08_195022_20160917,2016-09-17,195.0,22.0,49.58,
LC08_195022_20161003,2016-10-03,195.0,22.0,60.45,
LC08_195022_20161120,2016-11-20,195.0,22.0,92.54,
LC08_195022_20170123,2017-01-23,195.0,22.0,82.91,
LC08_195022_20170224,2017-02-24,195.0,22.0,10.75,
LC08_195022_20170312,2017-03-12,195.0,22.0,89.96,
LC08_195022_20170328,2017-03-28,195.0,22.0,16.53,
LC08_195022_20170413,2017-04-13,195.0,22.0,71.3,
LC08_195022_20170429,2017-04-29,195.0,22.0,79.15,
LC08_195022_20170515,2017-05-15,195.0,22.0,40.56,
LC08_195022_20170531,2017-05-31,195.0,22.0,39.69,
LC08_195022_20170616,2017-06-16,195.0,22.0,72.91,
LC08_195022_20170803,2017-08-03,195.0,22.0,84.38,
LC08_195022_20170819,2017-08-19,195.0,22.0,50.29,
LC08_195022_20170904,2017-09-04,195.0,22.0,17.3,
LC08_195022_20170920,2017-09-20,195.0,22.0,75.68,
LC08_195022_20171006,2017-10-06,195.0,22.0,30.72,
LC08_195022_20171022,2017-10-22,195.0,22.0,62.25,
LC08_195022_20171107,2017-11-07,195.0,22.0,8.37,
LC08_195022_20171123,2017-11-23,195.0,22.0,85.74,
LC08_195023_20130327,2013-03-27,195.0,23.0,41.85,
LC08_195023_20130418,2013-04-18,195.0,23.0,42.22,
LC08_195023_20130605,2013-06-05,195.0,23.0,20.49,
LC08_195023_20130621,2013-06-21,195.0,23.0,83.88,
LC08_195023_20130707,2013-07-07,195.0,23.0,0.74,
LC08_195023_20130723,2013-07-23,195.0,23.0,0.01,
LC08_195023_20130824,2013-08-24,195.0,23.0,6.61,
LC08_195023_20131027,2013-10-27,195.0,23.0,74.63,
LC08_195023_20140115,2014-01-15,195.0,23.0,90.01,
LC08_195023_20140216,2014-02-16,195.0,23.0,66.72,
LC08_195023_20140320,2014-03-20,195.0,23.0,0.35,
LC08_195023_20140421,2014-04-21,195.0,23.0,74.93,
LC08_195023_20140507,2014-05-07,195.0,23.0,76.48,
LC08_195023_20140608,2014-06-08,195.0,23.0,36.99,
LC08_195023_20140624,2014-06-24,195.0,23.0,81.26,
LC08_195023_20140710,2014-07-10,195.0,23.0,15.48,
LC08_195023_20140726,2014-07-26,195.0,23.0,58.17,
LC08_195023_20140811,2014-08-11,195.0,23.0,43.96,
LC08_195023_20140827,2014-08-27,195.0,23.0,13.29,
LC08_195023_20140912,2014-09-12,195.0,23.0,34.52,
LC08_195023_20140928,2014-09-28,195.0,23.0,37.48,
LC08_195023_20141014,2014-10-14,195.0,23.0,54.19,
LC08_195023_20141030,2014-10-30,195.0,23.0,100.0,
LC08_195023_20150118,2015-01-18,195.0,23.0,85.22,
LC08_195023_20150219,2015-02-19,195.0,23.0,34.07,
LC08_195023_20150307,2015-03-07,195.0,23.0,78.14,
LC08_195023_20150323,2015-03-23,195.0,23.0,66.75,
LC08_195023_20150408,2015-04-08,195.0,23.0,87.37,
LC08_195023_20150424,2015-04-24,195.0,23.0,6.73,
LC08_195023_20150510,2015-05-10,195.0,23.0,71.05,
LC08_195023_20150526,2015-05-26,195.0,23.0,83.61,
LC08_195023_20150611,2015-06-11,195.0,23.0,3.2,
LC08_195023_20150627,2015-06-27,195.0,23.0,86.23,
LC08_195023_20150713,2015-07-13,195.0,23.0,82.3,
LC08_195023_20150729,2015-07-29,195.0,23.0,68.44,
LC08_195023_20150814,2015-08-14,195.0,23.0,30.78,
LC08_195023_20150830,2015-08-30,195.0,23.0,87.18,
LC08_195023_20150915,2015-09-15,195.0,23.0,92.03,
LC08_195023_20151001,2015-10-01,195.0,23.0,0.43,
LC08_195023_20151102,2015-11-02,195.0,23.0,77.61,
LC08_195023_20151118,2015-11-18,195.0,23.0,60.35,
LC08_195023_20160121,2016-01-21,195.0,23.0,84.6,
LC08_195023_20160206,2016-02-06,195.0,23.0,93.16,
LC08_195023_20160309,2016-03-09,195.0,23.0,0.84,
LC08_195023_20160410,2016-04-10,195.0,23.0,38.95,
LC08_195023_20160426,2016-04-26,195.0,23.0,84.11,
LC08_195023_20160512,2016-05-12,195.0,23.0,4.44,
LC08_195023_20160528,2016-05-28,195.0,23.0,20.68,
LC08_195023_20160629,2016-06-29,195.0,23.0,62.11,
LC08_195023_20160816,2016-08-16,195.0,23.0,43.79,
LC08_195023_20160901,2016-09-01,195.0,23.0,37.91,
LC08_195023_20160917,2016-09-17,195.0,23.0,80.41,
LC08_195023_20161003,2016-10-03,195.0,23.0,73.31,
LC08_195023_20161104,2016-11-04,195.0,23.0,92.26,
LC08_195023_20170224,2017-02-24,195.0,23.0,48.13,
LC08_195023_20170312,2017-03-12,195.0,23.0,64.66,
LC08_195023_20170328,2017-03-28,195.0,23.0,0.07,
LC08_195023_20170413,2017-04-13,195.0,23.0,70.94,
LC08_195023_20170429,2017-04-29,195.0,23.0,77.67,
LC08_195023_20170515,2017-05-15,195.0,23.0,24.59,
LC08_195023_20170531,2017-05-31,195.0,23.0,29.48,
LC08_195023_20170616,2017-06-16,195.0,23.0,69.74,
LC08_195023_20170718,2017-07-18,195.0,23.0,53.88,
LC08_195023_20170803,2017-08-03,195.0,23.0,74.43,
LC08_195023_20170819,2017-08-19,195.0,23.0,72.16,
LC08_195023_20170904,2017-09-04,195.0,23.0,13.05,
LC08_195023_20171006,2017-10-06,195.0,23.0,80.0,
LC08_195023_20171022,2017-10-22,195.0,23.0,87.86,
LC08_195023_20171107,2017-11-07,195.0,23.0,82.59,
LC08_195023_20171123,2017-11-23,195.0,23.0,64.52,
LC08_195024_20130418,2013-04-18,195.0,24.0,33.55,
LC08_195024_20130605,2013-06-05,195.0,24.0,16.34,
LC08_195024_20130621,2013-06-21,195.0,24.0,75.96,
LC08_195024_20130707,2013-07-07,195.0,24.0,2.5,
LC08_195024_20130723,2013-07-23,195.0,24.0,6.96,
LC08_195024_20130824,2013-08-24,195.0,24.0,29.86,
LC08_195024_20130909,2013-09-09,195.0,24.0,83.99,
LC08_195024_20131027,2013-10-27,195.0,24.0,69.98,
LC08_195024_20131112,2013-11-12,195.0,24.0,71.24,
LC08_195024_20140115,2014-01-15,195.0,24.0,59.86,
LC08_195024_20140131,2014-01-31,195.0,24.0,36.31,
LC08_195024_20140216,2014-02-16,195.0,24.0,56.22,
LC08_195024_20140320,2014-03-20,195.0,24.0,0.57,
LC08_195024_20140405,2014-04-05,195.0,24.0,99.99,
LC08_195024_20140421,2014-04-21,195.0,24.0,62.5,
LC08_195024_20140507,2014-05-07,195.0,24.0,81.75,
LC08_195024_20140608,2014-06-08,195.0,24.0,24.41,
LC08_195024_20140624,2014-06-24,195.0,24.0,81.93,
LC08_195024_20140710,2014-07-10,195.0,24.0,58.91,
LC08_195024_20140726,2014-07-26,195.0,24.0,32.88,
LC08_195024_20140811,2014-08-11,195.0,24.0,34.31,
LC08_195024_20140827,2014-08-27,195.0,24.0,25.45,
LC08_195024_20140928,2014-09-28,195.0,24.0,40.79,
LC08_195024_20141014,2014-10-14,195.0,24.0,54.19,
LC08_195024_20141115,2014-11-15,195.0,24.0,85.31,
LC08_195024_20150118,2015-01-18,195.0,24.0,77.97,
LC08_195024_20150219,2015-02-19,195.0,24.0,62.57,
LC08_195024_20150307,2015-03-07,195.0,24.0,100.0,
LC08_195024_20150323,2015-03-23,195.0,24.0,40.71,
LC08_195024_20150408,2015-04-08,195.0,24.0,80.52,
LC08_195024_20150424,2015-04-24,195.0,24.0,7.64,
LC08_195024_20150510,2015-05-10,195.0,24.0,13.67,
LC08_195024_20150611,2015-06-11,195.0,24.0,60.43,
LC08_195024_20150627,2015-06-27,195.0,24.0,91.51,
LC08_195024_20150729,2015-07-29,195.0,24.0,68.1,
LC08_195024_20150814,2015-08-14,195.0,24.0,56.99,
LC08_195024_20150830,2015-08-30,195.0,24.0,33.59,
LC08_195024_20151001,2015-10-01,195.0,24.0,0.03,
LC08_195024_20151102,2015-11-02,195.0,24.0,9.29,
LC08_195024_20151118,2015-11-18,195.0,24.0,70.77,
LC08_195024_20160121,2016-01-21,195.0,24.0,20.97,
LC08_195024_20160206,2016-02-06,195.0,24.0,55.22,
LC08_195024_20160309,2016-03-09,195.0,24.0,13.25,
LC08_195024_20160410,2016-04-10,195.0,24.0,65.62,
LC08_195024_20160426,2016-04-26,195.0,24.0,76.99,
LC08_195024_20160512,2016-05-12,195.0,24.0,17.19,
LC08_195024_20160528,2016-05-28,195.0,24.0,31.11,
LC08_195024_20160629,2016-06-29,195.0,24.0,50.87,
LC08_195024_20160731,2016-07-31,195.0,24.0,84.08,
LC08_195024_20160816,2016-08-16,195.0,24.0,28.38,
LC08_195024_20160901,2016-09-01,195.0,24.0,24.2,
LC08_195024_20161104,2016-11-04,195.0,24.0,98.28,
LC08_195024_20161206,2016-12-06,195.0,24.0,51.45,
LC08_195024_20170224,2017-02-24,195.0,24.0,79.51,
LC08_195024_20170312,2017-03-12,195.0,24.0,45.7,
LC08_195024_20170328,2017-03-28,195.0,24.0,0.03,
LC08_195024_20170515,2017-05-15,195.0,24.0,21.8,
LC08_195024_20170531,2017-05-31,195.0,24.0,57.48,
LC08_195024_20170718,2017-07-18,195.0,24.0,11.45,
LC08_195024_20170819,2017-08-19,195.0,24.0,60.22,
LC08_195024_20170904,2017-09-04,195.0,24.0,10.42,
LC08_195024_20170920,2017-09-20,195.0,24.0,91.46,
LC08_195024_20171107,2017-11-07,195.0,24.0,85.42,
LC08_195024_20171123,2017-11-23,195.0,24.0,53.79,
LC08_195025_20130418,2013-04-18,195.0,25.0,28.63,
LC08_195025_20130605,2013-06-05,195.0,25.0,43.78,
LC08_195025_20130621,2013-06-21,195.0,25.0,70.58,
LC08_195025_20130707,2013-07-07,195.0,25.0,6.04,
LC08_195025_20130723,2013-07-23,195.0,25.0,53.41,
LC08_195025_20130824,2013-08-24,195.0,25.0,80.21,
LC08_195025_20130909,2013-09-09,195.0,25.0,58.34,
LC08_195025_20130925,2013-09-25,195.0,25.0,77.88,
LC08_195025_20131027,2013-10-27,195.0,25.0,79.48,
LC08_195025_20131112,2013-11-12,195.0,25.0,30.46,
LC08_195025_20131230,2013-12-30,195.0,25.0,59.17,
LC08_195025_20140115,2014-01-15,195.0,25.0,58.93,
LC08_195025_20140131,2014-01-31,195.0,25.0,36.09,
LC08_195025_20140320,2014-03-20,195.0,25.0,5.63,
LC08_195025_20140405,2014-04-05,195.0,25.0,100.0,
LC08_195025_20140421,2014-04-21,195.0,25.0,38.84,
LC08_195025_20140507,2014-05-07,195.0,25.0,82.36,
LC08_195025_20140608,2014-06-08,195.0,25.0,9.66,
LC08_195025_20140624,2014-06-24,195.0,25.0,46.72,
LC08_195025_20140710,2014-07-10,195.0,25.0,92.96,
LC08_195025_20140726,2014-07-26,195.0,25.0,67.48,
LC08_195025_20140811,2014-08-11,195.0,25.0,19.72,
LC08_195025_20140827,2014-08-27,195.0,25.0,39.99,
LC08_195025_20140928,2014-09-28,195.0,25.0,50.45,
LC08_195025_20141014,2014-10-14,195.0,25.0,75.84,
LC08_195025_20141115,2014-11-15,195.0,25.0,88.09,
LC08_195025_20150118,2015-01-18,195.0,25.0,71.01,
LC08_195025_20150219,2015-02-19,195.0,25.0,96.23,
LC08_195025_20150307,2015-03-07,195.0,25.0,96.13,
LC08_195025_20150323,2015-03-23,195.0,25.0,68.83,
LC08_195025_20150408,2015-04-08,195.0,25.0,34.9,
LC08_195025_20150424,2015-04-24,195.0,25.0,0.01,
LC08_195025_20150510,2015-05-10,195.0,25.0,40.73,
LC08_195025_20150611,2015-06-11,195.0,25.0,75.83,
LC08_195025_20150627,2015-06-27,195.0,25.0,87.62,
LC08_195025_20150729,2015-07-29,195.0,25.0,78.99,
LC08_195025_20150814,2015-08-14,195.0,25.0,73.52,
LC08_195025_20150830,2015-08-30,195.0,25.0,3.79,
LC08_195025_20150915,2015-09-15,195.0,25.0,99.95,
LC08_195025_20151001,2015-10-01,195.0,25.0,0.02,
LC08_195025_20151102,2015-11-02,195.0,25.0,19.74,
LC08_195025_20151118,2015-11-18,195.0,25.0,77.33,
LC08_195025_20151220,2015-12-20,195.0,25.0,88.7,
LC08_195025_20160121,2016-01-21,195.0,25.0,32.55,
LC08_195025_20160206,2016-02-06,195.0,25.0,71.38,
LC08_195025_20160309,2016-03-09,195.0,25.0,49.02,
LC08_195025_20160410,2016-04-10,195.0,25.0,41.83,
LC08_195025_20160426,2016-04-26,195.0,25.0,76.35,
LC08_195025_20160512,2016-05-12,195.0,25.0,87.54,
LC08_195025_20160528,2016-05-28,195.0,25.0,39.62,
LC08_195025_20160613,2016-06-13,195.0,25.0,86.21,
LC08_195025_20160629,2016-06-29,195.0,25.0,39.5,
LC08_195025_20160715,2016-07-15,195.0,25.0,78.96,
LC08_195025_20160731,2016-07-31,195.0,25.0,83.19,
LC08_195025_20160816,2016-08-16,195.0,25.0,3.82,
LC08_195025_20160901,2016-09-01,195.0,25.0,34.87,
LC08_195025_20160917,2016-09-17,195.0,25.0,91.33,
LC08_195025_20161104,2016-11-04,195.0,25.0,100.0,
LC08_195025_20161120,2016-11-20,195.0,25.0,87.96,
LC08_195025_20161206,2016-12-06,195.0,25.0,81.44,
LC08_195025_20161222,2016-12-22,195.0,25.0,94.65,
LC08_195025_20170123,2017-01-23,195.0,25.0,13.56,
LC08_195025_20170208,2017-02-08,195.0,25.0,79.38,
LC08_195025_20170224,2017-02-24,195.0,25.0,58.21,
LC08_195025_20170312,2017-03-12,195.0,25.0,3.31,
LC08_195025_20170328,2017-03-28,195.0,25.0,0.01,
LC08_195025_20170429,2017-04-29,195.0,25.0,65.73,
LC08_195025_20170515,2017-05-15,195.0,25.0,41.91,
LC08_195025_20170531,2017-05-31,195.0,25.0,51.5,
LC08_195025_20170616,2017-06-16,195.0,25.0,64.14,
LC08_195025_20170718,2017-07-18,195.0,25.0,14.09,
LC08_195025_20170819,2017-08-19,195.0,25.0,41.84,
LC08_195025_20170904,2017-09-04,195.0,25.0,17.58,
LC08_195025_20170920,2017-09-20,195.0,25.0,94.82,
LC08_195025_20171006,2017-10-06,195.0,25.0,88.26,
LC08_195025_20171123,2017-11-23,195.0,25.0,67.61,
LC08_195025_20171209,2017-12-09,195.0,25.0,79.26,
LC08_195026_20130418,2013-04-18,195.0,26.0,52.52,
LC08_195026_20130605,2013-06-05,195.0,26.0,19.87,
LC08_195026_20130621,2013-06-21,195.0,26.0,51.8,
LC08_195026_20130707,2013-07-07,195.0,26.0,25.25,
LC08_195026_20130723,2013-07-23,195.0,26.0,40.66,
LC08_195026_20130824,2013-08-24,195.0,26.0,87.7,
LC08_195026_20130909,2013-09-09,195.0,26.0,39.86,
LC08_195026_20130925,2013-09-25,195.0,26.0,38.27,
LC08_195026_20131027,2013-10-27,195.0,26.0,51.39,
LC08_195026_20131112,2013-11-12,195.0,26.0,40.12,
LC08_195026_20131230,2013-12-30,195.0,26.0,25.99,
LC08_195026_20140115,2014-01-15,195.0,26.0,43.01,
LC08_195026_20140131,2014-01-31,195.0,26.0,37.82,
LC08_195026_20140320,2014-03-20,195.0,26.0,0.52,
LC08_195026_20140421,2014-04-21,195.0,26.0,64.9,
LC08_195026_20140507,2014-05-07,195.0,26.0,77.3,
LC08_195026_20140523,2014-05-23,195.0,26.0,42.91,
LC08_195026_20140608,2014-06-08,195.0,26.0,0.5,
LC08_195026_20140624,2014-06-24,195.0,26.0,16.55,
LC08_195026_20140726,2014-07-26,195.0,26.0,98.38,
LC08_195026_20140811,2014-08-11,195.0,26.0,37.42,
LC08_195026_20140928,2014-09-28,195.0,26.0,46.64,
LC08_195026_20141014,2014-10-14,195.0,26.0,12.28,
LC08_195026_20141115,2014-11-15,195.0,26.0,78.9,
LC08_195026_20150118,2015-01-18,195.0,26.0,60.59,
LC08_195026_20150203,2015-02-03,195.0,26.0,70.73,
LC08_195026_20150307,2015-03-07,195.0,26.0,81.97,
LC08_195026_20150323,2015-03-23,195.0,26.0,85.0,
LC08_195026_20150408,2015-04-08,195.0,26.0,6.28,
LC08_195026_20150424,2015-04-24,195.0,26.0,0.01,
LC08_195026_20150510,2015-05-10,195.0,26.0,24.41,
LC08_195026_20150611,2015-06-11,195.0,26.0,39.06,
LC08_195026_20150627,2015-06-27,195.0,26.0,61.08,
LC08_195026_20150814,2015-08-14,195.0,26.0,74.11,
LC08_195026_20150830,2015-08-30,195.0,26.0,2.77,
LC08_195026_20150915,2015-09-15,195.0,26.0,96.95,
LC08_195026_20151001,2015-10-01,195.0,26.0,0.02,
LC08_195026_20151102,2015-11-02,195.0,26.0,62.4,
LC08_195026_20151118,2015-11-18,195.0,26.0,61.6,
LC08_195026_20151220,2015-12-20,195.0,26.0,52.32,
LC08_195026_20160105,2016-01-05,195.0,26.0,81.26,
LC08_195026_20160121,2016-01-21,195.0,26.0,42.46,
LC08_195026_20160206,2016-02-06,195.0,26.0,79.84,
LC08_195026_20160222,2016-02-22,195.0,26.0,56.15,
LC08_195026_20160309,2016-03-09,195.0,26.0,22.78,
LC08_195026_20160410,2016-04-10,195.0,26.0,33.81,
LC08_195026_20160528,2016-05-28,195.0,26.0,70.96,
LC08_195026_20160613,2016-06-13,195.0,26.0,95.24,
LC08_195026_20160629,2016-06-29,195.0,26.0,64.41,
LC08_195026_20160715,2016-07-15,195.0,26.0,68.23,
LC08_195026_20160816,2016-08-16,195.0,26.0,4.36,
LC08_195026_20160901,2016-09-01,195.0,26.0,29.26,
LC08_195026_20160917,2016-09-17,195.0,26.0,54.89,
LC08_195026_20161003,2016-10-03,195.0,26.0,73.88,
LC08_195026_20161019,2016-10-19,195.0,26.0,86.98,
LC08_195026_20161104,2016-11-04,195.0,26.0,74.91,
LC08_195026_20161120,2016-11-20,195.0,26.0,53.95,
LC08_195026_20161206,2016-12-06,195.0,26.0,54.13,
LC08_195026_20161222,2016-12-22,195.0,26.0,70.98,
LC08_195026_20170123,2017-01-23,195.0,26.0,26.97,
LC08_195026_20170208,2017-02-08,195.0,26.0,91.7,
LC08_195026_20170224,2017-02-24,195.0,26.0,80.45,
LC08_195026_20170312,2017-03-12,195.0,26.0,2.0,
LC08_195026_20170328,2017-03-28,195.0,26.0,0.15,
LC08_195026_20170413,2017-04-13,195.0,26.0,89.59,
LC08_195026_20170429,2017-04-29,195.0,26.0,56.94,
LC08_195026_20170515,2017-05-15,195.0,26.0,40.46,
LC08_195026_20170531,2017-05-31,195.0,26.0,21.68,
LC08_195026_20170616,2017-06-16,195.0,26.0,19.76,
LC08_195026_20170718,2017-07-18,195.0,26.0,9.57,
LC08_195026_20170803,2017-08-03,195.0,26.0,84.47,
LC08_195026_20170819,2017-08-19,195.0,26.0,42.8,
LC08_195026_20170904,2017-09-04,195.0,26.0,67.56,
LC08_195026_20170920,2017-09-20,195.0,26.0,82.83,
LC08_195026_20171022,2017-10-22,195.0,26.0,69.46,
LC08_195026_20171123,2017-11-23,195.0,26.0,80.69,
LC08_195026_20171209,2017-12-09,195.0,26.0,58.75,
LC08_195026_20171225,2017-12-25,195.0,26.0,71.22,
LC08_195027_20130418,2013-04-18,195.0,27.0,47.06,
LC08_195027_20130605,2013-06-05,195.0,27.0,7.51,
LC08_195027_20130621,2013-06-21,195.0,27.0,52.92,
LC08_195027_20130707,2013-07-07,195.0,27.0,32.87,
LC08_195027_20130723,2013-07-23,195.0,27.0,20.83,
LC08_195027_20130909,2013-09-09,195.0,27.0,46.07,
LC08_195027_20130925,2013-09-25,195.0,27.0,12.14,
LC08_195027_20131027,2013-10-27,195.0,27.0,67.07,
LC08_195027_20131112,2013-11-12,195.0,27.0,40.97,
LC08_195027_20131128,2013-11-28,195.0,27.0,75.78,
LC08_195027_20131230,2013-12-30,195.0,27.0,27.92,
LC08_195027_20140115,2014-01-15,195.0,27.0,47.37,
LC08_195027_20140131,2014-01-31,195.0,27.0,50.63,
LC08_195027_20140320,2014-03-20,195.0,27.0,2.0,
LC08_195027_20140507,2014-05-07,195.0,27.0,90.27,
LC08_195027_20140523,2014-05-23,195.0,27.0,12.22,
LC08_195027_20140608,2014-06-08,195.0,27.0,2.56,
LC08_195027_20140624,2014-06-24,195.0,27.0,63.55,
LC08_195027_20140811,2014-08-11,195.0,27.0,91.41,
LC08_195027_20140827,2014-08-27,195.0,27.0,82.1,
LC08_195027_20140912,2014-09-12,195.0,27.0,93.57,
LC08_195027_20140928,2014-09-28,195.0,27.0,34.46,
LC08_195027_20141014,2014-10-14,195.0,27.0,23.53,
LC08_195027_20141030,2014-10-30,195.0,27.0,70.15,
LC08_195027_20141115,2014-11-15,195.0,27.0,86.93,
LC08_195027_20150118,2015-01-18,195.0,27.0,39.35,
LC08_195027_20150203,2015-02-03,195.0,27.0,38.23,
LC08_195027_20150219,2015-02-19,195.0,27.0,44.72,
LC08_195027_20150307,2015-03-07,195.0,27.0,57.88,
LC08_195027_20150323,2015-03-23,195.0,27.0,26.33,
LC08_195027_20150408,2015-04-08,195.0,27.0,2.17,
LC08_195027_20150424,2015-04-24,195.0,27.0,1.7,
LC08_195027_20150510,2015-05-10,195.0,27.0,9.41,
LC08_195027_20150611,2015-06-11,195.0,27.0,14.83,
LC08_195027_20150627,2015-06-27,195.0,27.0,65.53,
LC08_195027_20150713,2015-07-13,195.0,27.0,71.62,
LC08_195027_20150814,2015-08-14,195.0,27.0,93.94,
LC08_195027_20150830,2015-08-30,195.0,27.0,1.3,
LC08_195027_20150915,2015-09-15,195.0,27.0,91.34,
LC08_195027_20151001,2015-10-01,195.0,27.0,11.79,
LC08_195027_20151102,2015-11-02,195.0,27.0,50.14,
LC08_195027_20151118,2015-11-18,195.0,27.0,22.37,
LC08_195027_20151220,2015-12-20,195.0,27.0,30.58,
LC08_195027_20160105,2016-01-05,195.0,27.0,63.54,
LC08_195027_20160121,2016-01-21,195.0,27.0,22.65,
LC08_195027_20160206,2016-02-06,195.0,27.0,70.72,
LC08_195027_20160222,2016-02-22,195.0,27.0,18.49,
LC08_195027_20160309,2016-03-09,195.0,27.0,29.64,
LC08_195027_20160410,2016-04-10,195.0,27.0,7.47,
LC08_195027_20160528,2016-05-28,195.0,27.0,88.56,
LC08_195027_20160629,2016-06-29,195.0,27.0,52.22,
LC08_195027_20160715,2016-07-15,195.0,27.0,78.26,
LC08_195027_20160731,2016-07-31,195.0,27.0,90.92,
LC08_195027_20160816,2016-08-16,195.0,27.0,9.49,
LC08_195027_20160901,2016-09-01,195.0,27.0,27.17,
LC08_195027_20160917,2016-09-17,195.0,27.0,79.04,
LC08_195027_20161003,2016-10-03,195.0,27.0,35.0,
LC08_195027_20161019,2016-10-19,195.0,27.0,86.67,
LC08_195027_20161104,2016-11-04,195.0,27.0,47.93,
LC08_195027_20161120,2016-11-20,195.0,27.0,37.56,
LC08_195027_20161206,2016-12-06,195.0,27.0,28.88,
LC08_195027_20161222,2016-12-22,195.0,27.0,47.88,
LC08_195027_20170107,2017-01-07,195.0,27.0,50.0,
LC08_195027_20170123,2017-01-23,195.0,27.0,40.93,
LC08_195027_20170312,2017-03-12,195.0,27.0,46.11,
LC08_195027_20170328,2017-03-28,195.0,27.0,3.62,
LC08_195027_20170413,2017-04-13,195.0,27.0,28.29,
LC08_195027_20170429,2017-04-29,195.0,27.0,13.04,
LC08_195027_20170515,2017-05-15,195.0,27.0,35.2,
LC08_195027_20170531,2017-05-31,195.0,27.0,39.37,
LC08_195027_20170616,2017-06-16,195.0,27.0,23.76,
LC08_195027_20170718,2017-07-18,195.0,27.0,15.66,
LC08_195027_20170803,2017-08-03,195.0,27.0,41.08,
LC08_195027_20170819,2017-08-19,195.0,27.0,51.29,
LC08_195027_20170904,2017-09-04,195.0,27.0,59.88,
LC08_195027_20170920,2017-09-20,195.0,27.0,43.97,
LC08_195027_20171006,2017-10-06,195.0,27.0,77.07,
LC08_195027_20171022,2017-10-22,195.0,27.0,69.95,
LC08_195027_20171123,2017-11-23,195.0,27.0,75.06,
LC08_195027_20171209,2017-12-09,195.0,27.0,64.91,
LC08_195027_20171225,2017-12-25,195.0,27.0,43.19,
LC08_196022_20130322,2013-03-22,196.0,22.0,48.09,
LC08_196022_20130511,2013-05-11,196.0,22.0,83.92,
LC08_196022_20130527,2013-05-27,196.0,22.0,70.99,
LC08_196022_20130612,2013-06-12,196.0,22.0,74.73,
LC08_196022_20130714,2013-07-14,196.0,22.0,99.52,
LC08_196022_20130730,2013-07-30,196.0,22.0,34.48,
LC08_196022_20130815,2013-08-15,196.0,22.0,11.45,
LC08_196022_20130831,2013-08-31,196.0,22.0,89.95,
LC08_196022_20130916,2013-09-16,196.0,22.0,64.13,
LC08_196022_20131002,2013-10-02,196.0,22.0,14.04,
LC08_196022_20131018,2013-10-18,196.0,22.0,6.47,
LC08_196022_20131103,2013-11-03,196.0,22.0,55.75,
LC08_196022_20140223,2014-02-23,196.0,22.0,12.07,
LC08_196022_20140311,2014-03-11,196.0,22.0,0.45,
LC08_196022_20140327,2014-03-27,196.0,22.0,42.61,
LC08_196022_20140412,2014-04-12,196.0,22.0,45.59,
LC08_196022_20140428,2014-04-28,196.0,22.0,8.81,
LC08_196022_20140514,2014-05-14,196.0,22.0,74.61,
LC08_196022_20140530,2014-05-30,196.0,22.0,1.97,
LC08_196022_20140615,2014-06-15,196.0,22.0,18.46,
LC08_196022_20140701,2014-07-01,196.0,22.0,58.98,
LC08_196022_20140717,2014-07-17,196.0,22.0,55.49,
LC08_196022_20140802,2014-08-02,196.0,22.0,56.03,
LC08_196022_20140818,2014-08-18,196.0,22.0,84.02,
LC08_196022_20140903,2014-09-03,196.0,22.0,10.72,
LC08_196022_20140919,2014-09-19,196.0,22.0,3.18,
LC08_196022_20141005,2014-10-05,196.0,22.0,83.52,
LC08_196022_20141106,2014-11-06,196.0,22.0,62.5,
LC08_196022_20150125,2015-01-25,196.0,22.0,57.65,
LC08_196022_20150210,2015-02-10,196.0,22.0,74.08,
LC08_196022_20150314,2015-03-14,196.0,22.0,89.19,
LC08_196022_20150330,2015-03-30,196.0,22.0,67.45,
LC08_196022_20150415,2015-04-15,196.0,22.0,0.3,
LC08_196022_20150501,2015-05-01,196.0,22.0,61.6,
LC08_196022_20150517,2015-05-17,196.0,22.0,40.56,
LC08_196022_20150704,2015-07-04,196.0,22.0,44.81,
LC08_196022_20150720,2015-07-20,196.0,22.0,92.55,
LC08_196022_20150805,2015-08-05,196.0,22.0,37.0,
LC08_196022_20150821,2015-08-21,196.0,22.0,0.81,
LC08_196022_20150906,2015-09-06,196.0,22.0,39.62,
LC08_196022_20151024,2015-10-24,196.0,22.0,100.0,
LC08_196022_20151125,2015-11-25,196.0,22.0,75.79,
LC08_196022_20160128,2016-01-28,196.0,22.0,22.42,
LC08_196022_20160213,2016-02-13,196.0,22.0,78.08,
LC08_196022_20160229,2016-02-29,196.0,22.0,79.72,
LC08_196022_20160316,2016-03-16,196.0,22.0,4.83,
LC08_196022_20160401,2016-04-01,196.0,22.0,0.6,
LC08_196022_20160417,2016-04-17,196.0,22.0,41.24,
LC08_196022_20160519,2016-05-19,196.0,22.0,17.11,
LC08_196022_20160604,2016-06-04,196.0,22.0,0.98,
LC08_196022_20160620,2016-06-20,196.0,22.0,82.73,
LC08_196022_20160706,2016-07-06,196.0,22.0,56.97,
LC08_196022_20160722,2016-07-22,196.0,22.0,53.85,
LC08_196022_20160807,2016-08-07,196.0,22.0,67.69,
LC08_196022_20160908,2016-09-08,196.0,22.0,0.41,
LC08_196022_20160924,2016-09-24,196.0,22.0,48.39,
LC08_196022_20161010,2016-10-10,196.0,22.0,77.92,
LC08_196022_20161026,2016-10-26,196.0,22.0,97.4,
LC08_196022_20161111,2016-11-11,196.0,22.0,19.79,
LC08_196022_20170215,2017-02-15,196.0,22.0,1.01,
LC08_196022_20170303,2017-03-03,196.0,22.0,94.87,
LC08_196022_20170404,2017-04-04,196.0,22.0,19.56,
LC08_196022_20170420,2017-04-20,196.0,22.0,81.0,
LC08_196022_20170522,2017-05-22,196.0,22.0,12.73,
LC08_196022_20170709,2017-07-09,196.0,22.0,16.06,
LC08_196022_20170810,2017-08-10,196.0,22.0,64.92,
LC08_196022_20170826,2017-08-26,196.0,22.0,74.94,
LC08_196022_20170911,2017-09-11,196.0,22.0,51.43,
LC08_196022_20170927,2017-09-27,196.0,22.0,67.66,
LC08_196022_20171013,2017-10-13,196.0,22.0,99.97,
LC08_196022_20171029,2017-10-29,196.0,22.0,25.89,
LC08_196023_20130527,2013-05-27,196.0,23.0,93.01,
LC08_196023_20130612,2013-06-12,196.0,23.0,88.94,
LC08_196023_20130730,2013-07-30,196.0,23.0,50.73,
LC08_196023_20130815,2013-08-15,196.0,23.0,57.36,
LC08_196023_20130916,2013-09-16,196.0,23.0,44.92,
LC08_196023_20131002,2013-10-02,196.0,23.0,0.18,
LC08_196023_20131018,2013-10-18,196.0,23.0,64.33,
LC08_196023_20131103,2013-11-03,196.0,23.0,51.21,
LC08_196023_20140207,2014-02-07,196.0,23.0,88.94,
LC08_196023_20140223,2014-02-23,196.0,23.0,3.41,
LC08_196023_20140311,2014-03-11,196.0,23.0,27.27,
LC08_196023_20140327,2014-03-27,196.0,23.0,21.93,
LC08_196023_20140412,2014-04-12,196.0,23.0,14.52,
LC08_196023_20140428,2014-04-28,196.0,23.0,61.33,
LC08_196023_20140514,2014-05-14,196.0,23.0,68.85,
LC08_196023_20140530,2014-05-30,196.0,23.0,9.46,
LC08_196023_20140615,2014-06-15,196.0,23.0,36.36,
LC08_196023_20140701,2014-07-01,196.0,23.0,79.69,
LC08_196023_20140717,2014-07-17,196.0,23.0,46.1,
LC08_196023_20140802,2014-08-02,196.0,23.0,34.22,
LC08_196023_20140818,2014-08-18,196.0,23.0,88.21,
LC08_196023_20140903,2014-09-03,196.0,23.0,28.61,
LC08_196023_20140919,2014-09-19,196.0,23.0,34.21,
LC08_196023_20141005,2014-10-05,196.0,23.0,63.54,
LC08_196023_20141106,2014-11-06,196.0,23.0,57.84,
LC08_196023_20141122,2014-11-22,196.0,23.0,82.1,
LC08_196023_20150226,2015-02-26,196.0,23.0,47.38,
LC08_196023_20150330,2015-03-30,196.0,23.0,73.86,
LC08_196023_20150415,2015-04-15,196.0,23.0,0.13,
LC08_196023_20150517,2015-05-17,196.0,23.0,65.94,
LC08_196023_20150618,2015-06-18,196.0,23.0,95.16,
LC08_196023_20150704,2015-07-04,196.0,23.0,32.15,
LC08_196023_20150720,2015-07-20,196.0,23.0,56.76,
LC08_196023_20150805,2015-08-05,196.0,23.0,14.55,
LC08_196023_20150821,2015-08-21,196.0,23.0,0.52,
LC08_196023_20150906,2015-09-06,196.0,23.0,66.96,
LC08_196023_20151024,2015-10-24,196.0,23.0,100.0,
LC08_196023_20160128,2016-01-28,196.0,23.0,13.8,
LC08_196023_20160213,2016-02-13,196.0,23.0,64.83,
LC08_196023_20160229,2016-02-29,196.0,23.0,29.9,
LC08_196023_20160316,2016-03-16,196.0,23.0,20.7,
LC08_196023_20160401,2016-04-01,196.0,23.0,0.97,
LC08_196023_20160417,2016-04-17,196.0,23.0,54.68,
LC08_196023_20160503,2016-05-03,196.0,23.0,82.0,
LC08_196023_20160519,2016-05-19,196.0,23.0,30.3,
LC08_196023_20160604,2016-06-04,196.0,23.0,9.29,
LC08_196023_20160620,2016-06-20,196.0,23.0,65.72,
LC08_196023_20160706,2016-07-06,196.0,23.0,66.93,
LC08_196023_20160722,2016-07-22,196.0,23.0,86.32,
LC08_196023_20160807,2016-08-07,196.0,23.0,49.89,
LC08_196023_20160823,2016-08-23,196.0,23.0,81.23,
LC08_196023_20160908,2016-09-08,196.0,23.0,0.68,
LC08_196023_20160924,2016-09-24,196.0,23.0,25.5,
LC08_196023_20161010,2016-10-10,196.0,23.0,81.86,
LC08_196023_20161026,2016-10-26,196.0,23.0,93.78,
LC08_196023_20161111,2016-11-11,196.0,23.0,31.48,
LC08_196023_20161127,2016-11-27,196.0,23.0,4.3,
LC08_196023_20170215,2017-02-15,196.0,23.0,1.24,
LC08_196023_20170303,2017-03-03,196.0,23.0,44.59,
LC08_196023_20170404,2017-04-04,196.0,23.0,23.4,
LC08_196023_20170420,2017-04-20,196.0,23.0,14.79,
LC08_196023_20170506,2017-05-06,196.0,23.0,78.96,
LC08_196023_20170522,2017-05-22,196.0,23.0,29.82,
LC08_196023_20170607,2017-06-07,196.0,23.0,97.9,
LC08_196023_20170623,2017-06-23,196.0,23.0,91.6,
LC08_196023_20170709,2017-07-09,196.0,23.0,28.8,
LC08_196023_20170810,2017-08-10,196.0,23.0,76.73,
LC08_196023_20170826,2017-08-26,196.0,23.0,52.59,
LC08_196023_20170911,2017-09-11,196.0,23.0,57.83,
LC08_196023_20171013,2017-10-13,196.0,23.0,85.29,
LC08_196023_20171029,2017-10-29,196.0,23.0,36.12,
LC08_196024_20130527,2013-05-27,196.0,24.0,52.37,
LC08_196024_20130612,2013-06-12,196.0,24.0,85.94,
LC08_196024_20130714,2013-07-14,196.0,24.0,65.8,
LC08_196024_20130730,2013-07-30,196.0,24.0,60.57,
LC08_196024_20130815,2013-08-15,196.0,24.0,85.46,
LC08_196024_20130916,2013-09-16,196.0,24.0,74.57,
LC08_196024_20131002,2013-10-02,196.0,24.0,10.63,
LC08_196024_20131018,2013-10-18,196.0,24.0,66.33,
LC08_196024_20131103,2013-11-03,196.0,24.0,65.1,
LC08_196024_20131205,2013-12-05,196.0,24.0,100.0,
LC08_196024_20140223,2014-02-23,196.0,24.0,24.94,
LC08_196024_20140311,2014-03-11,196.0,24.0,23.78,
LC08_196024_20140327,2014-03-27,196.0,24.0,17.4,
LC08_196024_20140412,2014-04-12,196.0,24.0,31.17,
LC08_196024_20140514,2014-05-14,196.0,24.0,87.53,
LC08_196024_20140530,2014-05-30,196.0,24.0,68.09,
LC08_196024_20140615,2014-06-15,196.0,24.0,45.82,
LC08_196024_20140701,2014-07-01,196.0,24.0,60.92,
LC08_196024_20140717,2014-07-17,196.0,24.0,51.36,
LC08_196024_20140802,2014-08-02,196.0,24.0,52.55,
LC08_196024_20140818,2014-08-18,196.0,24.0,69.37,
LC08_196024_20140903,2014-09-03,196.0,24.0,65.79,
LC08_196024_20140919,2014-09-19,196.0,24.0,63.87,
LC08_196024_20141005,2014-10-05,196.0,24.0,64.16,
LC08_196024_20141106,2014-11-06,196.0,24.0,60.22,
LC08_196024_20141122,2014-11-22,196.0,24.0,46.69,
LC08_196024_20141208,2014-12-08,196.0,24.0,32.58,
LC08_196024_20150226,2015-02-26,196.0,24.0,54.09,
LC08_196024_20150330,2015-03-30,196.0,24.0,71.65,
LC08_196024_20150415,2015-04-15,196.0,24.0,0.03,
LC08_196024_20150501,2015-05-01,196.0,24.0,96.3,
LC08_196024_20150517,2015-05-17,196.0,24.0,88.41,
LC08_196024_20150602,2015-06-02,196.0,24.0,90.15,
LC08_196024_20150618,2015-06-18,196.0,24.0,69.92,
LC08_196024_20150704,2015-07-04,196.0,24.0,9.61,
LC08_196024_20150720,2015-07-20,196.0,24.0,54.02,
LC08_196024_20150805,2015-08-05,196.0,24.0,5.45,
LC08_196024_20150821,2015-08-21,196.0,24.0,1.66,
LC08_196024_20151109,2015-11-09,196.0,24.0,96.51,
LC08_196024_20160128,2016-01-28,196.0,24.0,22.15,
LC08_196024_20160213,2016-02-13,196.0,24.0,21.61,
LC08_196024_20160229,2016-02-29,196.0,24.0,2.61,
LC08_196024_20160316,2016-03-16,196.0,24.0,79.51,
LC08_196024_20160401,2016-04-01,196.0,24.0,28.66,
LC08_196024_20160417,2016-04-17,196.0,24.0,72.78,
LC08_196024_20160503,2016-05-03,196.0,24.0,77.38,
LC08_196024_20160519,2016-05-19,196.0,24.0,83.19,
LC08_196024_20160604,2016-06-04,196.0,24.0,41.36,
LC08_196024_20160620,2016-06-20,196.0,24.0,53.25,
LC08_196024_20160706,2016-07-06,196.0,24.0,61.24,
LC08_196024_20160722,2016-07-22,196.0,24.0,67.89,
LC08_196024_20160807,2016-08-07,196.0,24.0,24.23,
LC08_196024_20160823,2016-08-23,196.0,24.0,21.68,
LC08_196024_20160908,2016-09-08,196.0,24.0,0.44,
LC08_196024_20160924,2016-09-24,196.0,24.0,3.31,
LC08_196024_20161010,2016-10-10,196.0,24.0,76.01,
LC08_196024_20161111,2016-11-11,196.0,24.0,83.28,
LC08_196024_20161127,2016-11-27,196.0,24.0,74.6,
LC08_196024_20170114,2017-01-14,196.0,24.0,72.03,
LC08_196024_20170215,2017-02-15,196.0,24.0,0.11,
LC08_196024_20170303,2017-03-03,196.0,24.0,99.91,
LC08_196024_20170404,2017-04-04,196.0,24.0,12.98,
LC08_196024_20170420,2017-04-20,196.0,24.0,2.61,
LC08_196024_20170506,2017-05-06,196.0,24.0,31.43,
LC08_196024_20170522,2017-05-22,196.0,24.0,29.1,
LC08_196024_20170607,2017-06-07,196.0,24.0,89.31,
LC08_196024_20170623,2017-06-23,196.0,24.0,91.43,
LC08_196024_20170709,2017-07-09,196.0,24.0,75.13,
LC08_196024_20170810,2017-08-10,196.0,24.0,93.27,
LC08_196024_20170826,2017-08-26,196.0,24.0,63.83,
LC08_196024_20170911,2017-09-11,196.0,24.0,63.22,
LC08_196024_20170927,2017-09-27,196.0,24.0,48.82,
LC08_196024_20171013,2017-10-13,196.0,24.0,84.67,
LC08_196024_20171029,2017-10-29,196.0,24.0,55.2,
LC08_196024_20171114,2017-11-14,196.0,24.0,83.78,
LC08_196025_20130425,2013-04-25,196.0,25.0,4.33,
LC08_196025_20130527,2013-05-27,196.0,25.0,55.31,
LC08_196025_20130612,2013-06-12,196.0,25.0,95.65,
LC08_196025_20130714,2013-07-14,196.0,25.0,3.83,
LC08_196025_20130730,2013-07-30,196.0,25.0,67.31,
LC08_196025_20130815,2013-08-15,196.0,25.0,71.46,
LC08_196025_20130916,2013-09-16,196.0,25.0,71.35,
LC08_196025_20131002,2013-10-02,196.0,25.0,32.81,
LC08_196025_20131018,2013-10-18,196.0,25.0,45.4,
LC08_196025_20131103,2013-11-03,196.0,25.0,66.22,
LC08_196025_20131119,2013-11-19,196.0,25.0,97.87,
LC08_196025_20131205,2013-12-05,196.0,25.0,100.0,
LC08_196025_20131221,2013-12-21,196.0,25.0,99.99,
LC08_196025_20140122,2014-01-22,196.0,25.0,83.25,
LC08_196025_20140223,2014-02-23,196.0,25.0,61.28,
LC08_196025_20140311,2014-03-11,196.0,25.0,4.86,
LC08_196025_20140327,2014-03-27,196.0,25.0,0.98,
LC08_196025_20140412,2014-04-12,196.0,25.0,17.32,
LC08_196025_20140514,2014-05-14,196.0,25.0,44.9,
LC08_196025_20140615,2014-06-15,196.0,25.0,50.34,
LC08_196025_20140701,2014-07-01,196.0,25.0,39.17,
LC08_196025_20140717,2014-07-17,196.0,25.0,44.45,
LC08_196025_20140802,2014-08-02,196.0,25.0,81.61,
LC08_196025_20140818,2014-08-18,196.0,25.0,69.42,
LC08_196025_20140903,2014-09-03,196.0,25.0,61.42,
LC08_196025_20140919,2014-09-19,196.0,25.0,82.27,
LC08_196025_20141005,2014-10-05,196.0,25.0,94.2,
LC08_196025_20141106,2014-11-06,196.0,25.0,68.09,
LC08_196025_20141122,2014-11-22,196.0,25.0,65.88,
LC08_196025_20141208,2014-12-08,196.0,25.0,58.04,
LC08_196025_20150226,2015-02-26,196.0,25.0,89.35,
LC08_196025_20150314,2015-03-14,196.0,25.0,91.47,
LC08_196025_20150330,2015-03-30,196.0,25.0,74.22,
LC08_196025_20150415,2015-04-15,196.0,25.0,0.01,
LC08_196025_20150501,2015-05-01,196.0,25.0,99.97,
LC08_196025_20150517,2015-05-17,196.0,25.0,67.64,
LC08_196025_20150602,2015-06-02,196.0,25.0,84.47,
LC08_196025_20150618,2015-06-18,196.0,25.0,84.6,
LC08_196025_20150704,2015-07-04,196.0,25.0,5.02,
LC08_196025_20150805,2015-08-05,196.0,25.0,9.11,
LC08_196025_20150821,2015-08-21,196.0,25.0,2.86,
LC08_196025_20150906,2015-09-06,196.0,25.0,83.7,
LC08_196025_20151008,2015-10-08,196.0,25.0,86.98,
LC08_196025_20151024,2015-10-24,196.0,25.0,90.99,
LC08_196025_20151109,2015-11-09,196.0,25.0,89.59,
LC08_196025_20151227,2015-12-27,196.0,25.0,86.08,
LC08_196025_20160112,2016-01-12,196.0,25.0,74.02,
LC08_196025_20160128,2016-01-28,196.0,25.0,65.89,
LC08_196025_20160213,2016-02-13,196.0,25.0,89.55,
LC08_196025_20160229,2016-02-29,196.0,25.0,33.68,
LC08_196025_20160401,2016-04-01,196.0,25.0,84.38,
LC08_196025_20160417,2016-04-17,196.0,25.0,78.72,
LC08_196025_20160503,2016-05-03,196.0,25.0,86.82,
LC08_196025_20160519,2016-05-19,196.0,25.0,85.16,
LC08_196025_20160620,2016-06-20,196.0,25.0,35.36,
LC08_196025_20160706,2016-07-06,196.0,25.0,82.47,
LC08_196025_20160722,2016-07-22,196.0,25.0,41.43,
LC08_196025_20160807,2016-08-07,196.0,25.0,3.45,
LC08_196025_20160823,2016-08-23,196.0,25.0,0.93,
LC08_196025_20160908,2016-09-08,196.0,25.0,0.11,
LC08_196025_20160924,2016-09-24,196.0,25.0,1.11,
LC08_196025_20161010,2016-10-10,196.0,25.0,84.0,
LC08_196025_20161026,2016-10-26,196.0,25.0,80.99,
LC08_196025_20161229,2016-12-29,196.0,25.0,3.42,
LC08_196025_20170215,2017-02-15,196.0,25.0,0.2,
LC08_196025_20170303,2017-03-03,196.0,25.0,100.0,
LC08_196025_20170404,2017-04-04,196.0,25.0,14.83,
LC08_196025_20170420,2017-04-20,196.0,25.0,4.64,
LC08_196025_20170506,2017-05-06,196.0,25.0,37.62,
LC08_196025_20170522,2017-05-22,196.0,25.0,23.69,
LC08_196025_20170607,2017-06-07,196.0,25.0,67.68,
LC08_196025_20170623,2017-06-23,196.0,25.0,72.3,
LC08_196025_20170709,2017-07-09,196.0,25.0,39.43,
LC08_196025_20170826,2017-08-26,196.0,25.0,34.7,
LC08_196025_20170911,2017-09-11,196.0,25.0,58.66,
LC08_196025_20170927,2017-09-27,196.0,25.0,9.31,
LC08_196025_20171013,2017-10-13,196.0,25.0,89.71,
LC08_196025_20171029,2017-10-29,196.0,25.0,51.02,
LC08_196025_20171114,2017-11-14,196.0,25.0,52.92,
LC08_196026_20130425,2013-04-25,196.0,26.0,0.54,
LC08_196026_20130527,2013-05-27,196.0,26.0,39.59,
LC08_196026_20130612,2013-06-12,196.0,26.0,92.47,
LC08_196026_20130628,2013-06-28,196.0,26.0,71.38,
LC08_196026_20130714,2013-07-14,196.0,26.0,2.82,
LC08_196026_20130730,2013-07-30,196.0,26.0,57.48,
LC08_196026_20130815,2013-08-15,196.0,26.0,16.56,
LC08_196026_20130831,2013-08-31,196.0,26.0,78.18,
LC08_196026_20131002,2013-10-02,196.0,26.0,18.72,
LC08_196026_20131018,2013-10-18,196.0,26.0,46.44,
LC08_196026_20131103,2013-11-03,196.0,26.0,74.44,
LC08_196026_20131205,2013-12-05,196.0,26.0,86.34,
LC08_196026_20131221,2013-12-21,196.0,26.0,96.44,
LC08_196026_20140106,2014-01-06,196.0,26.0,88.02,
LC08_196026_20140122,2014-01-22,196.0,26.0,91.52,
LC08_196026_20140223,2014-02-23,196.0,26.0,76.3,
LC08_196026_20140311,2014-03-11,196.0,26.0,14.5,
LC08_196026_20140327,2014-03-27,196.0,26.0,6.94,
LC08_196026_20140412,2014-04-12,196.0,26.0,5.83,
LC08_196026_20140514,2014-05-14,196.0,26.0,38.21,
LC08_196026_20140615,2014-06-15,196.0,26.0,36.07,
LC08_196026_20140701,2014-07-01,196.0,26.0,15.75,
LC08_196026_20140717,2014-07-17,196.0,26.0,16.79,
LC08_196026_20140802,2014-08-02,196.0,26.0,94.03,
LC08_196026_20140903,2014-09-03,196.0,26.0,67.77,
LC08_196026_20140919,2014-09-19,196.0,26.0,63.74,
LC08_196026_20141005,2014-10-05,196.0,26.0,100.0,
LC08_196026_20141021,2014-10-21,196.0,26.0,86.94,
LC08_196026_20141106,2014-11-06,196.0,26.0,70.58,
LC08_196026_20141122,2014-11-22,196.0,26.0,61.46,
LC08_196026_20141208,2014-12-08,196.0,26.0,66.25,
LC08_196026_20150210,2015-02-10,196.0,26.0,88.81,
LC08_196026_20150226,2015-02-26,196.0,26.0,68.02,
LC08_196026_20150314,2015-03-14,196.0,26.0,32.08,
LC08_196026_20150330,2015-03-30,196.0,26.0,83.61,
LC08_196026_20150415,2015-04-15,196.0,26.0,0.03,
LC08_196026_20150517,2015-05-17,196.0,26.0,52.77,
LC08_196026_20150602,2015-06-02,196.0,26.0,53.87,
LC08_196026_20150704,2015-07-04,196.0,26.0,4.04,
LC08_196026_20150720,2015-07-20,196.0,26.0,81.54,
LC08_196026_20150805,2015-08-05,196.0,26.0,10.77,
LC08_196026_20150821,2015-08-21,196.0,26.0,1.96,
LC08_196026_20150906,2015-09-06,196.0,26.0,81.91,
LC08_196026_20151024,2015-10-24,196.0,26.0,58.94,
LC08_196026_20151109,2015-11-09,196.0,26.0,79.67,
LC08_196026_20151211,2015-12-11,196.0,26.0,96.58,
LC08_196026_20151227,2015-12-27,196.0,26.0,51.29,
LC08_196026_20160128,2016-01-28,196.0,26.0,100.0,
LC08_196026_20160229,2016-02-29,196.0,26.0,80.16,
LC08_196026_20160503,2016-05-03,196.0,26.0,83.47,
LC08_196026_20160620,2016-06-20,196.0,26.0,65.4,
LC08_196026_20160706,2016-07-06,196.0,26.0,76.46,
LC08_196026_20160722,2016-07-22,196.0,26.0,73.58,
LC08_196026_20160807,2016-08-07,196.0,26.0,1.55,
LC08_196026_20160823,2016-08-23,196.0,26.0,0.02,
LC08_196026_20160908,2016-09-08,196.0,26.0,0.03,
LC08_196026_20160924,2016-09-24,196.0,26.0,0.06,
LC08_196026_20161010,2016-10-10,196.0,26.0,79.61,
LC08_196026_20161026,2016-10-26,196.0,26.0,63.65,
LC08_196026_20161127,2016-11-27,196.0,26.0,86.88,
LC08_196026_20161213,2016-12-13,196.0,26.0,90.07,
LC08_196026_20161229,2016-12-29,196.0,26.0,19.92,
LC08_196026_20170215,2017-02-15,196.0,26.0,0.16,
LC08_196026_20170303,2017-03-03,196.0,26.0,100.0,
LC08_196026_20170404,2017-04-04,196.0,26.0,16.99,
LC08_196026_20170420,2017-04-20,196.0,26.0,9.59,
LC08_196026_20170522,2017-05-22,196.0,26.0,9.32,
LC08_196026_20170607,2017-06-07,196.0,26.0,66.31,
LC08_196026_20170623,2017-06-23,196.0,26.0,29.37,
LC08_196026_20170709,2017-07-09,196.0,26.0,67.92,
LC08_196026_20170725,2017-07-25,196.0,26.0,90.7,
LC08_196026_20170826,2017-08-26,196.0,26.0,15.88,
LC08_196026_20170911,2017-09-11,196.0,26.0,80.18,
LC08_196026_20170927,2017-09-27,196.0,26.0,22.58,
LC08_196026_20171013,2017-10-13,196.0,26.0,36.51,
LC08_196026_20171114,2017-11-14,196.0,26.0,63.23,
LC08_196027_20130425,2013-04-25,196.0,27.0,1.43,
LC08_196027_20130527,2013-05-27,196.0,27.0,24.28,
LC08_196027_20130612,2013-06-12,196.0,27.0,67.75,
LC08_196027_20130628,2013-06-28,196.0,27.0,73.21,
LC08_196027_20130714,2013-07-14,196.0,27.0,0.61,
LC08_196027_20130730,2013-07-30,196.0,27.0,58.42,
LC08_196027_20130815,2013-08-15,196.0,27.0,0.14,
LC08_196027_20130831,2013-08-31,196.0,27.0,23.5,
LC08_196027_20131002,2013-10-02,196.0,27.0,39.02,
LC08_196027_20131018,2013-10-18,196.0,27.0,33.81,
LC08_196027_20131103,2013-11-03,196.0,27.0,73.7,
LC08_196027_20131205,2013-12-05,196.0,27.0,70.64,
LC08_196027_20131221,2013-12-21,196.0,27.0,81.05,
LC08_196027_20140106,2014-01-06,196.0,27.0,61.86,
LC08_196027_20140122,2014-01-22,196.0,27.0,69.82,
LC08_196027_20140223,2014-02-23,196.0,27.0,56.37,
LC08_196027_20140311,2014-03-11,196.0,27.0,59.07,
LC08_196027_20140327,2014-03-27,196.0,27.0,19.8,
LC08_196027_20140412,2014-04-12,196.0,27.0,16.78,
LC08_196027_20140514,2014-05-14,196.0,27.0,62.94,
LC08_196027_20140530,2014-05-30,196.0,27.0,60.11,
LC08_196027_20140615,2014-06-15,196.0,27.0,22.09,
LC08_196027_20140701,2014-07-01,196.0,27.0,7.23,
LC08_196027_20140717,2014-07-17,196.0,27.0,0.3,
LC08_196027_20140802,2014-08-02,196.0,27.0,84.16,
LC08_196027_20140818,2014-08-18,196.0,27.0,66.68,
LC08_196027_20140903,2014-09-03,196.0,27.0,70.42,
LC08_196027_20140919,2014-09-19,196.0,27.0,97.59,
LC08_196027_20141005,2014-10-05,196.0,27.0,79.51,
LC08_196027_20141021,2014-10-21,196.0,27.0,71.83,
LC08_196027_20141106,2014-11-06,196.0,27.0,72.46,
LC08_196027_20141122,2014-11-22,196.0,27.0,67.27,
LC08_196027_20141224,2014-12-24,196.0,27.0,74.39,
LC08_196027_20150210,2015-02-10,196.0,27.0,10.13,
LC08_196027_20150226,2015-02-26,196.0,27.0,54.77,
LC08_196027_20150314,2015-03-14,196.0,27.0,19.32,
LC08_196027_20150330,2015-03-30,196.0,27.0,87.05,
LC08_196027_20150415,2015-04-15,196.0,27.0,2.3,
LC08_196027_20150517,2015-05-17,196.0,27.0,50.28,
LC08_196027_20150602,2015-06-02,196.0,27.0,20.24,
LC08_196027_20150704,2015-07-04,196.0,27.0,0.65,
LC08_196027_20150720,2015-07-20,196.0,27.0,29.68,
LC08_196027_20150805,2015-08-05,196.0,27.0,1.03,
LC08_196027_20150821,2015-08-21,196.0,27.0,2.13,
LC08_196027_20150906,2015-09-06,196.0,27.0,59.92,
LC08_196027_20151008,2015-10-08,196.0,27.0,85.39,
LC08_196027_20151024,2015-10-24,196.0,27.0,79.64,
LC08_196027_20151109,2015-11-09,196.0,27.0,77.68,
LC08_196027_20151211,2015-12-11,196.0,27.0,87.92,
LC08_196027_20151227,2015-12-27,196.0,27.0,31.42,
LC08_196027_20160128,2016-01-28,196.0,27.0,94.71,
LC08_196027_20160519,2016-05-19,196.0,27.0,82.63,
LC08_196027_20160620,2016-06-20,196.0,27.0,55.35,
LC08_196027_20160706,2016-07-06,196.0,27.0,31.22,
LC08_196027_20160807,2016-08-07,196.0,27.0,1.33,
LC08_196027_20160823,2016-08-23,196.0,27.0,0.01,
LC08_196027_20160908,2016-09-08,196.0,27.0,0.35,
LC08_196027_20160924,2016-09-24,196.0,27.0,0.24,
LC08_196027_20161010,2016-10-10,196.0,27.0,69.75,
LC08_196027_20161127,2016-11-27,196.0,27.0,76.32,
LC08_196027_20161213,2016-12-13,196.0,27.0,79.78,
LC08_196027_20161229,2016-12-29,196.0,27.0,35.81,
LC08_196027_20170215,2017-02-15,196.0,27.0,6.94,
LC08_196027_20170303,2017-03-03,196.0,27.0,81.09,
LC08_196027_20170404,2017-04-04,196.0,27.0,29.88,
LC08_196027_20170420,2017-04-20,196.0,27.0,7.36,
LC08_196027_20170522,2017-05-22,196.0,27.0,0.91,
LC08_196027_20170607,2017-06-07,196.0,27.0,63.45,
LC08_196027_20170623,2017-06-23,196.0,27.0,25.94,
LC08_196027_20170725,2017-07-25,196.0,27.0,84.79,
LC08_196027_20170810,2017-08-10,196.0,27.0,85.98,
LC08_196027_20170826,2017-08-26,196.0,27.0,2.08,
LC08_196027_20170911,2017-09-11,196.0,27.0,85.09,
LC08_196027_20170927,2017-09-27,196.0,27.0,47.08,
LC08_196027_20171013,2017-10-13,196.0,27.0,1.05,
LC08_196027_20171114,2017-11-14,196.0,27.0,38.15,
LC08_197021_20130705,2013-07-05,197.0,21.0,12.71,
LC08_197021_20130721,2013-07-21,197.0,21.0,37.59,
LC08_197021_20130806,2013-08-06,197.0,21.0,69.91,
LC08_197021_20130822,2013-08-22,197.0,21.0,53.5,
LC08_197021_20130907,2013-09-07,197.0,21.0,65.29,
LC08_197021_20130923,2013-09-23,197.0,21.0,88.0,
LC08_197021_20131025,2013-10-25,197.0,21.0,88.38,
LC08_197021_20131110,2013-11-10,197.0,21.0,69.64,
LC08_197021_20140214,2014-02-14,197.0,21.0,67.29,
LC08_197021_20140403,2014-04-03,197.0,21.0,10.5,
LC08_197021_20140419,2014-04-19,197.0,21.0,4.27,
LC08_197021_20140521,2014-05-21,197.0,21.0,69.37,
LC08_197021_20140606,2014-06-06,197.0,21.0,68.6,
LC08_197021_20140622,2014-06-22,197.0,21.0,25.11,
LC08_197021_20140708,2014-07-08,197.0,21.0,99.83,
LC08_197021_20140724,2014-07-24,197.0,21.0,22.44,
LC08_197021_20140825,2014-08-25,197.0,21.0,44.44,
LC08_197021_20140910,2014-09-10,197.0,21.0,41.82,
LC08_197021_20141012,2014-10-12,197.0,21.0,29.64,
LC08_197021_20141028,2014-10-28,197.0,21.0,13.17,
LC08_197021_20150201,2015-02-01,197.0,21.0,73.7,
LC08_197021_20150305,2015-03-05,197.0,21.0,77.92,
LC08_197021_20150406,2015-04-06,197.0,21.0,1.49,
LC08_197021_20150422,2015-04-22,197.0,21.0,0.34,
LC08_197021_20150508,2015-05-08,197.0,21.0,35.47,
LC08_197021_20150524,2015-05-24,197.0,21.0,49.22,
LC08_197021_20150609,2015-06-09,197.0,21.0,18.35,
LC08_197021_20150711,2015-07-11,197.0,21.0,98.38,
LC08_197021_20150812,2015-08-12,197.0,21.0,17.82,
LC08_197021_20150828,2015-08-28,197.0,21.0,30.62,
LC08_197021_20150929,2015-09-29,197.0,21.0,20.77,
LC08_197021_20151015,2015-10-15,197.0,21.0,81.68,
LC08_197021_20151031,2015-10-31,197.0,21.0,100.0,
LC08_197021_20151116,2015-11-16,197.0,21.0,61.89,
LC08_197021_20160204,2016-02-04,197.0,21.0,16.62,
LC08_197021_20160220,2016-02-20,197.0,21.0,61.06,
LC08_197021_20160323,2016-03-23,197.0,21.0,5.86,
LC08_197021_20160408,2016-04-08,197.0,21.0,41.85,
LC08_197021_20160424,2016-04-24,197.0,21.0,45.15,
LC08_197021_20160510,2016-05-10,197.0,21.0,1.62,
LC08_197021_20160526,2016-05-26,197.0,21.0,67.42,
LC08_197021_20160611,2016-06-11,197.0,21.0,33.44,
LC08_197021_20160713,2016-07-13,197.0,21.0,52.41,
LC08_197021_20160814,2016-08-14,197.0,21.0,70.82,
LC08_197021_20160830,2016-08-30,197.0,21.0,33.51,
LC08_197021_20160915,2016-09-15,197.0,21.0,1.73,
LC08_197021_20161001,2016-10-01,197.0,21.0,79.0,
LC08_197021_20161102,2016-11-02,197.0,21.0,32.76,
LC08_197021_20170222,2017-02-22,197.0,21.0,27.43,
LC08_197021_20170310,2017-03-10,197.0,21.0,31.93,
LC08_197021_20170326,2017-03-26,197.0,21.0,73.24,
LC08_197021_20170411,2017-04-11,197.0,21.0,34.91,
LC08_197021_20170427,2017-04-27,197.0,21.0,91.51,
LC08_197021_20170513,2017-05-13,197.0,21.0,73.72,
LC08_197021_20170614,2017-06-14,197.0,21.0,59.98,
LC08_197021_20170630,2017-06-30,197.0,21.0,99.38,
LC08_197021_20170801,2017-08-01,197.0,21.0,69.79,
LC08_197021_20170817,2017-08-17,197.0,21.0,100.0,
LC08_197021_20170902,2017-09-02,197.0,21.0,39.33,
LC08_197021_20170918,2017-09-18,197.0,21.0,21.14,
LC08_197022_20130404,2013-04-04,197.0,22.0,78.19,
LC08_197022_20130409,2013-04-09,197.0,22.0,30.9,
LC08_197022_20130416,2013-04-16,197.0,22.0,72.55,
LC08_197022_20130502,2013-05-02,197.0,22.0,11.37,
LC08_197022_20130603,2013-06-03,197.0,22.0,11.15,
LC08_197022_20130619,2013-06-19,197.0,22.0,99.99,
LC08_197022_20130705,2013-07-05,197.0,22.0,17.75,
LC08_197022_20130721,2013-07-21,197.0,22.0,20.67,
LC08_197022_20130822,2013-08-22,197.0,22.0,51.39,
LC08_197022_20130907,2013-09-07,197.0,22.0,83.06,
LC08_197022_20131025,2013-10-25,197.0,22.0,100.0,
LC08_197022_20131110,2013-11-10,197.0,22.0,54.75,
LC08_197022_20140214,2014-02-14,197.0,22.0,59.35,
LC08_197022_20140403,2014-04-03,197.0,22.0,72.89,
LC08_197022_20140419,2014-04-19,197.0,22.0,2.1,
LC08_197022_20140521,2014-05-21,197.0,22.0,53.4,
LC08_197022_20140606,2014-06-06,197.0,22.0,58.4,
LC08_197022_20140622,2014-06-22,197.0,22.0,49.17,
LC08_197022_20140724,2014-07-24,197.0,22.0,21.34,
LC08_197022_20140825,2014-08-25,197.0,22.0,55.73,
LC08_197022_20140910,2014-09-10,197.0,22.0,52.78,
LC08_197022_20141012,2014-10-12,197.0,22.0,68.91,
LC08_197022_20141028,2014-10-28,197.0,22.0,9.49,
LC08_197022_20150406,2015-04-06,197.0,22.0,3.62,
LC08_197022_20150422,2015-04-22,197.0,22.0,23.97,
LC08_197022_20150508,2015-05-08,197.0,22.0,54.44,
LC08_197022_20150524,2015-05-24,197.0,22.0,53.49,
LC08_197022_20150609,2015-06-09,197.0,22.0,54.7,
LC08_197022_20150625,2015-06-25,197.0,22.0,43.55,
LC08_197022_20150711,2015-07-11,197.0,22.0,80.45,
LC08_197022_20150812,2015-08-12,197.0,22.0,72.87,
LC08_197022_20150828,2015-08-28,197.0,22.0,27.16,
LC08_197022_20150929,2015-09-29,197.0,22.0,9.97,
LC08_197022_20151031,2015-10-31,197.0,22.0,96.37,
LC08_197022_20160204,2016-02-04,197.0,22.0,64.66,
LC08_197022_20160307,2016-03-07,197.0,22.0,67.55,
LC08_197022_20160323,2016-03-23,197.0,22.0,25.46,
LC08_197022_20160408,2016-04-08,197.0,22.0,42.5,
LC08_197022_20160424,2016-04-24,197.0,22.0,36.16,
LC08_197022_20160510,2016-05-10,197.0,22.0,3.49,
LC08_197022_20160611,2016-06-11,197.0,22.0,78.38,
LC08_197022_20160713,2016-07-13,197.0,22.0,66.72,
LC08_197022_20160729,2016-07-29,197.0,22.0,69.7,
LC08_197022_20160814,2016-08-14,197.0,22.0,71.02,
LC08_197022_20160830,2016-08-30,197.0,22.0,12.44,
LC08_197022_20160915,2016-09-15,197.0,22.0,0.12,
LC08_197022_20161001,2016-10-01,197.0,22.0,62.81,
LC08_197022_20161102,2016-11-02,197.0,22.0,32.05,
LC08_197022_20161118,2016-11-18,197.0,22.0,33.54,
LC08_197022_20170222,2017-02-22,197.0,22.0,50.94,
LC08_197022_20170310,2017-03-10,197.0,22.0,12.12,
LC08_197022_20170411,2017-04-11,197.0,22.0,28.52,
LC08_197022_20170427,2017-04-27,197.0,22.0,86.23,
LC08_197022_20170513,2017-05-13,197.0,22.0,86.23,
LC08_197022_20170614,2017-06-14,197.0,22.0,14.69,
LC08_197022_20170902,2017-09-02,197.0,22.0,39.93,
LC08_197022_20170918,2017-09-18,197.0,22.0,9.08,
LC08_197023_20130404,2013-04-04,197.0,23.0,70.71,
LC08_197023_20130409,2013-04-09,197.0,23.0,87.3,
LC08_197023_20130416,2013-04-16,197.0,23.0,83.97,
LC08_197023_20130502,2013-05-02,197.0,23.0,52.56,
LC08_197023_20130603,2013-06-03,197.0,23.0,43.69,
LC08_197023_20130619,2013-06-19,197.0,23.0,99.96,
LC08_197023_20130705,2013-07-05,197.0,23.0,74.75,
LC08_197023_20130721,2013-07-21,197.0,23.0,3.77,
LC08_197023_20130806,2013-08-06,197.0,23.0,68.97,
LC08_197023_20130822,2013-08-22,197.0,23.0,39.21,
LC08_197023_20131110,2013-11-10,197.0,23.0,55.78,
LC08_197023_20131126,2013-11-26,197.0,23.0,41.72,
LC08_197023_20140214,2014-02-14,197.0,23.0,49.32,
LC08_197023_20140302,2014-03-02,197.0,23.0,43.56,
LC08_197023_20140318,2014-03-18,197.0,23.0,91.26,
LC08_197023_20140403,2014-04-03,197.0,23.0,36.04,
LC08_197023_20140419,2014-04-19,197.0,23.0,2.1,
LC08_197023_20140505,2014-05-05,197.0,23.0,68.97,
LC08_197023_20140521,2014-05-21,197.0,23.0,75.4,
LC08_197023_20140606,2014-06-06,197.0,23.0,12.24,
LC08_197023_20140622,2014-06-22,197.0,23.0,68.67,
LC08_197023_20140724,2014-07-24,197.0,23.0,28.61,
LC08_197023_20140809,2014-08-09,197.0,23.0,52.98,
LC08_197023_20140825,2014-08-25,197.0,23.0,72.79,
LC08_197023_20141012,2014-10-12,197.0,23.0,71.44,
LC08_197023_20141028,2014-10-28,197.0,23.0,12.47,
LC08_197023_20141113,2014-11-13,197.0,23.0,68.64,
LC08_197023_20150116,2015-01-16,197.0,23.0,43.31,
LC08_197023_20150305,2015-03-05,197.0,23.0,90.88,
LC08_197023_20150321,2015-03-21,197.0,23.0,83.73,
LC08_197023_20150406,2015-04-06,197.0,23.0,70.88,
LC08_197023_20150422,2015-04-22,197.0,23.0,77.79,
LC08_197023_20150508,2015-05-08,197.0,23.0,83.48,
LC08_197023_20150524,2015-05-24,197.0,23.0,10.62,
LC08_197023_20150625,2015-06-25,197.0,23.0,25.81,
LC08_197023_20150711,2015-07-11,197.0,23.0,55.7,
LC08_197023_20150812,2015-08-12,197.0,23.0,99.92,
LC08_197023_20150828,2015-08-28,197.0,23.0,48.67,
LC08_197023_20150913,2015-09-13,197.0,23.0,95.87,
LC08_197023_20150929,2015-09-29,197.0,23.0,4.16,
LC08_197023_20151031,2015-10-31,197.0,23.0,77.59,
LC08_197023_20160307,2016-03-07,197.0,23.0,41.34,
LC08_197023_20160323,2016-03-23,197.0,23.0,78.75,
LC08_197023_20160408,2016-04-08,197.0,23.0,70.14,
LC08_197023_20160424,2016-04-24,197.0,23.0,49.49,
LC08_197023_20160510,2016-05-10,197.0,23.0,41.57,
LC08_197023_20160526,2016-05-26,197.0,23.0,87.47,
LC08_197023_20160611,2016-06-11,197.0,23.0,92.54,
LC08_197023_20160713,2016-07-13,197.0,23.0,88.92,
LC08_197023_20160729,2016-07-29,197.0,23.0,77.77,
LC08_197023_20160814,2016-08-14,197.0,23.0,79.64,
LC08_197023_20160830,2016-08-30,197.0,23.0,11.74,
LC08_197023_20160915,2016-09-15,197.0,23.0,0.34,
LC08_197023_20161001,2016-10-01,197.0,23.0,73.21,
LC08_197023_20161017,2016-10-17,197.0,23.0,61.4,
LC08_197023_20161102,2016-11-02,197.0,23.0,49.46,
LC08_197023_20161118,2016-11-18,197.0,23.0,83.51,
LC08_197023_20170121,2017-01-21,197.0,23.0,65.64,
LC08_197023_20170310,2017-03-10,197.0,23.0,24.01,
LC08_197023_20170326,2017-03-26,197.0,23.0,70.76,
LC08_197023_20170427,2017-04-27,197.0,23.0,79.72,
LC08_197023_20170513,2017-05-13,197.0,23.0,86.54,
LC08_197023_20170529,2017-05-29,197.0,23.0,43.65,
LC08_197023_20170614,2017-06-14,197.0,23.0,6.5,
LC08_197023_20170801,2017-08-01,197.0,23.0,98.78,
LC08_197023_20170902,2017-09-02,197.0,23.0,42.82,
LC08_197023_20170918,2017-09-18,197.0,23.0,68.38,
LC08_197023_20171020,2017-10-20,197.0,23.0,70.34,
LC08_197023_20171105,2017-11-05,197.0,23.0,82.78,
LC08_197024_20130404,2013-04-04,197.0,24.0,95.69,
LC08_197024_20130409,2013-04-09,197.0,24.0,99.92,
LC08_197024_20130416,2013-04-16,197.0,24.0,84.26,
LC08_197024_20130603,2013-06-03,197.0,24.0,73.66,
LC08_197024_20130619,2013-06-19,197.0,24.0,64.27,
LC08_197024_20130705,2013-07-05,197.0,24.0,99.91,
LC08_197024_20130721,2013-07-21,197.0,24.0,0.03,
LC08_197024_20130806,2013-08-06,197.0,24.0,65.43,
LC08_197024_20130822,2013-08-22,197.0,24.0,26.42,
LC08_197024_20131110,2013-11-10,197.0,24.0,61.7,
LC08_197024_20131126,2013-11-26,197.0,24.0,50.04,
LC08_197024_20131212,2013-12-12,197.0,24.0,45.34,
LC08_197024_20140113,2014-01-13,197.0,24.0,55.14,
LC08_197024_20140129,2014-01-29,197.0,24.0,80.43,
LC08_197024_20140214,2014-02-14,197.0,24.0,58.53,
LC08_197024_20140302,2014-03-02,197.0,24.0,22.47,
LC08_197024_20140403,2014-04-03,197.0,24.0,27.76,
LC08_197024_20140419,2014-04-19,197.0,24.0,6.88,
LC08_197024_20140505,2014-05-05,197.0,24.0,52.79,
LC08_197024_20140521,2014-05-21,197.0,24.0,89.4,
LC08_197024_20140606,2014-06-06,197.0,24.0,2.39,
LC08_197024_20140622,2014-06-22,197.0,24.0,62.51,
LC08_197024_20140724,2014-07-24,197.0,24.0,25.9,
LC08_197024_20140809,2014-08-09,197.0,24.0,43.97,
LC08_197024_20141012,2014-10-12,197.0,24.0,55.79,
LC08_197024_20141028,2014-10-28,197.0,24.0,41.38,
LC08_197024_20141113,2014-11-13,197.0,24.0,38.8,
LC08_197024_20141129,2014-11-29,197.0,24.0,72.82,
LC08_197024_20150116,2015-01-16,197.0,24.0,87.11,
LC08_197024_20150305,2015-03-05,197.0,24.0,94.27,
LC08_197024_20150422,2015-04-22,197.0,24.0,72.3,
LC08_197024_20150508,2015-05-08,197.0,24.0,64.31,
LC08_197024_20150524,2015-05-24,197.0,24.0,62.26,
LC08_197024_20150609,2015-06-09,197.0,24.0,78.4,
LC08_197024_20150625,2015-06-25,197.0,24.0,28.97,
LC08_197024_20150711,2015-07-11,197.0,24.0,13.08,
LC08_197024_20150812,2015-08-12,197.0,24.0,87.51,
LC08_197024_20150828,2015-08-28,197.0,24.0,50.85,
LC08_197024_20150913,2015-09-13,197.0,24.0,99.99,
LC08_197024_20150929,2015-09-29,197.0,24.0,4.39,
LC08_197024_20151031,2015-10-31,197.0,24.0,14.65,
LC08_197024_20160119,2016-01-19,197.0,24.0,10.16,
LC08_197024_20160408,2016-04-08,197.0,24.0,76.17,
LC08_197024_20160424,2016-04-24,197.0,24.0,60.85,
LC08_197024_20160510,2016-05-10,197.0,24.0,96.31,
LC08_197024_20160526,2016-05-26,197.0,24.0,45.16,
LC08_197024_20160611,2016-06-11,197.0,24.0,93.92,
LC08_197024_20160713,2016-07-13,197.0,24.0,81.64,
LC08_197024_20160814,2016-08-14,197.0,24.0,61.62,
LC08_197024_20160830,2016-08-30,197.0,24.0,1.55,
LC08_197024_20160915,2016-09-15,197.0,24.0,0.1,
LC08_197024_20161001,2016-10-01,197.0,24.0,89.41,
LC08_197024_20161017,2016-10-17,197.0,24.0,76.96,
LC08_197024_20161102,2016-11-02,197.0,24.0,44.29,
LC08_197024_20161118,2016-11-18,197.0,24.0,84.55,
LC08_197024_20161204,2016-12-04,197.0,24.0,0.68,
LC08_197024_20170105,2017-01-05,197.0,24.0,6.54,
LC08_197024_20170121,2017-01-21,197.0,24.0,2.9,
LC08_197024_20170206,2017-02-06,197.0,24.0,92.7,
LC08_197024_20170310,2017-03-10,197.0,24.0,15.24,
LC08_197024_20170326,2017-03-26,197.0,24.0,40.51,
LC08_197024_20170411,2017-04-11,197.0,24.0,74.66,
LC08_197024_20170427,2017-04-27,197.0,24.0,62.56,
LC08_197024_20170513,2017-05-13,197.0,24.0,63.85,
LC08_197024_20170529,2017-05-29,197.0,24.0,30.9,
LC08_197024_20170614,2017-06-14,197.0,24.0,0.74,
LC08_197024_20170630,2017-06-30,197.0,24.0,100.0,
LC08_197024_20170801,2017-08-01,197.0,24.0,92.6,
LC08_197024_20170902,2017-09-02,197.0,24.0,36.85,
LC08_197024_20171004,2017-10-04,197.0,24.0,100.0,
LC08_197024_20171020,2017-10-20,197.0,24.0,55.03,
LC08_197024_20171105,2017-11-05,197.0,24.0,52.1,
LC08_197025_20130404,2013-04-04,197.0,25.0,58.66,
LC08_197025_20130416,2013-04-16,197.0,25.0,85.32,
LC08_197025_20130518,2013-05-18,197.0,25.0,74.07,
LC08_197025_20130603,2013-06-03,197.0,25.0,92.81,
LC08_197025_20130619,2013-06-19,197.0,25.0,27.87,
LC08_197025_20130705,2013-07-05,197.0,25.0,88.29,
LC08_197025_20130721,2013-07-21,197.0,25.0,0.0,
LC08_197025_20130806,2013-08-06,197.0,25.0,50.01,
LC08_197025_20130822,2013-08-22,197.0,25.0,31.62,
LC08_197025_20130907,2013-09-07,197.0,25.0,86.89,
LC08_197025_20130923,2013-09-23,197.0,25.0,62.79,
LC08_197025_20131110,2013-11-10,197.0,25.0,98.1,
LC08_197025_20131126,2013-11-26,197.0,25.0,66.9,
LC08_197025_20131212,2013-12-12,197.0,25.0,61.22,
LC08_197025_20140113,2014-01-13,197.0,25.0,55.26,
LC08_197025_20140129,2014-01-29,197.0,25.0,59.56,
LC08_197025_20140214,2014-02-14,197.0,25.0,97.88,
LC08_197025_20140302,2014-03-02,197.0,25.0,53.62,
LC08_197025_20140403,2014-04-03,197.0,25.0,68.22,
LC08_197025_20140419,2014-04-19,197.0,25.0,65.12,
LC08_197025_20140505,2014-05-05,197.0,25.0,10.85,
LC08_197025_20140521,2014-05-21,197.0,25.0,99.98,
LC08_197025_20140606,2014-06-06,197.0,25.0,0.85,
LC08_197025_20140622,2014-06-22,197.0,25.0,30.87,
LC08_197025_20140724,2014-07-24,197.0,25.0,35.5,
LC08_197025_20140809,2014-08-09,197.0,25.0,48.46,
LC08_197025_20140825,2014-08-25,197.0,25.0,99.91,
LC08_197025_20140910,2014-09-10,197.0,25.0,84.52,
LC08_197025_20140926,2014-09-26,197.0,25.0,75.46,
LC08_197025_20141012,2014-10-12,197.0,25.0,85.94,
LC08_197025_20141028,2014-10-28,197.0,25.0,62.84,
LC08_197025_20141113,2014-11-13,197.0,25.0,58.09,
LC08_197025_20141129,2014-11-29,197.0,25.0,67.43,
LC08_197025_20150116,2015-01-16,197.0,25.0,93.62,
LC08_197025_20150305,2015-03-05,197.0,25.0,76.66,
LC08_197025_20150422,2015-04-22,197.0,25.0,27.29,
LC08_197025_20150508,2015-05-08,197.0,25.0,41.72,
LC08_197025_20150524,2015-05-24,197.0,25.0,65.91,
LC08_197025_20150609,2015-06-09,197.0,25.0,51.34,
LC08_197025_20150625,2015-06-25,197.0,25.0,24.69,
LC08_197025_20150711,2015-07-11,197.0,25.0,1.5,
LC08_197025_20150812,2015-08-12,197.0,25.0,49.14,
LC08_197025_20150828,2015-08-28,197.0,25.0,84.21,
LC08_197025_20150929,2015-09-29,197.0,25.0,7.9,
LC08_197025_20151031,2015-10-31,197.0,25.0,46.73,
LC08_197025_20160103,2016-01-03,197.0,25.0,89.95,
LC08_197025_20160119,2016-01-19,197.0,25.0,19.83,
LC08_197025_20160408,2016-04-08,197.0,25.0,77.32,
LC08_197025_20160424,2016-04-24,197.0,25.0,89.71,
LC08_197025_20160526,2016-05-26,197.0,25.0,28.11,
LC08_197025_20160611,2016-06-11,197.0,25.0,100.0,
LC08_197025_20160713,2016-07-13,197.0,25.0,76.79,
LC08_197025_20160729,2016-07-29,197.0,25.0,92.73,
LC08_197025_20160814,2016-08-14,197.0,25.0,36.78,
LC08_197025_20160830,2016-08-30,197.0,25.0,8.55,
LC08_197025_20160915,2016-09-15,197.0,25.0,45.36,
LC08_197025_20161001,2016-10-01,197.0,25.0,94.77,
LC08_197025_20161102,2016-11-02,197.0,25.0,65.85,
LC08_197025_20161118,2016-11-18,197.0,25.0,80.28,
LC08_197025_20161204,2016-12-04,197.0,25.0,2.23,
LC08_197025_20161220,2016-12-20,197.0,25.0,19.66,
LC08_197025_20170105,2017-01-05,197.0,25.0,24.45,
LC08_197025_20170121,2017-01-21,197.0,25.0,1.26,
LC08_197025_20170206,2017-02-06,197.0,25.0,68.82,
LC08_197025_20170310,2017-03-10,197.0,25.0,5.25,
LC08_197025_20170326,2017-03-26,197.0,25.0,16.05,
LC08_197025_20170411,2017-04-11,197.0,25.0,45.81,
LC08_197025_20170427,2017-04-27,197.0,25.0,62.16,
LC08_197025_20170513,2017-05-13,197.0,25.0,63.52,
LC08_197025_20170529,2017-05-29,197.0,25.0,5.46,
LC08_197025_20170614,2017-06-14,197.0,25.0,0.79,
LC08_197025_20170630,2017-06-30,197.0,25.0,95.49,
LC08_197025_20170817,2017-08-17,197.0,25.0,85.83,
LC08_197025_20170902,2017-09-02,197.0,25.0,44.97,
LC08_197025_20171004,2017-10-04,197.0,25.0,100.0,
LC08_197025_20171020,2017-10-20,197.0,25.0,43.32,
LC08_197025_20171105,2017-11-05,197.0,25.0,65.88,
LC08_197025_20171207,2017-12-07,197.0,25.0,75.6,
LC08_197026_20130404,2013-04-04,197.0,26.0,68.55,
LC08_197026_20130416,2013-04-16,197.0,26.0,99.99,
LC08_197026_20130518,2013-05-18,197.0,26.0,40.28,
LC08_197026_20130603,2013-06-03,197.0,26.0,77.65,
LC08_197026_20130619,2013-06-19,197.0,26.0,74.91,
LC08_197026_20130705,2013-07-05,197.0,26.0,83.56,
LC08_197026_20130721,2013-07-21,197.0,26.0,0.04,
LC08_197026_20130806,2013-08-06,197.0,26.0,95.3,
LC08_197026_20130822,2013-08-22,197.0,26.0,49.85,
LC08_197026_20130923,2013-09-23,197.0,26.0,12.0,
LC08_197026_20131126,2013-11-26,197.0,26.0,27.82,
LC08_197026_20131212,2013-12-12,197.0,26.0,56.67,
LC08_197026_20140129,2014-01-29,197.0,26.0,94.47,
LC08_197026_20140302,2014-03-02,197.0,26.0,77.96,
LC08_197026_20140318,2014-03-18,197.0,26.0,84.94,
LC08_197026_20140403,2014-04-03,197.0,26.0,74.09,
LC08_197026_20140419,2014-04-19,197.0,26.0,96.75,
LC08_197026_20140505,2014-05-05,197.0,26.0,7.59,
LC08_197026_20140521,2014-05-21,197.0,26.0,100.0,
LC08_197026_20140606,2014-06-06,197.0,26.0,10.01,
LC08_197026_20140622,2014-06-22,197.0,26.0,6.81,
LC08_197026_20140724,2014-07-24,197.0,26.0,23.2,
LC08_197026_20140809,2014-08-09,197.0,26.0,65.08,
LC08_197026_20140910,2014-09-10,197.0,26.0,20.88,
LC08_197026_20140926,2014-09-26,197.0,26.0,3.69,
LC08_197026_20141012,2014-10-12,197.0,26.0,88.92,
LC08_197026_20141113,2014-11-13,197.0,26.0,64.73,
LC08_197026_20141215,2014-12-15,197.0,26.0,66.75,
LC08_197026_20150305,2015-03-05,197.0,26.0,41.04,
LC08_197026_20150406,2015-04-06,197.0,26.0,69.3,
LC08_197026_20150422,2015-04-22,197.0,26.0,0.03,
LC08_197026_20150508,2015-05-08,197.0,26.0,74.97,
LC08_197026_20150524,2015-05-24,197.0,26.0,44.15,
LC08_197026_20150609,2015-06-09,197.0,26.0,60.52,
LC08_197026_20150625,2015-06-25,197.0,26.0,27.5,
LC08_197026_20150711,2015-07-11,197.0,26.0,1.5,
LC08_197026_20150727,2015-07-27,197.0,26.0,91.81,
LC08_197026_20150812,2015-08-12,197.0,26.0,33.84,
LC08_197026_20150913,2015-09-13,197.0,26.0,89.02,
LC08_197026_20150929,2015-09-29,197.0,26.0,2.44,
LC08_197026_20151031,2015-10-31,197.0,26.0,51.51,
LC08_197026_20151202,2015-12-02,197.0,26.0,91.97,
LC08_197026_20160103,2016-01-03,197.0,26.0,99.91,
LC08_197026_20160408,2016-04-08,197.0,26.0,72.38,
LC08_197026_20160526,2016-05-26,197.0,26.0,13.97,
LC08_197026_20160713,2016-07-13,197.0,26.0,71.65,
LC08_197026_20160729,2016-07-29,197.0,26.0,81.29,
LC08_197026_20160814,2016-08-14,197.0,26.0,15.74,
LC08_197026_20160830,2016-08-30,197.0,26.0,7.53,
LC08_197026_20160915,2016-09-15,197.0,26.0,93.14,
LC08_197026_20161102,2016-11-02,197.0,26.0,78.44,
LC08_197026_20161204,2016-12-04,197.0,26.0,2.6,
LC08_197026_20161220,2016-12-20,197.0,26.0,88.8,
LC08_197026_20170105,2017-01-05,197.0,26.0,56.58,
LC08_197026_20170121,2017-01-21,197.0,26.0,1.85,
LC08_197026_20170206,2017-02-06,197.0,26.0,70.89,
LC08_197026_20170310,2017-03-10,197.0,26.0,13.55,
LC08_197026_20170326,2017-03-26,197.0,26.0,0.14,
LC08_197026_20170411,2017-04-11,197.0,26.0,12.1,
LC08_197026_20170427,2017-04-27,197.0,26.0,69.39,
LC08_197026_20170513,2017-05-13,197.0,26.0,65.48,
LC08_197026_20170529,2017-05-29,197.0,26.0,4.17,
LC08_197026_20170614,2017-06-14,197.0,26.0,12.0,
LC08_197026_20170630,2017-06-30,197.0,26.0,77.18,
LC08_197026_20170716,2017-07-16,197.0,26.0,79.92,
LC08_197026_20170801,2017-08-01,197.0,26.0,96.53,
LC08_197026_20170817,2017-08-17,197.0,26.0,61.44,
LC08_197026_20170902,2017-09-02,197.0,26.0,35.95,
LC08_197026_20171004,2017-10-04,197.0,26.0,95.73,
LC08_197026_20171020,2017-10-20,197.0,26.0,54.75,
LC08_197026_20171105,2017-11-05,197.0,26.0,90.34,
LC08_197026_20171207,2017-12-07,197.0,26.0,48.17,
LC08_198021_20130330,2013-03-30,198.0,21.0,36.01,
LC08_198022_20130626,2013-06-26,198.0,22.0,31.89,
LC08_198022_20130829,2013-08-29,198.0,22.0,29.27,
LC08_198022_20130930,2013-09-30,198.0,22.0,6.36,
LC08_198022_20140309,2014-03-09,198.0,22.0,0.1,
LC08_198022_20140410,2014-04-10,198.0,22.0,68.1,
LC08_198022_20140629,2014-06-29,198.0,22.0,50.43,
LC08_198022_20140917,2014-09-17,198.0,22.0,7.39,
LC08_198022_20141120,2014-11-20,198.0,22.0,65.03,
LC08_198022_20150208,2015-02-08,198.0,22.0,75.53,
LC08_198022_20150312,2015-03-12,198.0,22.0,2.92,
LC08_198022_20150328,2015-03-28,198.0,22.0,83.9,
LC08_198022_20150429,2015-04-29,198.0,22.0,62.78,
LC08_198022_20150702,2015-07-02,198.0,22.0,0.41,
LC08_198022_20150718,2015-07-18,198.0,22.0,4.77,
LC08_198022_20150803,2015-08-03,198.0,22.0,2.24,
LC08_198022_20151123,2015-11-23,198.0,22.0,93.69,
LC08_198022_20160211,2016-02-11,198.0,22.0,41.7,
LC08_198022_20160227,2016-02-27,198.0,22.0,74.49,
LC08_198022_20160314,2016-03-14,198.0,22.0,86.41,
LC08_198022_20160720,2016-07-20,198.0,22.0,0.01,
LC08_198022_20160906,2016-09-06,198.0,22.0,68.67,
LC08_198022_20160922,2016-09-22,198.0,22.0,92.69,
LC08_198022_20170128,2017-01-28,198.0,22.0,68.37,
LC08_198022_20170213,2017-02-13,198.0,22.0,0.72,
LC08_198022_20170402,2017-04-02,198.0,22.0,68.64,
LC08_198022_20170621,2017-06-21,198.0,22.0,19.37,
LC08_198022_20170824,2017-08-24,198.0,22.0,57.93,
LC08_198023_20130330,2013-03-30,198.0,23.0,66.05,
LC08_198023_20130525,2013-05-25,198.0,23.0,92.61,
LC08_198023_20130626,2013-06-26,198.0,23.0,51.87,
LC08_198023_20130813,2013-08-13,198.0,23.0,45.9,
LC08_198023_20130829,2013-08-29,198.0,23.0,76.01,
LC08_198023_20130930,2013-09-30,198.0,23.0,18.61,
LC08_198023_20131016,2013-10-16,198.0,23.0,47.9,
LC08_198023_20140205,2014-02-05,198.0,23.0,64.16,
LC08_198023_20140309,2014-03-09,198.0,23.0,2.54,
LC08_198023_20140325,2014-03-25,198.0,23.0,25.7,
LC08_198023_20140426,2014-04-26,198.0,23.0,45.82,
LC08_198023_20140512,2014-05-12,198.0,23.0,81.13,
LC08_198023_20140613,2014-06-13,198.0,23.0,45.89,
LC08_198023_20140629,2014-06-29,198.0,23.0,47.19,
LC08_198023_20140731,2014-07-31,198.0,23.0,41.32,
LC08_198023_20140816,2014-08-16,198.0,23.0,89.45,
LC08_198023_20140901,2014-09-01,198.0,23.0,53.4,
LC08_198023_20140917,2014-09-17,198.0,23.0,1.5,
LC08_198023_20141003,2014-10-03,198.0,23.0,11.44,
LC08_198023_20141019,2014-10-19,198.0,23.0,90.85,
LC08_198023_20141104,2014-11-04,198.0,23.0,91.25,
LC08_198023_20141120,2014-11-20,198.0,23.0,68.22,
LC08_198023_20150208,2015-02-08,198.0,23.0,77.07,
LC08_198023_20150312,2015-03-12,198.0,23.0,5.71,
LC08_198023_20150328,2015-03-28,198.0,23.0,99.99,
LC08_198023_20150413,2015-04-13,198.0,23.0,89.93,
LC08_198023_20150429,2015-04-29,198.0,23.0,94.72,
LC08_198023_20150515,2015-05-15,198.0,23.0,78.6,
LC08_198023_20150616,2015-06-16,198.0,23.0,57.36,
LC08_198023_20150702,2015-07-02,198.0,23.0,0.66,
LC08_198023_20150718,2015-07-18,198.0,23.0,19.51,
LC08_198023_20150803,2015-08-03,198.0,23.0,1.74,
LC08_198023_20150819,2015-08-19,198.0,23.0,58.86,
LC08_198023_20150904,2015-09-04,198.0,23.0,76.97,
LC08_198023_20151123,2015-11-23,198.0,23.0,62.71,
LC08_198023_20160211,2016-02-11,198.0,23.0,28.61,
LC08_198023_20160227,2016-02-27,198.0,23.0,10.64,
LC08_198023_20160314,2016-03-14,198.0,23.0,40.49,
LC08_198023_20160330,2016-03-30,198.0,23.0,36.08,
LC08_198023_20160501,2016-05-01,198.0,23.0,10.75,
LC08_198023_20160517,2016-05-17,198.0,23.0,57.88,
LC08_198023_20160602,2016-06-02,198.0,23.0,91.61,
LC08_198023_20160618,2016-06-18,198.0,23.0,91.91,
LC08_198023_20160704,2016-07-04,198.0,23.0,43.1,
LC08_198023_20160720,2016-07-20,198.0,23.0,0.07,
LC08_198023_20160805,2016-08-05,198.0,23.0,74.92,
LC08_198023_20160906,2016-09-06,198.0,23.0,47.81,
LC08_198023_20160922,2016-09-22,198.0,23.0,100.0,
LC08_198023_20161008,2016-10-08,198.0,23.0,87.99,
LC08_198023_20161125,2016-11-25,198.0,23.0,12.33,
LC08_198023_20170128,2017-01-28,198.0,23.0,97.1,
LC08_198023_20170213,2017-02-13,198.0,23.0,0.6,
LC08_198023_20170301,2017-03-01,198.0,23.0,32.43,
LC08_198023_20170402,2017-04-02,198.0,23.0,18.83,
LC08_198023_20170418,2017-04-18,198.0,23.0,53.54,
LC08_198023_20170504,2017-05-04,198.0,23.0,96.11,
LC08_198023_20170520,2017-05-20,198.0,23.0,42.43,
LC08_198023_20170605,2017-06-05,198.0,23.0,54.33,
LC08_198023_20170621,2017-06-21,198.0,23.0,14.83,
LC08_198023_20170707,2017-07-07,198.0,23.0,67.27,
LC08_198023_20170723,2017-07-23,198.0,23.0,65.85,
LC08_198023_20170808,2017-08-08,198.0,23.0,97.74,
LC08_198023_20170824,2017-08-24,198.0,23.0,47.09,
LC08_198023_20171027,2017-10-27,198.0,23.0,40.77,
LC08_198023_20171128,2017-11-28,198.0,23.0,42.62,
LC08_198024_20130330,2013-03-30,198.0,24.0,65.01,
LC08_198024_20130525,2013-05-25,198.0,24.0,58.47,
LC08_198024_20130626,2013-06-26,198.0,24.0,89.73,
LC08_198024_20130728,2013-07-28,198.0,24.0,84.4,
LC08_198024_20130813,2013-08-13,198.0,24.0,51.47,
LC08_198024_20130829,2013-08-29,198.0,24.0,69.31,
LC08_198024_20130930,2013-09-30,198.0,24.0,7.91,
LC08_198024_20131016,2013-10-16,198.0,24.0,95.53,
LC08_198024_20131203,2013-12-03,198.0,24.0,38.43,
LC08_198024_20140104,2014-01-04,198.0,24.0,77.78,
LC08_198024_20140205,2014-02-05,198.0,24.0,25.13,
LC08_198024_20140221,2014-02-21,198.0,24.0,69.2,
LC08_198024_20140309,2014-03-09,198.0,24.0,2.48,
LC08_198024_20140325,2014-03-25,198.0,24.0,22.32,
LC08_198024_20140410,2014-04-10,198.0,24.0,72.11,
LC08_198024_20140426,2014-04-26,198.0,24.0,52.24,
LC08_198024_20140512,2014-05-12,198.0,24.0,83.62,
LC08_198024_20140613,2014-06-13,198.0,24.0,21.66,
LC08_198024_20140629,2014-06-29,198.0,24.0,87.68,
LC08_198024_20140731,2014-07-31,198.0,24.0,7.61,
LC08_198024_20140816,2014-08-16,198.0,24.0,91.86,
LC08_198024_20140901,2014-09-01,198.0,24.0,42.24,
LC08_198024_20140917,2014-09-17,198.0,24.0,0.32,
LC08_198024_20141003,2014-10-03,198.0,24.0,3.78,
LC08_198024_20141019,2014-10-19,198.0,24.0,44.77,
LC08_198024_20141104,2014-11-04,198.0,24.0,100.0,
LC08_198024_20141120,2014-11-20,198.0,24.0,78.57,
LC08_198024_20141206,2014-12-06,198.0,24.0,35.48,
LC08_198024_20150107,2015-01-07,198.0,24.0,4.31,
LC08_198024_20150208,2015-02-08,198.0,24.0,82.05,
LC08_198024_20150224,2015-02-24,198.0,24.0,75.36,
LC08_198024_20150312,2015-03-12,198.0,24.0,0.39,
LC08_198024_20150413,2015-04-13,198.0,24.0,84.2,
LC08_198024_20150429,2015-04-29,198.0,24.0,95.97,
LC08_198024_20150515,2015-05-15,198.0,24.0,38.08,
LC08_198024_20150702,2015-07-02,198.0,24.0,22.59,
LC08_198024_20150718,2015-07-18,198.0,24.0,34.04,
LC08_198024_20150803,2015-08-03,198.0,24.0,3.19,
LC08_198024_20150819,2015-08-19,198.0,24.0,47.28,
LC08_198024_20150904,2015-09-04,198.0,24.0,86.79,
LC08_198024_20150920,2015-09-20,198.0,24.0,66.5,
LC08_198024_20151123,2015-11-23,198.0,24.0,21.93,
LC08_198024_20151209,2015-12-09,198.0,24.0,1.06,
LC08_198024_20160110,2016-01-10,198.0,24.0,39.89,
LC08_198024_20160126,2016-01-26,198.0,24.0,64.84,
LC08_198024_20160211,2016-02-11,198.0,24.0,53.52,
LC08_198024_20160227,2016-02-27,198.0,24.0,3.7,
LC08_198024_20160314,2016-03-14,198.0,24.0,9.59,
LC08_198024_20160330,2016-03-30,198.0,24.0,67.53,
LC08_198024_20160415,2016-04-15,198.0,24.0,89.96,
LC08_198024_20160501,2016-05-01,198.0,24.0,18.49,
LC08_198024_20160517,2016-05-17,198.0,24.0,68.13,
LC08_198024_20160618,2016-06-18,198.0,24.0,91.84,
LC08_198024_20160704,2016-07-04,198.0,24.0,52.68,
LC08_198024_20160720,2016-07-20,198.0,24.0,2.21,
LC08_198024_20160805,2016-08-05,198.0,24.0,58.83,
LC08_198024_20160906,2016-09-06,198.0,24.0,53.86,
LC08_198024_20160922,2016-09-22,198.0,24.0,86.38,
LC08_198024_20161008,2016-10-08,198.0,24.0,55.48,
LC08_198024_20161024,2016-10-24,198.0,24.0,96.05,
LC08_198024_20161125,2016-11-25,198.0,24.0,7.39,
LC08_198024_20161211,2016-12-11,198.0,24.0,75.34,
LC08_198024_20170112,2017-01-12,198.0,24.0,79.37,
LC08_198024_20170128,2017-01-28,198.0,24.0,99.92,
LC08_198024_20170213,2017-02-13,198.0,24.0,1.77,
LC08_198024_20170301,2017-03-01,198.0,24.0,70.88,
LC08_198024_20170317,2017-03-17,198.0,24.0,95.05,
LC08_198024_20170402,2017-04-02,198.0,24.0,4.55,
LC08_198024_20170418,2017-04-18,198.0,24.0,58.59,
LC08_198024_20170504,2017-05-04,198.0,24.0,80.36,
LC08_198024_20170520,2017-05-20,198.0,24.0,62.29,
LC08_198024_20170605,2017-06-05,198.0,24.0,39.96,
LC08_198024_20170621,2017-06-21,198.0,24.0,39.12,
LC08_198024_20170707,2017-07-07,198.0,24.0,40.27,
LC08_198024_20170723,2017-07-23,198.0,24.0,89.25,
LC08_198024_20170824,2017-08-24,198.0,24.0,51.33,
LC08_198024_20170909,2017-09-09,198.0,24.0,77.78,
LC08_198024_20170925,2017-09-25,198.0,24.0,52.78,
LC08_198024_20171027,2017-10-27,198.0,24.0,37.71,
LC08_198024_20171112,2017-11-12,198.0,24.0,77.49,
LC08_198024_20171128,2017-11-28,198.0,24.0,56.08,
LC08_198025_20130330,2013-03-30,198.0,25.0,64.33,
LC08_198025_20130525,2013-05-25,198.0,25.0,47.33,
LC08_198025_20130626,2013-06-26,198.0,25.0,49.57,
LC08_198025_20130712,2013-07-12,198.0,25.0,51.23,
LC08_198025_20130728,2013-07-28,198.0,25.0,67.55,
LC08_198025_20130813,2013-08-13,198.0,25.0,77.23,
LC08_198025_20130829,2013-08-29,198.0,25.0,48.14,
LC08_198025_20130930,2013-09-30,198.0,25.0,0.04,
LC08_198025_20131016,2013-10-16,198.0,25.0,100.0,
LC08_198025_20131203,2013-12-03,198.0,25.0,14.94,
LC08_198025_20131219,2013-12-19,198.0,25.0,68.28,
LC08_198025_20140205,2014-02-05,198.0,25.0,80.16,
LC08_198025_20140221,2014-02-21,198.0,25.0,63.61,
LC08_198025_20140309,2014-03-09,198.0,25.0,0.03,
LC08_198025_20140325,2014-03-25,198.0,25.0,18.76,
LC08_198025_20140410,2014-04-10,198.0,25.0,2.55,
LC08_198025_20140426,2014-04-26,198.0,25.0,86.11,
LC08_198025_20140512,2014-05-12,198.0,25.0,82.25,
LC08_198025_20140613,2014-06-13,198.0,25.0,56.33,
LC08_198025_20140731,2014-07-31,198.0,25.0,3.32,
LC08_198025_20140816,2014-08-16,198.0,25.0,69.5,
LC08_198025_20140901,2014-09-01,198.0,25.0,37.88,
LC08_198025_20140917,2014-09-17,198.0,25.0,7.47,
LC08_198025_20141003,2014-10-03,198.0,25.0,2.36,
LC08_198025_20141019,2014-10-19,198.0,25.0,10.82,
LC08_198025_20141120,2014-11-20,198.0,25.0,77.68,
LC08_198025_20141206,2014-12-06,198.0,25.0,73.85,
LC08_198025_20150107,2015-01-07,198.0,25.0,63.02,
LC08_198025_20150224,2015-02-24,198.0,25.0,82.54,
LC08_198025_20150312,2015-03-12,198.0,25.0,0.01,
LC08_198025_20150413,2015-04-13,198.0,25.0,70.54,
LC08_198025_20150429,2015-04-29,198.0,25.0,95.62,
LC08_198025_20150515,2015-05-15,198.0,25.0,74.67,
LC08_198025_20150616,2015-06-16,198.0,25.0,76.23,
LC08_198025_20150702,2015-07-02,198.0,25.0,43.49,
LC08_198025_20150718,2015-07-18,198.0,25.0,32.48,
LC08_198025_20150803,2015-08-03,198.0,25.0,2.63,
LC08_198025_20150819,2015-08-19,198.0,25.0,33.8,
LC08_198025_20150920,2015-09-20,198.0,25.0,39.96,
LC08_198025_20151107,2015-11-07,198.0,25.0,81.36,
LC08_198025_20151123,2015-11-23,198.0,25.0,51.48,
LC08_198025_20151209,2015-12-09,198.0,25.0,20.77,
LC08_198025_20160110,2016-01-10,198.0,25.0,45.8,
LC08_198025_20160126,2016-01-26,198.0,25.0,81.99,
LC08_198025_20160211,2016-02-11,198.0,25.0,94.1,
LC08_198025_20160227,2016-02-27,198.0,25.0,18.09,
LC08_198025_20160314,2016-03-14,198.0,25.0,15.6,
LC08_198025_20160330,2016-03-30,198.0,25.0,96.82,
LC08_198025_20160415,2016-04-15,198.0,25.0,55.46,
LC08_198025_20160501,2016-05-01,198.0,25.0,19.7,
LC08_198025_20160517,2016-05-17,198.0,25.0,56.68,
LC08_198025_20160704,2016-07-04,198.0,25.0,72.65,
LC08_198025_20160720,2016-07-20,198.0,25.0,0.55,
LC08_198025_20160805,2016-08-05,198.0,25.0,67.61,
LC08_198025_20160906,2016-09-06,198.0,25.0,66.89,
LC08_198025_20160922,2016-09-22,198.0,25.0,77.57,
LC08_198025_20161008,2016-10-08,198.0,25.0,61.78,
LC08_198025_20161125,2016-11-25,198.0,25.0,33.43,
LC08_198025_20161211,2016-12-11,198.0,25.0,49.87,
LC08_198025_20161227,2016-12-27,198.0,25.0,12.46,
LC08_198025_20170112,2017-01-12,198.0,25.0,98.12,
LC08_198025_20170128,2017-01-28,198.0,25.0,78.65,
LC08_198025_20170213,2017-02-13,198.0,25.0,0.36,
LC08_198025_20170317,2017-03-17,198.0,25.0,88.5,
LC08_198025_20170402,2017-04-02,198.0,25.0,8.61,
LC08_198025_20170418,2017-04-18,198.0,25.0,64.5,
LC08_198025_20170520,2017-05-20,198.0,25.0,60.72,
LC08_198025_20170605,2017-06-05,198.0,25.0,32.79,
LC08_198025_20170621,2017-06-21,198.0,25.0,28.14,
LC08_198025_20170707,2017-07-07,198.0,25.0,3.01,
LC08_198025_20170824,2017-08-24,198.0,25.0,54.41,
LC08_198025_20170909,2017-09-09,198.0,25.0,66.79,
LC08_198025_20170925,2017-09-25,198.0,25.0,18.79,
LC08_198025_20171027,2017-10-27,198.0,25.0,35.49,
LC08_198025_20171112,2017-11-12,198.0,25.0,81.86,
LC08_198025_20171128,2017-11-28,198.0,25.0,36.22,
LC08_198025_20171214,2017-12-14,198.0,25.0,83.26,
