system_index,date,WRS_PATH,WRS_ROW,CLOUD_COVER,IMAGE_QUALITY
LT05_191024_20000317,2000-03-17,191.0,24.0,55.0,9.0
LT05_191024_20000504,2000-05-04,191.0,24.0,33.0,9.0
LT05_191024_20000605,2000-06-05,191.0,24.0,31.0,9.0
LT05_191024_20000621,2000-06-21,191.0,24.0,1.0,9.0
LT05_191024_20000909,2000-09-09,191.0,24.0,55.0,9.0
LT05_191024_20010115,2001-01-15,191.0,24.0,93.0,9.0
LT05_191024_20010523,2001-05-23,191.0,24.0,0.0,7.0
LT05_191024_20010624,2001-06-24,191.0,24.0,79.0,9.0
LT05_191024_20010726,2001-07-26,191.0,24.0,64.0,9.0
LT05_191024_20010811,2001-08-11,191.0,24.0,45.0,9.0
LT05_191024_20010827,2001-08-27,191.0,24.0,84.0,9.0
LT05_191024_20011115,2001-11-15,191.0,24.0,78.0,9.0
LT05_191024_20020203,2002-02-03,191.0,24.0,21.0,9.0
LT05_191024_20020219,2002-02-19,191.0,24.0,32.0,9.0
LT05_191024_20020611,2002-06-11,191.0,24.0,50.0,9.0
LT05_191024_20020627,2002-06-27,191.0,24.0,50.0,9.0
LT05_191024_20030630,2003-06-30,191.0,24.0,5.0,9.0
LT05_191024_20030716,2003-07-16,191.0,24.0,16.0,9.0
LT05_191024_20030801,2003-08-01,191.0,24.0,8.0,9.0
LT05_191024_20030817,2003-08-17,191.0,24.0,6.0,9.0
LT05_191024_20030902,2003-09-02,191.0,24.0,49.0,9.0
LT05_191024_20030918,2003-09-18,191.0,24.0,12.0,9.0
LT05_191024_20031020,2003-10-20,191.0,24.0,94.0,9.0
LT05_191024_20040225,2004-02-25,191.0,24.0,100.0,9.0
LT05_191024_20040312,2004-03-12,191.0,24.0,24.0,9.0
LT05_191024_20040531,2004-05-31,191.0,24.0,19.0,9.0
LT05_191024_20040616,2004-06-16,191.0,24.0,79.0,9.0
LT05_191024_20040702,2004-07-02,191.0,24.0,70.0,9.0
LT05_191024_20040718,2004-07-18,191.0,24.0,60.0,9.0
LT05_191024_20040803,2004-08-03,191.0,24.0,73.0,9.0
LT05_191024_20040819,2004-08-19,191.0,24.0,64.0,9.0
LT05_191024_20040904,2004-09-04,191.0,24.0,0.0,9.0
LT05_191024_20040920,2004-09-20,191.0,24.0,81.0,9.0
LT05_191024_20041123,2004-11-23,191.0,24.0,48.0,9.0
LT05_191024_20050211,2005-02-11,191.0,24.0,72.0,9.0
LT05_191024_20050227,2005-02-27,191.0,24.0,38.0,9.0
LT05_191024_20050416,2005-04-16,191.0,24.0,16.0,9.0
LT05_191024_20050502,2005-05-02,191.0,24.0,24.0,9.0
LT05_191024_20050603,2005-06-03,191.0,24.0,53.0,9.0
LT05_191024_20050619,2005-06-19,191.0,24.0,38.0,9.0
LT05_191024_20050705,2005-07-05,191.0,24.0,90.0,9.0
LT05_191024_20050806,2005-08-06,191.0,24.0,87.0,9.0
LT05_191024_20050822,2005-08-22,191.0,24.0,28.0,9.0
LT05_191024_20050907,2005-09-07,191.0,24.0,0.0,9.0
LT05_191024_20050923,2005-09-23,191.0,24.0,0.0,9.0
LT05_191024_20051009,2005-10-09,191.0,24.0,28.0,9.0
LT05_191024_20051110,2005-11-10,191.0,24.0,73.0,9.0
LT05_191024_20060214,2006-02-14,191.0,24.0,80.0,9.0
LT05_191024_20060302,2006-03-02,191.0,24.0,57.0,9.0
LT05_191024_20060403,2006-04-03,191.0,24.0,66.0,9.0
LT05_191024_20060419,2006-04-19,191.0,24.0,46.0,9.0
LT05_191024_20060505,2006-05-05,191.0,24.0,4.0,9.0
LT05_191024_20060521,2006-05-21,191.0,24.0,94.0,9.0
LT05_191024_20060606,2006-06-06,191.0,24.0,79.0,9.0
LT05_191024_20060622,2006-06-22,191.0,24.0,57.0,9.0
LT05_191024_20060708,2006-07-08,191.0,24.0,24.0,9.0
LT05_191024_20060724,2006-07-24,191.0,24.0,45.0,9.0
LT05_191024_20060809,2006-08-09,191.0,24.0,71.0,9.0
LT05_191024_20060910,2006-09-10,191.0,24.0,18.0,9.0
LT05_191024_20060926,2006-09-26,191.0,24.0,0.0,9.0
LT05_191024_20061012,2006-10-12,191.0,24.0,57.0,9.0
LT05_191024_20061028,2006-10-28,191.0,24.0,74.0,9.0
LT05_191024_20061129,2006-11-29,191.0,24.0,71.0,9.0
LT05_191024_20070217,2007-02-17,191.0,24.0,2.0,9.0
LT05_191024_20070508,2007-05-08,191.0,24.0,85.0,9.0
LT05_191024_20070524,2007-05-24,191.0,24.0,9.0,9.0
LT05_191024_20070609,2007-06-09,191.0,24.0,31.0,9.0
LT05_191024_20070625,2007-06-25,191.0,24.0,35.0,9.0
LT05_191024_20070711,2007-07-11,191.0,24.0,49.0,9.0
LT05_191024_20070727,2007-07-27,191.0,24.0,41.0,9.0
LT05_191024_20070828,2007-08-28,191.0,24.0,61.0,9.0
LT05_191024_20080729,2008-07-29,191.0,24.0,0.0,9.0
LT05_191024_20080830,2008-08-30,191.0,24.0,28.0,9.0
LT05_191024_20090206,2009-02-06,191.0,24.0,84.0,9.0
LT05_191024_20090427,2009-04-27,191.0,24.0,9.0,9.0
LT05_191024_20090513,2009-05-13,191.0,24.0,9.0,9.0
LT05_191024_20090614,2009-06-14,191.0,24.0,0.0,9.0
LT05_191024_20090630,2009-06-30,191.0,24.0,23.0,9.0
LT05_191024_20090716,2009-07-16,191.0,24.0,29.0,9.0
LT05_191024_20090801,2009-08-01,191.0,24.0,0.0,9.0
LT05_191024_20090817,2009-08-17,191.0,24.0,76.0,9.0
LT05_191024_20090902,2009-09-02,191.0,24.0,62.0,9.0
LT05_191024_20090918,2009-09-18,191.0,24.0,1.0,9.0
LT05_191024_20091004,2009-10-04,191.0,24.0,95.0,9.0
LT05_191024_20091020,2009-10-20,191.0,24.0,91.0,9.0
LT05_191024_20091105,2009-11-05,191.0,24.0,62.0,9.0
LT05_191024_20091121,2009-11-21,191.0,24.0,84.0,9.0
LT05_191024_20100124,2010-01-24,191.0,24.0,14.0,9.0
LT05_191024_20100209,2010-02-09,191.0,24.0,78.0,9.0
LT05_191024_20100430,2010-04-30,191.0,24.0,41.0,9.0
LT05_191024_20100617,2010-06-17,191.0,24.0,2.0,9.0
LT05_191024_20100703,2010-07-03,191.0,24.0,1.0,9.0
LT05_191024_20100719,2010-07-19,191.0,24.0,64.0,9.0
LT05_191024_20100804,2010-08-04,191.0,24.0,46.0,9.0
LT05_191024_20100820,2010-08-20,191.0,24.0,3.0,9.0
LT05_191024_20100905,2010-09-05,191.0,24.0,13.0,9.0
LT05_191024_20100921,2010-09-21,191.0,24.0,50.0,9.0
LT05_191024_20101007,2010-10-07,191.0,24.0,73.0,9.0
LT05_191024_20101023,2010-10-23,191.0,24.0,7.0,9.0
LT05_191024_20110212,2011-02-12,191.0,24.0,5.0,9.0
LT05_191024_20110228,2011-02-28,191.0,24.0,12.0,9.0
LT05_191024_20110417,2011-04-17,191.0,24.0,75.0,9.0
LT05_191024_20110503,2011-05-03,191.0,24.0,95.0,9.0
LT05_191024_20110519,2011-05-19,191.0,24.0,5.0,9.0
LT05_191024_20110604,2011-06-04,191.0,24.0,1.0,9.0
LT05_191024_20110620,2011-06-20,191.0,24.0,81.0,9.0
LT05_191024_20110706,2011-07-06,191.0,24.0,14.0,9.0
LT05_191024_20110823,2011-08-23,191.0,24.0,44.0,9.0
LT05_191024_20110924,2011-09-24,191.0,24.0,0.0,9.0
LT05_191024_20111026,2011-10-26,191.0,24.0,89.0,9.0
LT05_191025_20000113,2000-01-13,191.0,25.0,68.0,9.0
LT05_191025_20000504,2000-05-04,191.0,25.0,19.0,9.0
LT05_191025_20000605,2000-06-05,191.0,25.0,7.0,9.0
LT05_191025_20000723,2000-07-23,191.0,25.0,41.0,7.0
LT05_191025_20000808,2000-08-08,191.0,25.0,86.0,9.0
LT05_191025_20000909,2000-09-09,191.0,25.0,4.0,9.0
LT05_191025_20001027,2000-10-27,191.0,25.0,62.0,9.0
LT05_191025_20010115,2001-01-15,191.0,25.0,13.0,9.0
LT05_191025_20010523,2001-05-23,191.0,25.0,0.0,7.0
LT05_191025_20010624,2001-06-24,191.0,25.0,38.0,9.0
LT05_191025_20010726,2001-07-26,191.0,25.0,64.0,9.0
LT05_191025_20010811,2001-08-11,191.0,25.0,58.0,9.0
LT05_191025_20010827,2001-08-27,191.0,25.0,59.0,9.0
LT05_191025_20011115,2001-11-15,191.0,25.0,40.0,9.0
LT05_191025_20020203,2002-02-03,191.0,25.0,9.0,9.0
LT05_191025_20020219,2002-02-19,191.0,25.0,33.0,9.0
LT05_191025_20020307,2002-03-07,191.0,25.0,85.0,9.0
LT05_191025_20020611,2002-06-11,191.0,25.0,58.0,9.0
LT05_191025_20020627,2002-06-27,191.0,25.0,28.0,9.0
LT05_191025_20030716,2003-07-16,191.0,25.0,12.0,9.0
LT05_191025_20030801,2003-08-01,191.0,25.0,14.0,9.0
LT05_191025_20030817,2003-08-17,191.0,25.0,38.0,9.0
LT05_191025_20030902,2003-09-02,191.0,25.0,90.0,9.0
LT05_191025_20030918,2003-09-18,191.0,25.0,2.0,9.0
LT05_191025_20040124,2004-01-24,191.0,25.0,11.0,9.0
LT05_191025_20040225,2004-02-25,191.0,25.0,76.0,9.0
LT05_191025_20040312,2004-03-12,191.0,25.0,33.0,9.0
LT05_191025_20040413,2004-04-13,191.0,25.0,88.0,9.0
LT05_191025_20040531,2004-05-31,191.0,25.0,33.0,9.0
LT05_191025_20040702,2004-07-02,191.0,25.0,89.0,9.0
LT05_191025_20040718,2004-07-18,191.0,25.0,19.0,9.0
LT05_191025_20040803,2004-08-03,191.0,25.0,55.0,9.0
LT05_191025_20040819,2004-08-19,191.0,25.0,28.0,9.0
LT05_191025_20040904,2004-09-04,191.0,25.0,1.0,9.0
LT05_191025_20040920,2004-09-20,191.0,25.0,39.0,9.0
LT05_191025_20041022,2004-10-22,191.0,25.0,49.0,9.0
LT05_191025_20041209,2004-12-09,191.0,25.0,94.0,9.0
LT05_191025_20041225,2004-12-25,191.0,25.0,69.0,9.0
LT05_191025_20050110,2005-01-10,191.0,25.0,67.0,9.0
LT05_191025_20050126,2005-01-26,191.0,25.0,76.0,7.0
LT05_191025_20050227,2005-02-27,191.0,25.0,15.0,9.0
LT05_191025_20050315,2005-03-15,191.0,25.0,86.0,9.0
LT05_191025_20050331,2005-03-31,191.0,25.0,0.0,9.0
LT05_191025_20050416,2005-04-16,191.0,25.0,10.0,9.0
LT05_191025_20050502,2005-05-02,191.0,25.0,1.0,9.0
LT05_191025_20050603,2005-06-03,191.0,25.0,13.0,9.0
LT05_191025_20050619,2005-06-19,191.0,25.0,22.0,9.0
LT05_191025_20050721,2005-07-21,191.0,25.0,88.0,9.0
LT05_191025_20050806,2005-08-06,191.0,25.0,77.0,9.0
LT05_191025_20050822,2005-08-22,191.0,25.0,71.0,9.0
LT05_191025_20050907,2005-09-07,191.0,25.0,1.0,9.0
LT05_191025_20050923,2005-09-23,191.0,25.0,0.0,9.0
LT05_191025_20051009,2005-10-09,191.0,25.0,4.0,9.0
LT05_191025_20051025,2005-10-25,191.0,25.0,88.0,9.0
LT05_191025_20051110,2005-11-10,191.0,25.0,86.0,9.0
LT05_191025_20051126,2005-11-26,191.0,25.0,79.0,9.0
LT05_191025_20060214,2006-02-14,191.0,25.0,31.0,9.0
LT05_191025_20060403,2006-04-03,191.0,25.0,67.0,9.0
LT05_191025_20060419,2006-04-19,191.0,25.0,41.0,9.0
LT05_191025_20060505,2006-05-05,191.0,25.0,7.0,9.0
LT05_191025_20060521,2006-05-21,191.0,25.0,83.0,9.0
LT05_191025_20060622,2006-06-22,191.0,25.0,44.0,9.0
LT05_191025_20060708,2006-07-08,191.0,25.0,63.0,9.0
LT05_191025_20060724,2006-07-24,191.0,25.0,16.0,9.0
LT05_191025_20060809,2006-08-09,191.0,25.0,71.0,9.0
LT05_191025_20060825,2006-08-25,191.0,25.0,84.0,9.0
LT05_191025_20060910,2006-09-10,191.0,25.0,0.0,9.0
LT05_191025_20060926,2006-09-26,191.0,25.0,6.0,9.0
LT05_191025_20061012,2006-10-12,191.0,25.0,56.0,9.0
LT05_191025_20061028,2006-10-28,191.0,25.0,22.0,9.0
LT05_191025_20070116,2007-01-16,191.0,25.0,68.0,9.0
LT05_191025_20070217,2007-02-17,191.0,25.0,8.0,9.0
LT05_191025_20070305,2007-03-05,191.0,25.0,82.0,9.0
LT05_191025_20070508,2007-05-08,191.0,25.0,86.0,9.0
LT05_191025_20070524,2007-05-24,191.0,25.0,12.0,9.0
LT05_191025_20070609,2007-06-09,191.0,25.0,17.0,9.0
LT05_191025_20070625,2007-06-25,191.0,25.0,24.0,9.0
LT05_191025_20070711,2007-07-11,191.0,25.0,65.0,9.0
LT05_191025_20070727,2007-07-27,191.0,25.0,40.0,9.0
LT05_191025_20070828,2007-08-28,191.0,25.0,86.0,9.0
LT05_191025_20070913,2007-09-13,191.0,25.0,78.0,9.0
LT05_191025_20070929,2007-09-29,191.0,25.0,91.0,9.0
LT05_191025_20080307,2008-03-07,191.0,25.0,65.0,9.0
LT05_191025_20080526,2008-05-26,191.0,25.0,100.0,9.0
LT05_191025_20080830,2008-08-30,191.0,25.0,28.0,9.0
LT05_191025_20081001,2008-10-01,191.0,25.0,96.0,9.0
LT05_191025_20081017,2008-10-17,191.0,25.0,69.0,9.0
LT05_191025_20090206,2009-02-06,191.0,25.0,84.0,9.0
LT05_191025_20090427,2009-04-27,191.0,25.0,7.0,9.0
LT05_191025_20090513,2009-05-13,191.0,25.0,39.0,9.0
LT05_191025_20090614,2009-06-14,191.0,25.0,0.0,9.0
LT05_191025_20090630,2009-06-30,191.0,25.0,37.0,9.0
LT05_191025_20090716,2009-07-16,191.0,25.0,23.0,9.0
LT05_191025_20090801,2009-08-01,191.0,25.0,0.0,9.0
LT05_191025_20090817,2009-08-17,191.0,25.0,37.0,9.0
LT05_191025_20090902,2009-09-02,191.0,25.0,55.0,9.0
LT05_191025_20090918,2009-09-18,191.0,25.0,15.0,9.0
LT05_191025_20091004,2009-10-04,191.0,25.0,76.0,9.0
LT05_191025_20091105,2009-11-05,191.0,25.0,57.0,9.0
LT05_191025_20091121,2009-11-21,191.0,25.0,65.0,9.0
LT05_191025_20091207,2009-12-07,191.0,25.0,56.0,9.0
LT05_191025_20100124,2010-01-24,191.0,25.0,27.0,9.0
LT05_191025_20100209,2010-02-09,191.0,25.0,75.0,9.0
LT05_191025_20100329,2010-03-29,191.0,25.0,100.0,9.0
LT05_191025_20100430,2010-04-30,191.0,25.0,49.0,9.0
LT05_191025_20100617,2010-06-17,191.0,25.0,3.0,9.0
LT05_191025_20100703,2010-07-03,191.0,25.0,2.0,9.0
LT05_191025_20100719,2010-07-19,191.0,25.0,50.0,9.0
LT05_191025_20100804,2010-08-04,191.0,25.0,42.0,9.0
LT05_191025_20100820,2010-08-20,191.0,25.0,6.0,9.0
LT05_191025_20100905,2010-09-05,191.0,25.0,30.0,9.0
LT05_191025_20100921,2010-09-21,191.0,25.0,5.0,9.0
LT05_191025_20101007,2010-10-07,191.0,25.0,77.0,9.0
LT05_191025_20101023,2010-10-23,191.0,25.0,6.0,9.0
LT05_191025_20110212,2011-02-12,191.0,25.0,23.0,9.0
LT05_191025_20110228,2011-02-28,191.0,25.0,7.0,9.0
LT05_191025_20110316,2011-03-16,191.0,25.0,83.0,9.0
LT05_191025_20110417,2011-04-17,191.0,25.0,67.0,9.0
LT05_191025_20110519,2011-05-19,191.0,25.0,3.0,9.0
LT05_191025_20110604,2011-06-04,191.0,25.0,5.0,9.0
LT05_191025_20110620,2011-06-20,191.0,25.0,69.0,9.0
LT05_191025_20110706,2011-07-06,191.0,25.0,13.0,9.0
LT05_191025_20110823,2011-08-23,191.0,25.0,3.0,9.0
LT05_191025_20110924,2011-09-24,191.0,25.0,1.0,9.0
LT05_191026_20000113,2000-01-13,191.0,26.0,58.0,9.0
LT05_191026_20000504,2000-05-04,191.0,26.0,51.0,9.0
LT05_191026_20000723,2000-07-23,191.0,26.0,21.0,9.0
LT05_191026_20000808,2000-08-08,191.0,26.0,72.0,9.0
LT05_191026_20000909,2000-09-09,191.0,26.0,2.0,7.0
LT05_191026_20001027,2000-10-27,191.0,26.0,66.0,9.0
LT05_191026_20001214,2000-12-14,191.0,26.0,95.0,9.0
LT05_191026_20010115,2001-01-15,191.0,26.0,8.0,9.0
LT05_191026_20010131,2001-01-31,191.0,26.0,80.0,9.0
LT05_191026_20010523,2001-05-23,191.0,26.0,0.0,9.0
LT05_191026_20010608,2001-06-08,191.0,26.0,91.0,9.0
LT05_191026_20010726,2001-07-26,191.0,26.0,57.0,9.0
LT05_191026_20010827,2001-08-27,191.0,26.0,31.0,9.0
LT05_191026_20011115,2001-11-15,191.0,26.0,6.0,7.0
LT05_191026_20020203,2002-02-03,191.0,26.0,4.0,9.0
LT05_191026_20020219,2002-02-19,191.0,26.0,45.0,9.0
LT05_191026_20020323,2002-03-23,191.0,26.0,83.0,9.0
LT05_191026_20020611,2002-06-11,191.0,26.0,58.0,9.0
LT05_191026_20020627,2002-06-27,191.0,26.0,21.0,9.0
LT05_191026_20030630,2003-06-30,191.0,26.0,11.0,9.0
LT05_191026_20030716,2003-07-16,191.0,26.0,2.0,9.0
LT05_191026_20030801,2003-08-01,191.0,26.0,53.0,9.0
LT05_191026_20030817,2003-08-17,191.0,26.0,57.0,9.0
LT05_191026_20030918,2003-09-18,191.0,26.0,0.0,7.0
LT05_191026_20031004,2003-10-04,191.0,26.0,97.0,9.0
LT05_191026_20040108,2004-01-08,191.0,26.0,6.0,9.0
LT05_191026_20040124,2004-01-24,191.0,26.0,1.0,9.0
LT05_191026_20040225,2004-02-25,191.0,26.0,46.0,9.0
LT05_191026_20040312,2004-03-12,191.0,26.0,16.0,9.0
LT05_191026_20040413,2004-04-13,191.0,26.0,67.0,9.0
LT05_191026_20040515,2004-05-15,191.0,26.0,74.0,9.0
LT05_191026_20040531,2004-05-31,191.0,26.0,7.0,9.0
LT05_191026_20040616,2004-06-16,191.0,26.0,83.0,9.0
LT05_191026_20040718,2004-07-18,191.0,26.0,11.0,9.0
LT05_191026_20040803,2004-08-03,191.0,26.0,35.0,9.0
LT05_191026_20040819,2004-08-19,191.0,26.0,3.0,9.0
LT05_191026_20040904,2004-09-04,191.0,26.0,22.0,9.0
LT05_191026_20040920,2004-09-20,191.0,26.0,32.0,9.0
LT05_191026_20041022,2004-10-22,191.0,26.0,92.0,9.0
LT05_191026_20041107,2004-11-07,191.0,26.0,93.0,9.0
LT05_191026_20041209,2004-12-09,191.0,26.0,68.0,9.0
LT05_191026_20041225,2004-12-25,191.0,26.0,67.0,9.0
LT05_191026_20050110,2005-01-10,191.0,26.0,31.0,9.0
LT05_191026_20050227,2005-02-27,191.0,26.0,67.0,9.0
LT05_191026_20050331,2005-03-31,191.0,26.0,1.0,9.0
LT05_191026_20050416,2005-04-16,191.0,26.0,10.0,9.0
LT05_191026_20050502,2005-05-02,191.0,26.0,3.0,9.0
LT05_191026_20050603,2005-06-03,191.0,26.0,2.0,9.0
LT05_191026_20050619,2005-06-19,191.0,26.0,33.0,9.0
LT05_191026_20050721,2005-07-21,191.0,26.0,63.0,9.0
LT05_191026_20050806,2005-08-06,191.0,26.0,73.0,9.0
LT05_191026_20050907,2005-09-07,191.0,26.0,0.0,9.0
LT05_191026_20050923,2005-09-23,191.0,26.0,3.0,9.0
LT05_191026_20051009,2005-10-09,191.0,26.0,10.0,9.0
LT05_191026_20051025,2005-10-25,191.0,26.0,89.0,9.0
LT05_191026_20051110,2005-11-10,191.0,26.0,78.0,9.0
LT05_191026_20060214,2006-02-14,191.0,26.0,32.0,9.0
LT05_191026_20060403,2006-04-03,191.0,26.0,80.0,9.0
LT05_191026_20060419,2006-04-19,191.0,26.0,37.0,9.0
LT05_191026_20060505,2006-05-05,191.0,26.0,0.0,9.0
LT05_191026_20060622,2006-06-22,191.0,26.0,46.0,9.0
LT05_191026_20060708,2006-07-08,191.0,26.0,74.0,9.0
LT05_191026_20060724,2006-07-24,191.0,26.0,10.0,9.0
LT05_191026_20060809,2006-08-09,191.0,26.0,67.0,9.0
LT05_191026_20060825,2006-08-25,191.0,26.0,66.0,9.0
LT05_191026_20060910,2006-09-10,191.0,26.0,0.0,9.0
LT05_191026_20060926,2006-09-26,191.0,26.0,59.0,9.0
LT05_191026_20061012,2006-10-12,191.0,26.0,34.0,9.0
LT05_191026_20061028,2006-10-28,191.0,26.0,83.0,9.0
LT05_191026_20061129,2006-11-29,191.0,26.0,85.0,9.0
LT05_191026_20061231,2006-12-31,191.0,26.0,23.0,9.0
LT05_191026_20070116,2007-01-16,191.0,26.0,81.0,9.0
LT05_191026_20070201,2007-02-01,191.0,26.0,89.0,9.0
LT05_191026_20070217,2007-02-17,191.0,26.0,31.0,9.0
LT05_191026_20070305,2007-03-05,191.0,26.0,25.0,9.0
LT05_191026_20070508,2007-05-08,191.0,26.0,75.0,9.0
LT05_191026_20070524,2007-05-24,191.0,26.0,19.0,9.0
LT05_191026_20070609,2007-06-09,191.0,26.0,11.0,9.0
LT05_191026_20070625,2007-06-25,191.0,26.0,1.0,9.0
LT05_191026_20070711,2007-07-11,191.0,26.0,76.0,9.0
LT05_191026_20070727,2007-07-27,191.0,26.0,86.0,9.0
LT05_191026_20070828,2007-08-28,191.0,26.0,60.0,9.0
LT05_191026_20070913,2007-09-13,191.0,26.0,56.0,9.0
LT05_191026_20070929,2007-09-29,191.0,26.0,57.0,9.0
LT05_191026_20080307,2008-03-07,191.0,26.0,21.0,9.0
LT05_191026_20080526,2008-05-26,191.0,26.0,87.0,9.0
LT05_191026_20080729,2008-07-29,191.0,26.0,5.0,9.0
LT05_191026_20081001,2008-10-01,191.0,26.0,94.0,9.0
LT05_191026_20090206,2009-02-06,191.0,26.0,83.0,9.0
LT05_191026_20090310,2009-03-10,191.0,26.0,92.0,9.0
LT05_191026_20090427,2009-04-27,191.0,26.0,1.0,9.0
LT05_191026_20090513,2009-05-13,191.0,26.0,88.0,9.0
LT05_191026_20090614,2009-06-14,191.0,26.0,0.0,9.0
LT05_191026_20090630,2009-06-30,191.0,26.0,59.0,9.0
LT05_191026_20090716,2009-07-16,191.0,26.0,7.0,9.0
LT05_191026_20090801,2009-08-01,191.0,26.0,4.0,9.0
LT05_191026_20090817,2009-08-17,191.0,26.0,8.0,9.0
LT05_191026_20090902,2009-09-02,191.0,26.0,90.0,9.0
LT05_191026_20090918,2009-09-18,191.0,26.0,76.0,9.0
LT05_191026_20091004,2009-10-04,191.0,26.0,41.0,9.0
LT05_191026_20091020,2009-10-20,191.0,26.0,88.0,9.0
LT05_191026_20091105,2009-11-05,191.0,26.0,54.0,9.0
LT05_191026_20091121,2009-11-21,191.0,26.0,40.0,9.0
LT05_191026_20091207,2009-12-07,191.0,26.0,91.0,9.0
LT05_191026_20100225,2010-02-25,191.0,26.0,58.0,9.0
LT05_191026_20100329,2010-03-29,191.0,26.0,93.0,9.0
LT05_191026_20100617,2010-06-17,191.0,26.0,81.0,9.0
LT05_191026_20100703,2010-07-03,191.0,26.0,9.0,9.0
LT05_191026_20100719,2010-07-19,191.0,26.0,78.0,9.0
LT05_191026_20100804,2010-08-04,191.0,26.0,30.0,9.0
LT05_191026_20100820,2010-08-20,191.0,26.0,11.0,9.0
LT05_191026_20100905,2010-09-05,191.0,26.0,33.0,9.0
LT05_191026_20100921,2010-09-21,191.0,26.0,0.0,9.0
LT05_191026_20101007,2010-10-07,191.0,26.0,90.0,9.0
LT05_191026_20101023,2010-10-23,191.0,26.0,73.0,9.0
LT05_191026_20101226,2010-12-26,191.0,26.0,70.0,9.0
LT05_191026_20110127,2011-01-27,191.0,26.0,87.0,9.0
LT05_191026_20110212,2011-02-12,191.0,26.0,85.0,9.0
LT05_191026_20110228,2011-02-28,191.0,26.0,27.0,9.0
LT05_191026_20110316,2011-03-16,191.0,26.0,100.0,9.0
LT05_191026_20110417,2011-04-17,191.0,26.0,31.0,9.0
LT05_191026_20110519,2011-05-19,191.0,26.0,6.0,9.0
LT05_191026_20110604,2011-06-04,191.0,26.0,12.0,9.0
LT05_191026_20110620,2011-06-20,191.0,26.0,68.0,9.0
LT05_191026_20110706,2011-07-06,191.0,26.0,30.0,9.0
LT05_191026_20110722,2011-07-22,191.0,26.0,81.0,9.0
LT05_191026_20110823,2011-08-23,191.0,26.0,0.0,9.0
LT05_191026_20110924,2011-09-24,191.0,26.0,1.0,9.0
LT05_191026_20111111,2011-11-11,191.0,26.0,74.0,9.0
LT05_191027_20000113,2000-01-13,191.0,27.0,25.0,9.0
LT05_191027_20000129,2000-01-29,191.0,27.0,61.0,9.0
LT05_191027_20000504,2000-05-04,191.0,27.0,85.0,9.0
LT05_191027_20000723,2000-07-23,191.0,27.0,33.0,9.0
LT05_191027_20000808,2000-08-08,191.0,27.0,62.0,9.0
LT05_191027_20000909,2000-09-09,191.0,27.0,5.0,9.0
LT05_191027_20001027,2000-10-27,191.0,27.0,65.0,9.0
LT05_191027_20001214,2000-12-14,191.0,27.0,80.0,9.0
LT05_191027_20001230,2000-12-30,191.0,27.0,72.0,9.0
LT05_191027_20010115,2001-01-15,191.0,27.0,2.0,9.0
LT05_191027_20010131,2001-01-31,191.0,27.0,53.0,9.0
LT05_191027_20010523,2001-05-23,191.0,27.0,39.0,9.0
LT05_191027_20010608,2001-06-08,191.0,27.0,50.0,7.0
LT05_191027_20010624,2001-06-24,191.0,27.0,5.0,9.0
LT05_191027_20010726,2001-07-26,191.0,27.0,54.0,9.0
LT05_191027_20010827,2001-08-27,191.0,27.0,24.0,9.0
LT05_191027_20010912,2001-09-12,191.0,27.0,93.0,9.0
LT05_191027_20020118,2002-01-18,191.0,27.0,24.0,9.0
LT05_191027_20020203,2002-02-03,191.0,27.0,3.0,9.0
LT05_191027_20020219,2002-02-19,191.0,27.0,70.0,9.0
LT05_191027_20020307,2002-03-07,191.0,27.0,100.0,9.0
LT05_191027_20020323,2002-03-23,191.0,27.0,66.0,9.0
LT05_191027_20020611,2002-06-11,191.0,27.0,30.0,9.0
LT05_191027_20020627,2002-06-27,191.0,27.0,16.0,9.0
LT05_191027_20030630,2003-06-30,191.0,27.0,3.0,9.0
LT05_191027_20030716,2003-07-16,191.0,27.0,7.0,9.0
LT05_191027_20030801,2003-08-01,191.0,27.0,88.0,9.0
LT05_191027_20030817,2003-08-17,191.0,27.0,30.0,9.0
LT05_191027_20030902,2003-09-02,191.0,27.0,83.0,9.0
LT05_191027_20030918,2003-09-18,191.0,27.0,1.0,9.0
LT05_191027_20031004,2003-10-04,191.0,27.0,81.0,9.0
LT05_191027_20031020,2003-10-20,191.0,27.0,86.0,9.0
LT05_191027_20040108,2004-01-08,191.0,27.0,21.0,9.0
LT05_191027_20040124,2004-01-24,191.0,27.0,1.0,9.0
LT05_191027_20040209,2004-02-09,191.0,27.0,93.0,9.0
LT05_191027_20040225,2004-02-25,191.0,27.0,6.0,9.0
LT05_191027_20040312,2004-03-12,191.0,27.0,26.0,9.0
LT05_191027_20040515,2004-05-15,191.0,27.0,66.0,9.0
LT05_191027_20040531,2004-05-31,191.0,27.0,23.0,9.0
LT05_191027_20040718,2004-07-18,191.0,27.0,13.0,9.0
LT05_191027_20040803,2004-08-03,191.0,27.0,42.0,9.0
LT05_191027_20040819,2004-08-19,191.0,27.0,1.0,9.0
LT05_191027_20040904,2004-09-04,191.0,27.0,85.0,9.0
LT05_191027_20040920,2004-09-20,191.0,27.0,8.0,9.0
LT05_191027_20041107,2004-11-07,191.0,27.0,93.0,9.0
LT05_191027_20041123,2004-11-23,191.0,27.0,86.0,9.0
LT05_191027_20041209,2004-12-09,191.0,27.0,25.0,9.0
LT05_191027_20041225,2004-12-25,191.0,27.0,13.0,9.0
LT05_191027_20050110,2005-01-10,191.0,27.0,8.0,9.0
LT05_191027_20050331,2005-03-31,191.0,27.0,70.0,9.0
LT05_191027_20050416,2005-04-16,191.0,27.0,30.0,9.0
LT05_191027_20050502,2005-05-02,191.0,27.0,7.0,9.0
LT05_191027_20050603,2005-06-03,191.0,27.0,6.0,9.0
LT05_191027_20050619,2005-06-19,191.0,27.0,8.0,9.0
LT05_191027_20050721,2005-07-21,191.0,27.0,54.0,9.0
LT05_191027_20050806,2005-08-06,191.0,27.0,84.0,9.0
LT05_191027_20050907,2005-09-07,191.0,27.0,4.0,9.0
LT05_191027_20050923,2005-09-23,191.0,27.0,32.0,9.0
LT05_191027_20051009,2005-10-09,191.0,27.0,32.0,9.0
LT05_191027_20051025,2005-10-25,191.0,27.0,67.0,9.0
LT05_191027_20060214,2006-02-14,191.0,27.0,60.0,9.0
LT05_191027_20060302,2006-03-02,191.0,27.0,48.0,9.0
LT05_191027_20060403,2006-04-03,191.0,27.0,96.0,9.0
LT05_191027_20060419,2006-04-19,191.0,27.0,72.0,9.0
LT05_191027_20060505,2006-05-05,191.0,27.0,27.0,9.0
LT05_191027_20060622,2006-06-22,191.0,27.0,46.0,9.0
LT05_191027_20060708,2006-07-08,191.0,27.0,88.0,9.0
LT05_191027_20060724,2006-07-24,191.0,27.0,42.0,9.0
LT05_191027_20060809,2006-08-09,191.0,27.0,74.0,9.0
LT05_191027_20060825,2006-08-25,191.0,27.0,64.0,9.0
LT05_191027_20060910,2006-09-10,191.0,27.0,1.0,9.0
LT05_191027_20060926,2006-09-26,191.0,27.0,50.0,9.0
LT05_191027_20061012,2006-10-12,191.0,27.0,4.0,9.0
LT05_191027_20061028,2006-10-28,191.0,27.0,80.0,9.0
LT05_191027_20061129,2006-11-29,191.0,27.0,54.0,9.0
LT05_191027_20061215,2006-12-15,191.0,27.0,7.0,9.0
LT05_191027_20061231,2006-12-31,191.0,27.0,64.0,9.0
LT05_191027_20070217,2007-02-17,191.0,27.0,14.0,9.0
LT05_191027_20070305,2007-03-05,191.0,27.0,25.0,9.0
LT05_191027_20070508,2007-05-08,191.0,27.0,86.0,9.0
LT05_191027_20070524,2007-05-24,191.0,27.0,11.0,9.0
LT05_191027_20070609,2007-06-09,191.0,27.0,26.0,9.0
LT05_191027_20070625,2007-06-25,191.0,27.0,7.0,9.0
LT05_191027_20070711,2007-07-11,191.0,27.0,78.0,9.0
LT05_191027_20070727,2007-07-27,191.0,27.0,63.0,9.0
LT05_191027_20070812,2007-08-12,191.0,27.0,94.0,9.0
LT05_191027_20070828,2007-08-28,191.0,27.0,81.0,9.0
LT05_191027_20070929,2007-09-29,191.0,27.0,22.0,9.0
LT05_191027_20080307,2008-03-07,191.0,27.0,82.0,9.0
LT05_191027_20080526,2008-05-26,191.0,27.0,89.0,9.0
LT05_191027_20080611,2008-06-11,191.0,27.0,79.0,9.0
LT05_191027_20080729,2008-07-29,191.0,27.0,17.0,9.0
LT05_191027_20080830,2008-08-30,191.0,27.0,30.0,9.0
LT05_191027_20081017,2008-10-17,191.0,27.0,54.0,9.0
LT05_191027_20081102,2008-11-02,191.0,27.0,25.0,9.0
LT05_191027_20090206,2009-02-06,191.0,27.0,73.0,9.0
LT05_191027_20090222,2009-02-22,191.0,27.0,88.0,9.0
LT05_191027_20090310,2009-03-10,191.0,27.0,88.0,9.0
LT05_191027_20090326,2009-03-26,191.0,27.0,79.0,9.0
LT05_191027_20090427,2009-04-27,191.0,27.0,67.0,9.0
LT05_191027_20090513,2009-05-13,191.0,27.0,84.0,9.0
LT05_191027_20090614,2009-06-14,191.0,27.0,3.0,9.0
LT05_191027_20090630,2009-06-30,191.0,27.0,78.0,9.0
LT05_191027_20090716,2009-07-16,191.0,27.0,15.0,9.0
LT05_191027_20090801,2009-08-01,191.0,27.0,17.0,9.0
LT05_191027_20090817,2009-08-17,191.0,27.0,12.0,9.0
LT05_191027_20090902,2009-09-02,191.0,27.0,88.0,9.0
LT05_191027_20090918,2009-09-18,191.0,27.0,74.0,9.0
LT05_191027_20091004,2009-10-04,191.0,27.0,4.0,9.0
LT05_191027_20091020,2009-10-20,191.0,27.0,4.0,9.0
LT05_191027_20091105,2009-11-05,191.0,27.0,36.0,9.0
LT05_191027_20091121,2009-11-21,191.0,27.0,23.0,9.0
LT05_191027_20100124,2010-01-24,191.0,27.0,100.0,9.0
LT05_191027_20100209,2010-02-09,191.0,27.0,48.0,9.0
LT05_191027_20100313,2010-03-13,191.0,27.0,63.0,9.0
LT05_191027_20100329,2010-03-29,191.0,27.0,82.0,9.0
LT05_191027_20100430,2010-04-30,191.0,27.0,35.0,9.0
LT05_191027_20100601,2010-06-01,191.0,27.0,86.0,9.0
LT05_191027_20100617,2010-06-17,191.0,27.0,75.0,9.0
LT05_191027_20100703,2010-07-03,191.0,27.0,8.0,9.0
LT05_191027_20100719,2010-07-19,191.0,27.0,49.0,9.0
LT05_191027_20100804,2010-08-04,191.0,27.0,55.0,9.0
LT05_191027_20100820,2010-08-20,191.0,27.0,55.0,9.0
LT05_191027_20100905,2010-09-05,191.0,27.0,46.0,9.0
LT05_191027_20100921,2010-09-21,191.0,27.0,2.0,9.0
LT05_191027_20101007,2010-10-07,191.0,27.0,69.0,9.0
LT05_191027_20101023,2010-10-23,191.0,27.0,99.0,9.0
LT05_191027_20110111,2011-01-11,191.0,27.0,70.0,9.0
LT05_191027_20110212,2011-02-12,191.0,27.0,95.0,9.0
LT05_191027_20110228,2011-02-28,191.0,27.0,53.0,9.0
LT05_191027_20110417,2011-04-17,191.0,27.0,40.0,9.0
LT05_191027_20110503,2011-05-03,191.0,27.0,85.0,9.0
LT05_191027_20110519,2011-05-19,191.0,27.0,16.0,9.0
LT05_191027_20110604,2011-06-04,191.0,27.0,71.0,9.0
LT05_191027_20110620,2011-06-20,191.0,27.0,91.0,9.0
LT05_191027_20110706,2011-07-06,191.0,27.0,44.0,9.0
LT05_191027_20110722,2011-07-22,191.0,27.0,79.0,9.0
LT05_191027_20110823,2011-08-23,191.0,27.0,0.0,9.0
LT05_191027_20110924,2011-09-24,191.0,27.0,32.0,9.0
LT05_191027_20111111,2011-11-11,191.0,27.0,70.0,9.0
LT05_192022_20000612,2000-06-12,192.0,22.0,83.0,9.0
LT05_192022_20000628,2000-06-28,192.0,22.0,62.0,7.0
LT05_192022_20001119,2000-11-19,192.0,22.0,7.0,9.0
LT05_192022_20010615,2001-06-15,192.0,22.0,44.0,9.0
LT05_192022_20010802,2001-08-02,192.0,22.0,31.0,9.0
LT05_192022_20010818,2001-08-18,192.0,22.0,70.0,9.0
LT05_192022_20010903,2001-09-03,192.0,22.0,59.0,9.0
LT05_192022_20010919,2001-09-19,192.0,22.0,76.0,9.0
LT05_192022_20020210,2002-02-10,192.0,22.0,66.0,9.0
LT05_192022_20020517,2002-05-17,192.0,22.0,55.0,9.0
LT05_192022_20020618,2002-06-18,192.0,22.0,0.0,9.0
LT05_192022_20030723,2003-07-23,192.0,22.0,10.0,9.0
LT05_192022_20030808,2003-08-08,192.0,22.0,23.0,9.0
LT05_192022_20030824,2003-08-24,192.0,22.0,47.0,9.0
LT05_192022_20030909,2003-09-09,192.0,22.0,24.0,9.0
LT05_192022_20030925,2003-09-25,192.0,22.0,86.0,9.0
LT05_192022_20031011,2003-10-11,192.0,22.0,45.0,9.0
LT05_192022_20040216,2004-02-16,192.0,22.0,23.0,9.0
LT05_192022_20040303,2004-03-03,192.0,22.0,80.0,9.0
LT05_192022_20040506,2004-05-06,192.0,22.0,5.0,9.0
LT05_192022_20040522,2004-05-22,192.0,22.0,17.0,9.0
LT05_192022_20040607,2004-06-07,192.0,22.0,91.0,9.0
LT05_192022_20040725,2004-07-25,192.0,22.0,41.0,9.0
LT05_192022_20040810,2004-08-10,192.0,22.0,17.0,9.0
LT05_192022_20040826,2004-08-26,192.0,22.0,62.0,9.0
LT05_192022_20041114,2004-11-14,192.0,22.0,3.0,9.0
LT05_192022_20050509,2005-05-09,192.0,22.0,34.0,9.0
LT05_192022_20050525,2005-05-25,192.0,22.0,69.0,9.0
LT05_192022_20050610,2005-06-10,192.0,22.0,95.0,9.0
LT05_192022_20050626,2005-06-26,192.0,22.0,21.0,9.0
LT05_192022_20050712,2005-07-12,192.0,22.0,3.0,9.0
LT05_192022_20050728,2005-07-28,192.0,22.0,95.0,9.0
LT05_192022_20050829,2005-08-29,192.0,22.0,0.0,9.0
LT05_192022_20050914,2005-09-14,192.0,22.0,39.0,9.0
LT05_192022_20051016,2005-10-16,192.0,22.0,81.0,9.0
LT05_192022_20051101,2005-11-01,192.0,22.0,0.0,9.0
LT05_192022_20060205,2006-02-05,192.0,22.0,69.0,9.0
LT05_192022_20060309,2006-03-09,192.0,22.0,8.0,9.0
LT05_192022_20060512,2006-05-12,192.0,22.0,0.0,9.0
LT05_192022_20060613,2006-06-13,192.0,22.0,1.0,9.0
LT05_192022_20060629,2006-06-29,192.0,22.0,92.0,9.0
LT05_192022_20060715,2006-07-15,192.0,22.0,57.0,9.0
LT05_192022_20060816,2006-08-16,192.0,22.0,15.0,9.0
LT05_192022_20060901,2006-09-01,192.0,22.0,62.0,9.0
LT05_192022_20060917,2006-09-17,192.0,22.0,17.0,9.0
LT05_192022_20061003,2006-10-03,192.0,22.0,57.0,9.0
LT05_192022_20061019,2006-10-19,192.0,22.0,76.0,9.0
LT05_192022_20070224,2007-02-24,192.0,22.0,93.0,9.0
LT05_192022_20070312,2007-03-12,192.0,22.0,4.0,7.0
LT05_192022_20070515,2007-05-15,192.0,22.0,36.0,9.0
LT05_192022_20070531,2007-05-31,192.0,22.0,30.0,9.0
LT05_192022_20070702,2007-07-02,192.0,22.0,73.0,9.0
LT05_192022_20070718,2007-07-18,192.0,22.0,58.0,9.0
LT05_192022_20070803,2007-08-03,192.0,22.0,95.0,9.0
LT05_192022_20070819,2007-08-19,192.0,22.0,17.0,9.0
LT05_192022_20070904,2007-09-04,192.0,22.0,68.0,9.0
LT05_192022_20070920,2007-09-20,192.0,22.0,69.0,9.0
LT05_192022_20080314,2008-03-14,192.0,22.0,91.0,9.0
LT05_192022_20080415,2008-04-15,192.0,22.0,97.0,7.0
LT05_192022_20080517,2008-05-17,192.0,22.0,63.0,9.0
LT05_192022_20080618,2008-06-18,192.0,22.0,61.0,9.0
LT05_192022_20080704,2008-07-04,192.0,22.0,9.0,9.0
LT05_192022_20080821,2008-08-21,192.0,22.0,35.0,9.0
LT05_192022_20090520,2009-05-20,192.0,22.0,76.0,9.0
LT05_192022_20090605,2009-06-05,192.0,22.0,87.0,9.0
LT05_192022_20090621,2009-06-21,192.0,22.0,41.0,9.0
LT05_192022_20090707,2009-07-07,192.0,22.0,31.0,9.0
LT05_192022_20090723,2009-07-23,192.0,22.0,59.0,9.0
LT05_192022_20090808,2009-08-08,192.0,22.0,2.0,9.0
LT05_192022_20090824,2009-08-24,192.0,22.0,2.0,9.0
LT05_192022_20090909,2009-09-09,192.0,22.0,8.0,9.0
LT05_192022_20090925,2009-09-25,192.0,22.0,73.0,9.0
LT05_192022_20100405,2010-04-05,192.0,22.0,65.0,9.0
LT05_192022_20100421,2010-04-21,192.0,22.0,65.0,9.0
LT05_192022_20100608,2010-06-08,192.0,22.0,62.0,9.0
LT05_192022_20100624,2010-06-24,192.0,22.0,8.0,9.0
LT05_192022_20100710,2010-07-10,192.0,22.0,10.0,9.0
LT05_192022_20100726,2010-07-26,192.0,22.0,67.0,9.0
LT05_192022_20100811,2010-08-11,192.0,22.0,95.0,9.0
LT05_192022_20110424,2011-04-24,192.0,22.0,2.0,9.0
LT05_192022_20110510,2011-05-10,192.0,22.0,0.0,9.0
LT05_192022_20110526,2011-05-26,192.0,22.0,29.0,9.0
LT05_192022_20110611,2011-06-11,192.0,22.0,55.0,9.0
LT05_192022_20110627,2011-06-27,192.0,22.0,9.0,9.0
LT05_192022_20110713,2011-07-13,192.0,22.0,61.0,9.0
LT05_192022_20110814,2011-08-14,192.0,22.0,66.0,9.0
LT05_192022_20110915,2011-09-15,192.0,22.0,52.0,9.0
LT05_192022_20111102,2011-11-02,192.0,22.0,85.0,9.0
LT05_192023_20000527,2000-05-27,192.0,23.0,43.0,9.0
LT05_192023_20000628,2000-06-28,192.0,23.0,82.0,9.0
LT05_192023_20000831,2000-08-31,192.0,23.0,67.0,9.0
LT05_192023_20001103,2000-11-03,192.0,23.0,97.0,9.0
LT05_192023_20001119,2000-11-19,192.0,23.0,6.0,9.0
LT05_192023_20010207,2001-02-07,192.0,23.0,93.0,9.0
LT05_192023_20010223,2001-02-23,192.0,23.0,55.0,9.0
LT05_192023_20010615,2001-06-15,192.0,23.0,45.0,9.0
LT05_192023_20010701,2001-07-01,192.0,23.0,92.0,9.0
LT05_192023_20010802,2001-08-02,192.0,23.0,23.0,9.0
LT05_192023_20011122,2001-11-22,192.0,23.0,53.0,9.0
LT05_192023_20020125,2002-01-25,192.0,23.0,47.0,9.0
LT05_192023_20020517,2002-05-17,192.0,23.0,65.0,9.0
LT05_192023_20020618,2002-06-18,192.0,23.0,1.0,9.0
LT05_192023_20030723,2003-07-23,192.0,23.0,55.0,9.0
LT05_192023_20030808,2003-08-08,192.0,23.0,40.0,9.0
LT05_192023_20030824,2003-08-24,192.0,23.0,77.0,9.0
LT05_192023_20030909,2003-09-09,192.0,23.0,58.0,9.0
LT05_192023_20030925,2003-09-25,192.0,23.0,32.0,9.0
LT05_192023_20031011,2003-10-11,192.0,23.0,79.0,9.0
LT05_192023_20040131,2004-01-31,192.0,23.0,100.0,9.0
LT05_192023_20040216,2004-02-16,192.0,23.0,74.0,9.0
LT05_192023_20040303,2004-03-03,192.0,23.0,27.0,9.0
LT05_192023_20040420,2004-04-20,192.0,23.0,83.0,9.0
LT05_192023_20040506,2004-05-06,192.0,23.0,27.0,9.0
LT05_192023_20040522,2004-05-22,192.0,23.0,60.0,9.0
LT05_192023_20040607,2004-06-07,192.0,23.0,77.0,9.0
LT05_192023_20040623,2004-06-23,192.0,23.0,54.0,9.0
LT05_192023_20040725,2004-07-25,192.0,23.0,54.0,9.0
LT05_192023_20040810,2004-08-10,192.0,23.0,1.0,9.0
LT05_192023_20040826,2004-08-26,192.0,23.0,75.0,9.0
LT05_192023_20041013,2004-10-13,192.0,23.0,0.0,9.0
LT05_192023_20041114,2004-11-14,192.0,23.0,14.0,9.0
LT05_192023_20050218,2005-02-18,192.0,23.0,79.0,9.0
LT05_192023_20050509,2005-05-09,192.0,23.0,73.0,9.0
LT05_192023_20050525,2005-05-25,192.0,23.0,44.0,9.0
LT05_192023_20050626,2005-06-26,192.0,23.0,75.0,9.0
LT05_192023_20050712,2005-07-12,192.0,23.0,2.0,9.0
LT05_192023_20050728,2005-07-28,192.0,23.0,48.0,9.0
LT05_192023_20050813,2005-08-13,192.0,23.0,92.0,9.0
LT05_192023_20050829,2005-08-29,192.0,23.0,0.0,9.0
LT05_192023_20050914,2005-09-14,192.0,23.0,57.0,9.0
LT05_192023_20050930,2005-09-30,192.0,23.0,92.0,9.0
LT05_192023_20051016,2005-10-16,192.0,23.0,80.0,9.0
LT05_192023_20051101,2005-11-01,192.0,23.0,7.0,9.0
LT05_192023_20060309,2006-03-09,192.0,23.0,63.0,9.0
LT05_192023_20060512,2006-05-12,192.0,23.0,9.0,9.0
LT05_192023_20060528,2006-05-28,192.0,23.0,71.0,9.0
LT05_192023_20060613,2006-06-13,192.0,23.0,1.0,9.0
LT05_192023_20060629,2006-06-29,192.0,23.0,84.0,9.0
LT05_192023_20060715,2006-07-15,192.0,23.0,61.0,9.0
LT05_192023_20060731,2006-07-31,192.0,23.0,75.0,9.0
LT05_192023_20060816,2006-08-16,192.0,23.0,15.0,9.0
LT05_192023_20060917,2006-09-17,192.0,23.0,64.0,9.0
LT05_192023_20061003,2006-10-03,192.0,23.0,70.0,9.0
LT05_192023_20061019,2006-10-19,192.0,23.0,46.0,9.0
LT05_192023_20061120,2006-11-20,192.0,23.0,74.0,9.0
LT05_192023_20070123,2007-01-23,192.0,23.0,11.0,9.0
LT05_192023_20070224,2007-02-24,192.0,23.0,69.0,9.0
LT05_192023_20070312,2007-03-12,192.0,23.0,9.0,9.0
LT05_192023_20070429,2007-04-29,192.0,23.0,2.0,9.0
LT05_192023_20070531,2007-05-31,192.0,23.0,67.0,9.0
LT05_192023_20070702,2007-07-02,192.0,23.0,100.0,9.0
LT05_192023_20070718,2007-07-18,192.0,23.0,91.0,9.0
LT05_192023_20070803,2007-08-03,192.0,23.0,93.0,9.0
LT05_192023_20070819,2007-08-19,192.0,23.0,13.0,9.0
LT05_192023_20070904,2007-09-04,192.0,23.0,69.0,9.0
LT05_192023_20070920,2007-09-20,192.0,23.0,30.0,9.0
LT05_192023_20080314,2008-03-14,192.0,23.0,91.0,9.0
LT05_192023_20080415,2008-04-15,192.0,23.0,96.0,9.0
LT05_192023_20080517,2008-05-17,192.0,23.0,59.0,9.0
LT05_192023_20080602,2008-06-02,192.0,23.0,0.0,9.0
LT05_192023_20080618,2008-06-18,192.0,23.0,47.0,9.0
LT05_192023_20080704,2008-07-04,192.0,23.0,52.0,9.0
LT05_192023_20090520,2009-05-20,192.0,23.0,73.0,9.0
LT05_192023_20090605,2009-06-05,192.0,23.0,61.0,9.0
LT05_192023_20090621,2009-06-21,192.0,23.0,76.0,9.0
LT05_192023_20090707,2009-07-07,192.0,23.0,49.0,9.0
LT05_192023_20090723,2009-07-23,192.0,23.0,58.0,9.0
LT05_192023_20090808,2009-08-08,192.0,23.0,11.0,9.0
LT05_192023_20090824,2009-08-24,192.0,23.0,3.0,9.0
LT05_192023_20090909,2009-09-09,192.0,23.0,27.0,9.0
LT05_192023_20090925,2009-09-25,192.0,23.0,39.0,9.0
LT05_192023_20100421,2010-04-21,192.0,23.0,69.0,9.0
LT05_192023_20100608,2010-06-08,192.0,23.0,21.0,9.0
LT05_192023_20100624,2010-06-24,192.0,23.0,35.0,9.0
LT05_192023_20100710,2010-07-10,192.0,23.0,3.0,9.0
LT05_192023_20100726,2010-07-26,192.0,23.0,75.0,9.0
LT05_192023_20100811,2010-08-11,192.0,23.0,84.0,9.0
LT05_192023_20100912,2010-09-12,192.0,23.0,6.0,9.0
LT05_192023_20101014,2010-10-14,192.0,23.0,85.0,9.0
LT05_192023_20101030,2010-10-30,192.0,23.0,4.0,9.0
LT05_192023_20110307,2011-03-07,192.0,23.0,0.0,9.0
LT05_192023_20110424,2011-04-24,192.0,23.0,2.0,9.0
LT05_192023_20110510,2011-05-10,192.0,23.0,1.0,9.0
LT05_192023_20110526,2011-05-26,192.0,23.0,4.0,9.0
LT05_192023_20110611,2011-06-11,192.0,23.0,15.0,9.0
LT05_192023_20110627,2011-06-27,192.0,23.0,47.0,9.0
LT05_192023_20110713,2011-07-13,192.0,23.0,67.0,9.0
LT05_192023_20110814,2011-08-14,192.0,23.0,38.0,9.0
LT05_192023_20110830,2011-08-30,192.0,23.0,89.0,9.0
LT05_192023_20110915,2011-09-15,192.0,23.0,77.0,9.0
LT05_192023_20111102,2011-11-02,192.0,23.0,48.0,9.0
LT05_192024_20000527,2000-05-27,192.0,24.0,63.0,9.0
LT05_192024_20000612,2000-06-12,192.0,24.0,54.0,9.0
LT05_192024_20000628,2000-06-28,192.0,24.0,82.0,9.0
LT05_192024_20000815,2000-08-15,192.0,24.0,30.0,9.0
LT05_192024_20001103,2000-11-03,192.0,24.0,97.0,9.0
LT05_192024_20001119,2000-11-19,192.0,24.0,4.0,7.0
LT05_192024_20010207,2001-02-07,192.0,24.0,74.0,9.0
LT05_192024_20010223,2001-02-23,192.0,24.0,85.0,9.0
LT05_192024_20010530,2001-05-30,192.0,24.0,71.0,9.0
LT05_192024_20010615,2001-06-15,192.0,24.0,17.0,9.0
LT05_192024_20010701,2001-07-01,192.0,24.0,65.0,9.0
LT05_192024_20010802,2001-08-02,192.0,24.0,39.0,9.0
LT05_192024_20010818,2001-08-18,192.0,24.0,97.0,9.0
LT05_192024_20010903,2001-09-03,192.0,24.0,96.0,9.0
LT05_192024_20010919,2001-09-19,192.0,24.0,25.0,9.0
LT05_192024_20020125,2002-01-25,192.0,24.0,49.0,9.0
LT05_192024_20020210,2002-02-10,192.0,24.0,90.0,9.0
LT05_192024_20020517,2002-05-17,192.0,24.0,10.0,9.0
LT05_192024_20020618,2002-06-18,192.0,24.0,7.0,9.0
LT05_192024_20030723,2003-07-23,192.0,24.0,38.0,9.0
LT05_192024_20030808,2003-08-08,192.0,24.0,25.0,9.0
LT05_192024_20030824,2003-08-24,192.0,24.0,80.0,9.0
LT05_192024_20030909,2003-09-09,192.0,24.0,76.0,9.0
LT05_192024_20030925,2003-09-25,192.0,24.0,3.0,9.0
LT05_192024_20031011,2003-10-11,192.0,24.0,43.0,9.0
LT05_192024_20040131,2004-01-31,192.0,24.0,100.0,9.0
LT05_192024_20040420,2004-04-20,192.0,24.0,93.0,9.0
LT05_192024_20040506,2004-05-06,192.0,24.0,77.0,9.0
LT05_192024_20040522,2004-05-22,192.0,24.0,76.0,9.0
LT05_192024_20040607,2004-06-07,192.0,24.0,49.0,9.0
LT05_192024_20040623,2004-06-23,192.0,24.0,69.0,9.0
LT05_192024_20040709,2004-07-09,192.0,24.0,89.0,9.0
LT05_192024_20040725,2004-07-25,192.0,24.0,35.0,9.0
LT05_192024_20040810,2004-08-10,192.0,24.0,4.0,9.0
LT05_192024_20040826,2004-08-26,192.0,24.0,69.0,9.0
LT05_192024_20041114,2004-11-14,192.0,24.0,88.0,9.0
LT05_192024_20041130,2004-11-30,192.0,24.0,84.0,9.0
LT05_192024_20050117,2005-01-17,192.0,24.0,17.0,7.0
LT05_192024_20050509,2005-05-09,192.0,24.0,62.0,9.0
LT05_192024_20050525,2005-05-25,192.0,24.0,18.0,9.0
LT05_192024_20050626,2005-06-26,192.0,24.0,64.0,9.0
LT05_192024_20050712,2005-07-12,192.0,24.0,23.0,9.0
LT05_192024_20050728,2005-07-28,192.0,24.0,43.0,9.0
LT05_192024_20050829,2005-08-29,192.0,24.0,0.0,9.0
LT05_192024_20050914,2005-09-14,192.0,24.0,75.0,9.0
LT05_192024_20051016,2005-10-16,192.0,24.0,50.0,9.0
LT05_192024_20051101,2005-11-01,192.0,24.0,11.0,9.0
LT05_192024_20051117,2005-11-17,192.0,24.0,64.0,9.0
LT05_192024_20060205,2006-02-05,192.0,24.0,79.0,9.0
LT05_192024_20060309,2006-03-09,192.0,24.0,100.0,9.0
LT05_192024_20060512,2006-05-12,192.0,24.0,16.0,9.0
LT05_192024_20060528,2006-05-28,192.0,24.0,55.0,9.0
LT05_192024_20060613,2006-06-13,192.0,24.0,6.0,9.0
LT05_192024_20060629,2006-06-29,192.0,24.0,76.0,9.0
LT05_192024_20060715,2006-07-15,192.0,24.0,26.0,9.0
LT05_192024_20060731,2006-07-31,192.0,24.0,62.0,9.0
LT05_192024_20060816,2006-08-16,192.0,24.0,14.0,9.0
LT05_192024_20060901,2006-09-01,192.0,24.0,88.0,9.0
LT05_192024_20060917,2006-09-17,192.0,24.0,51.0,9.0
LT05_192024_20061019,2006-10-19,192.0,24.0,26.0,9.0
LT05_192024_20061120,2006-11-20,192.0,24.0,91.0,9.0
LT05_192024_20070123,2007-01-23,192.0,24.0,58.0,9.0
LT05_192024_20070224,2007-02-24,192.0,24.0,37.0,9.0
LT05_192024_20070312,2007-03-12,192.0,24.0,4.0,9.0
LT05_192024_20070429,2007-04-29,192.0,24.0,0.0,9.0
LT05_192024_20070531,2007-05-31,192.0,24.0,84.0,9.0
LT05_192024_20070616,2007-06-16,192.0,24.0,75.0,9.0
LT05_192024_20070718,2007-07-18,192.0,24.0,92.0,9.0
LT05_192024_20070803,2007-08-03,192.0,24.0,82.0,9.0
LT05_192024_20070819,2007-08-19,192.0,24.0,9.0,9.0
LT05_192024_20070904,2007-09-04,192.0,24.0,62.0,9.0
LT05_192024_20070920,2007-09-20,192.0,24.0,10.0,9.0
LT05_192024_20080517,2008-05-17,192.0,24.0,56.0,9.0
LT05_192024_20080618,2008-06-18,192.0,24.0,52.0,9.0
LT05_192024_20080821,2008-08-21,192.0,24.0,39.0,9.0
LT05_192024_20090520,2009-05-20,192.0,24.0,39.0,9.0
LT05_192024_20090605,2009-06-05,192.0,24.0,76.0,9.0
LT05_192024_20090621,2009-06-21,192.0,24.0,72.0,9.0
LT05_192024_20090707,2009-07-07,192.0,24.0,55.0,9.0
LT05_192024_20090723,2009-07-23,192.0,24.0,69.0,9.0
LT05_192024_20090808,2009-08-08,192.0,24.0,31.0,9.0
LT05_192024_20090824,2009-08-24,192.0,24.0,1.0,9.0
LT05_192024_20090909,2009-09-09,192.0,24.0,7.0,9.0
LT05_192024_20090925,2009-09-25,192.0,24.0,33.0,9.0
LT05_192024_20091027,2009-10-27,192.0,24.0,93.0,9.0
LT05_192024_20091112,2009-11-12,192.0,24.0,64.0,9.0
LT05_192024_20091128,2009-11-28,192.0,24.0,56.0,9.0
LT05_192024_20100421,2010-04-21,192.0,24.0,80.0,9.0
LT05_192024_20100507,2010-05-07,192.0,24.0,95.0,9.0
LT05_192024_20100608,2010-06-08,192.0,24.0,38.0,9.0
LT05_192024_20100624,2010-06-24,192.0,24.0,49.0,9.0
LT05_192024_20100710,2010-07-10,192.0,24.0,2.0,9.0
LT05_192024_20100726,2010-07-26,192.0,24.0,78.0,9.0
LT05_192024_20100811,2010-08-11,192.0,24.0,73.0,9.0
LT05_192024_20100827,2010-08-27,192.0,24.0,92.0,9.0
LT05_192024_20100912,2010-09-12,192.0,24.0,1.0,9.0
LT05_192024_20101014,2010-10-14,192.0,24.0,91.0,9.0
LT05_192024_20101030,2010-10-30,192.0,24.0,1.0,9.0
LT05_192024_20110307,2011-03-07,192.0,24.0,0.0,9.0
LT05_192024_20110323,2011-03-23,192.0,24.0,30.0,9.0
LT05_192024_20110424,2011-04-24,192.0,24.0,0.0,9.0
LT05_192024_20110510,2011-05-10,192.0,24.0,0.0,9.0
LT05_192024_20110526,2011-05-26,192.0,24.0,0.0,9.0
LT05_192024_20110611,2011-06-11,192.0,24.0,31.0,9.0
LT05_192024_20110627,2011-06-27,192.0,24.0,41.0,9.0
LT05_192024_20110713,2011-07-13,192.0,24.0,94.0,9.0
LT05_192024_20110814,2011-08-14,192.0,24.0,64.0,9.0
LT05_192024_20110830,2011-08-30,192.0,24.0,71.0,9.0
LT05_192024_20110915,2011-09-15,192.0,24.0,44.0,9.0
LT05_192024_20111017,2011-10-17,192.0,24.0,0.0,9.0
LT05_192024_20111102,2011-11-02,192.0,24.0,6.0,9.0
LT05_192025_20000527,2000-05-27,192.0,25.0,61.0,9.0
LT05_192025_20000815,2000-08-15,192.0,25.0,8.0,9.0
LT05_192025_20000916,2000-09-16,192.0,25.0,99.0,9.0
LT05_192025_20001103,2000-11-03,192.0,25.0,76.0,9.0
LT05_192025_20001119,2000-11-19,192.0,25.0,6.0,9.0
LT05_192025_20010106,2001-01-06,192.0,25.0,91.0,9.0
LT05_192025_20010207,2001-02-07,192.0,25.0,49.0,9.0
LT05_192025_20010223,2001-02-23,192.0,25.0,91.0,9.0
LT05_192025_20010530,2001-05-30,192.0,25.0,21.0,9.0
LT05_192025_20010802,2001-08-02,192.0,25.0,47.0,9.0
LT05_192025_20010818,2001-08-18,192.0,25.0,53.0,7.0
LT05_192025_20010903,2001-09-03,192.0,25.0,54.0,9.0
LT05_192025_20020125,2002-01-25,192.0,25.0,47.0,9.0
LT05_192025_20020210,2002-02-10,192.0,25.0,78.0,9.0
LT05_192025_20020314,2002-03-14,192.0,25.0,78.0,9.0
LT05_192025_20020517,2002-05-17,192.0,25.0,7.0,9.0
LT05_192025_20020618,2002-06-18,192.0,25.0,1.0,9.0
LT05_192025_20030723,2003-07-23,192.0,25.0,59.0,9.0
LT05_192025_20030824,2003-08-24,192.0,25.0,42.0,9.0
LT05_192025_20030909,2003-09-09,192.0,25.0,88.0,9.0
LT05_192025_20030925,2003-09-25,192.0,25.0,4.0,9.0
LT05_192025_20031011,2003-10-11,192.0,25.0,87.0,9.0
LT05_192025_20040115,2004-01-15,192.0,25.0,87.0,9.0
LT05_192025_20040131,2004-01-31,192.0,25.0,64.0,9.0
LT05_192025_20040319,2004-03-19,192.0,25.0,58.0,9.0
LT05_192025_20040522,2004-05-22,192.0,25.0,71.0,9.0
LT05_192025_20040607,2004-06-07,192.0,25.0,35.0,9.0
LT05_192025_20040623,2004-06-23,192.0,25.0,92.0,9.0
LT05_192025_20040709,2004-07-09,192.0,25.0,69.0,9.0
LT05_192025_20040725,2004-07-25,192.0,25.0,30.0,9.0
LT05_192025_20040810,2004-08-10,192.0,25.0,2.0,9.0
LT05_192025_20040911,2004-09-11,192.0,25.0,89.0,9.0
LT05_192025_20040927,2004-09-27,192.0,25.0,90.0,9.0
LT05_192025_20041114,2004-11-14,192.0,25.0,62.0,9.0
LT05_192025_20041130,2004-11-30,192.0,25.0,63.0,9.0
LT05_192025_20041216,2004-12-16,192.0,25.0,54.0,9.0
LT05_192025_20050117,2005-01-17,192.0,25.0,20.0,9.0
LT05_192025_20050509,2005-05-09,192.0,25.0,72.0,9.0
LT05_192025_20050525,2005-05-25,192.0,25.0,11.0,9.0
LT05_192025_20050610,2005-06-10,192.0,25.0,83.0,9.0
LT05_192025_20050712,2005-07-12,192.0,25.0,63.0,9.0
LT05_192025_20050728,2005-07-28,192.0,25.0,2.0,9.0
LT05_192025_20050813,2005-08-13,192.0,25.0,87.0,9.0
LT05_192025_20050829,2005-08-29,192.0,25.0,1.0,9.0
LT05_192025_20050914,2005-09-14,192.0,25.0,53.0,9.0
LT05_192025_20050930,2005-09-30,192.0,25.0,86.0,9.0
LT05_192025_20051016,2005-10-16,192.0,25.0,11.0,9.0
LT05_192025_20060205,2006-02-05,192.0,25.0,50.0,9.0
LT05_192025_20060512,2006-05-12,192.0,25.0,9.0,9.0
LT05_192025_20060528,2006-05-28,192.0,25.0,76.0,9.0
LT05_192025_20060613,2006-06-13,192.0,25.0,4.0,9.0
LT05_192025_20060629,2006-06-29,192.0,25.0,71.0,9.0
LT05_192025_20060715,2006-07-15,192.0,25.0,17.0,9.0
LT05_192025_20060731,2006-07-31,192.0,25.0,33.0,9.0
LT05_192025_20060816,2006-08-16,192.0,25.0,47.0,9.0
LT05_192025_20060901,2006-09-01,192.0,25.0,92.0,9.0
LT05_192025_20060917,2006-09-17,192.0,25.0,19.0,9.0
LT05_192025_20061019,2006-10-19,192.0,25.0,8.0,9.0
LT05_192025_20061206,2006-12-06,192.0,25.0,89.0,9.0
LT05_192025_20070123,2007-01-23,192.0,25.0,91.0,9.0
LT05_192025_20070208,2007-02-08,192.0,25.0,86.0,9.0
LT05_192025_20070224,2007-02-24,192.0,25.0,76.0,7.0
LT05_192025_20070312,2007-03-12,192.0,25.0,1.0,9.0
LT05_192025_20070429,2007-04-29,192.0,25.0,12.0,9.0
LT05_192025_20070515,2007-05-15,192.0,25.0,89.0,9.0
LT05_192025_20070531,2007-05-31,192.0,25.0,79.0,9.0
LT05_192025_20070616,2007-06-16,192.0,25.0,59.0,9.0
LT05_192025_20070718,2007-07-18,192.0,25.0,80.0,9.0
LT05_192025_20070803,2007-08-03,192.0,25.0,79.0,9.0
LT05_192025_20070819,2007-08-19,192.0,25.0,31.0,9.0
LT05_192025_20070904,2007-09-04,192.0,25.0,58.0,9.0
LT05_192025_20080517,2008-05-17,192.0,25.0,78.0,9.0
LT05_192025_20080618,2008-06-18,192.0,25.0,81.0,9.0
LT05_192025_20080704,2008-07-04,192.0,25.0,89.0,9.0
LT05_192025_20080821,2008-08-21,192.0,25.0,22.0,9.0
LT05_192025_20090520,2009-05-20,192.0,25.0,27.0,9.0
LT05_192025_20090621,2009-06-21,192.0,25.0,79.0,9.0
LT05_192025_20090707,2009-07-07,192.0,25.0,41.0,9.0
LT05_192025_20090723,2009-07-23,192.0,25.0,74.0,9.0
LT05_192025_20090808,2009-08-08,192.0,25.0,41.0,9.0
LT05_192025_20090824,2009-08-24,192.0,25.0,0.0,9.0
LT05_192025_20090909,2009-09-09,192.0,25.0,0.0,9.0
LT05_192025_20090925,2009-09-25,192.0,25.0,41.0,9.0
LT05_192025_20091112,2009-11-12,192.0,25.0,23.0,9.0
LT05_192025_20100421,2010-04-21,192.0,25.0,76.0,9.0
LT05_192025_20100608,2010-06-08,192.0,25.0,20.0,9.0
LT05_192025_20100624,2010-06-24,192.0,25.0,57.0,9.0
LT05_192025_20100710,2010-07-10,192.0,25.0,3.0,9.0
LT05_192025_20100726,2010-07-26,192.0,25.0,71.0,9.0
LT05_192025_20100811,2010-08-11,192.0,25.0,64.0,9.0
LT05_192025_20100827,2010-08-27,192.0,25.0,91.0,9.0
LT05_192025_20100912,2010-09-12,192.0,25.0,3.0,9.0
LT05_192025_20101014,2010-10-14,192.0,25.0,40.0,9.0
LT05_192025_20101030,2010-10-30,192.0,25.0,3.0,9.0
LT05_192025_20110203,2011-02-03,192.0,25.0,77.0,9.0
LT05_192025_20110424,2011-04-24,192.0,25.0,1.0,9.0
LT05_192025_20110510,2011-05-10,192.0,25.0,1.0,9.0
LT05_192025_20110526,2011-05-26,192.0,25.0,0.0,9.0
LT05_192025_20110611,2011-06-11,192.0,25.0,48.0,9.0
LT05_192025_20110627,2011-06-27,192.0,25.0,24.0,9.0
LT05_192025_20110713,2011-07-13,192.0,25.0,85.0,9.0
LT05_192025_20110729,2011-07-29,192.0,25.0,91.0,9.0
LT05_192025_20110814,2011-08-14,192.0,25.0,72.0,9.0
LT05_192025_20110830,2011-08-30,192.0,25.0,67.0,9.0
LT05_192025_20110915,2011-09-15,192.0,25.0,34.0,9.0
LT05_192025_20111102,2011-11-02,192.0,25.0,80.0,9.0
LT05_192026_20000120,2000-01-20,192.0,26.0,20.0,9.0
LT05_192026_20000612,2000-06-12,192.0,26.0,70.0,9.0
LT05_192026_20000815,2000-08-15,192.0,26.0,4.0,9.0
LT05_192026_20000831,2000-08-31,192.0,26.0,93.0,9.0
LT05_192026_20000916,2000-09-16,192.0,26.0,100.0,9.0
LT05_192026_20001103,2000-11-03,192.0,26.0,37.0,9.0
LT05_192026_20001119,2000-11-19,192.0,26.0,58.0,9.0
LT05_192026_20001205,2000-12-05,192.0,26.0,82.0,9.0
LT05_192026_20001221,2000-12-21,192.0,26.0,51.0,9.0
LT05_192026_20010311,2001-03-11,192.0,26.0,91.0,9.0
LT05_192026_20010530,2001-05-30,192.0,26.0,6.0,9.0
LT05_192026_20010701,2001-07-01,192.0,26.0,68.0,9.0
LT05_192026_20010802,2001-08-02,192.0,26.0,5.0,9.0
LT05_192026_20010818,2001-08-18,192.0,26.0,16.0,9.0
LT05_192026_20010903,2001-09-03,192.0,26.0,11.0,7.0
LT05_192026_20010919,2001-09-19,192.0,26.0,11.0,9.0
LT05_192026_20020210,2002-02-10,192.0,26.0,63.0,9.0
LT05_192026_20020517,2002-05-17,192.0,26.0,1.0,9.0
LT05_192026_20020618,2002-06-18,192.0,26.0,15.0,9.0
LT05_192026_20030707,2003-07-07,192.0,26.0,33.0,9.0
LT05_192026_20030723,2003-07-23,192.0,26.0,72.0,9.0
LT05_192026_20030824,2003-08-24,192.0,26.0,10.0,9.0
LT05_192026_20030909,2003-09-09,192.0,26.0,86.0,9.0
LT05_192026_20030925,2003-09-25,192.0,26.0,0.0,9.0
LT05_192026_20040131,2004-01-31,192.0,26.0,11.0,9.0
LT05_192026_20040319,2004-03-19,192.0,26.0,48.0,9.0
LT05_192026_20040404,2004-04-04,192.0,26.0,82.0,9.0
LT05_192026_20040420,2004-04-20,192.0,26.0,60.0,9.0
LT05_192026_20040522,2004-05-22,192.0,26.0,80.0,9.0
LT05_192026_20040607,2004-06-07,192.0,26.0,21.0,9.0
LT05_192026_20040623,2004-06-23,192.0,26.0,84.0,9.0
LT05_192026_20040709,2004-07-09,192.0,26.0,77.0,9.0
LT05_192026_20040725,2004-07-25,192.0,26.0,46.0,9.0
LT05_192026_20040810,2004-08-10,192.0,26.0,0.0,9.0
LT05_192026_20040826,2004-08-26,192.0,26.0,91.0,9.0
LT05_192026_20040911,2004-09-11,192.0,26.0,89.0,9.0
LT05_192026_20041114,2004-11-14,192.0,26.0,44.0,9.0
LT05_192026_20041130,2004-11-30,192.0,26.0,58.0,9.0
LT05_192026_20041216,2004-12-16,192.0,26.0,62.0,9.0
LT05_192026_20050117,2005-01-17,192.0,26.0,9.0,9.0
LT05_192026_20050306,2005-03-06,192.0,26.0,69.0,9.0
LT05_192026_20050509,2005-05-09,192.0,26.0,79.0,9.0
LT05_192026_20050525,2005-05-25,192.0,26.0,9.0,9.0
LT05_192026_20050610,2005-06-10,192.0,26.0,89.0,9.0
LT05_192026_20050626,2005-06-26,192.0,26.0,63.0,9.0
LT05_192026_20050712,2005-07-12,192.0,26.0,66.0,9.0
LT05_192026_20050728,2005-07-28,192.0,26.0,1.0,9.0
LT05_192026_20050813,2005-08-13,192.0,26.0,67.0,9.0
LT05_192026_20050829,2005-08-29,192.0,26.0,1.0,9.0
LT05_192026_20050914,2005-09-14,192.0,26.0,82.0,9.0
LT05_192026_20051016,2005-10-16,192.0,26.0,9.0,9.0
LT05_192026_20051101,2005-11-01,192.0,26.0,75.0,9.0
LT05_192026_20060205,2006-02-05,192.0,26.0,57.0,9.0
LT05_192026_20060221,2006-02-21,192.0,26.0,65.0,9.0
LT05_192026_20060512,2006-05-12,192.0,26.0,1.0,9.0
LT05_192026_20060528,2006-05-28,192.0,26.0,94.0,9.0
LT05_192026_20060613,2006-06-13,192.0,26.0,3.0,9.0
LT05_192026_20060629,2006-06-29,192.0,26.0,77.0,9.0
LT05_192026_20060715,2006-07-15,192.0,26.0,5.0,9.0
LT05_192026_20060731,2006-07-31,192.0,26.0,37.0,9.0
LT05_192026_20060816,2006-08-16,192.0,26.0,79.0,9.0
LT05_192026_20060901,2006-09-01,192.0,26.0,51.0,9.0
LT05_192026_20060917,2006-09-17,192.0,26.0,14.0,9.0
LT05_192026_20061003,2006-10-03,192.0,26.0,68.0,9.0
LT05_192026_20061019,2006-10-19,192.0,26.0,10.0,9.0
LT05_192026_20061206,2006-12-06,192.0,26.0,92.0,9.0
LT05_192026_20070107,2007-01-07,192.0,26.0,73.0,9.0
LT05_192026_20070208,2007-02-08,192.0,26.0,73.0,9.0
LT05_192026_20070224,2007-02-24,192.0,26.0,60.0,9.0
LT05_192026_20070312,2007-03-12,192.0,26.0,0.0,9.0
LT05_192026_20070429,2007-04-29,192.0,26.0,14.0,9.0
LT05_192026_20070531,2007-05-31,192.0,26.0,56.0,9.0
LT05_192026_20070616,2007-06-16,192.0,26.0,53.0,9.0
LT05_192026_20070718,2007-07-18,192.0,26.0,34.0,9.0
LT05_192026_20070803,2007-08-03,192.0,26.0,78.0,9.0
LT05_192026_20070819,2007-08-19,192.0,26.0,10.0,9.0
LT05_192026_20070904,2007-09-04,192.0,26.0,62.0,9.0
LT05_192026_20070920,2007-09-20,192.0,26.0,14.0,7.0
LT05_192026_20080602,2008-06-02,192.0,26.0,12.0,9.0
LT05_192026_20080618,2008-06-18,192.0,26.0,84.0,9.0
LT05_192026_20080704,2008-07-04,192.0,26.0,71.0,9.0
LT05_192026_20080720,2008-07-20,192.0,26.0,50.0,9.0
LT05_192026_20080821,2008-08-21,192.0,26.0,14.0,9.0
LT05_192026_20090504,2009-05-04,192.0,26.0,100.0,9.0
LT05_192026_20090520,2009-05-20,192.0,26.0,13.0,9.0
LT05_192026_20090605,2009-06-05,192.0,26.0,46.0,9.0
LT05_192026_20090621,2009-06-21,192.0,26.0,87.0,9.0
LT05_192026_20090707,2009-07-07,192.0,26.0,78.0,9.0
LT05_192026_20090723,2009-07-23,192.0,26.0,17.0,9.0
LT05_192026_20090808,2009-08-08,192.0,26.0,24.0,9.0
LT05_192026_20090824,2009-08-24,192.0,26.0,0.0,9.0
LT05_192026_20090909,2009-09-09,192.0,26.0,2.0,9.0
LT05_192026_20090925,2009-09-25,192.0,26.0,37.0,9.0
LT05_192026_20091112,2009-11-12,192.0,26.0,51.0,9.0
LT05_192026_20091128,2009-11-28,192.0,26.0,42.0,9.0
LT05_192026_20091214,2009-12-14,192.0,26.0,78.0,9.0
LT05_192026_20100216,2010-02-16,192.0,26.0,38.0,9.0
LT05_192026_20100304,2010-03-04,192.0,26.0,87.0,9.0
LT05_192026_20100405,2010-04-05,192.0,26.0,96.0,9.0
LT05_192026_20100421,2010-04-21,192.0,26.0,32.0,9.0
LT05_192026_20100523,2010-05-23,192.0,26.0,47.0,9.0
LT05_192026_20100608,2010-06-08,192.0,26.0,24.0,9.0
LT05_192026_20100624,2010-06-24,192.0,26.0,75.0,9.0
LT05_192026_20100710,2010-07-10,192.0,26.0,3.0,9.0
LT05_192026_20100726,2010-07-26,192.0,26.0,71.0,9.0
LT05_192026_20100811,2010-08-11,192.0,26.0,75.0,9.0
LT05_192026_20100912,2010-09-12,192.0,26.0,1.0,9.0
LT05_192026_20101014,2010-10-14,192.0,26.0,70.0,9.0
LT05_192026_20101030,2010-10-30,192.0,26.0,8.0,9.0
LT05_192026_20110203,2011-02-03,192.0,26.0,53.0,9.0
LT05_192026_20110424,2011-04-24,192.0,26.0,12.0,9.0
LT05_192026_20110510,2011-05-10,192.0,26.0,1.0,9.0
LT05_192026_20110526,2011-05-26,192.0,26.0,0.0,9.0
LT05_192026_20110611,2011-06-11,192.0,26.0,89.0,9.0
LT05_192026_20110627,2011-06-27,192.0,26.0,11.0,9.0
LT05_192026_20110713,2011-07-13,192.0,26.0,86.0,9.0
LT05_192026_20110729,2011-07-29,192.0,26.0,81.0,9.0
LT05_192026_20110814,2011-08-14,192.0,26.0,22.0,9.0
LT05_192026_20110830,2011-08-30,192.0,26.0,73.0,9.0
LT05_192026_20110915,2011-09-15,192.0,26.0,26.0,9.0
LT05_192026_20111001,2011-10-01,192.0,26.0,0.0,9.0
LT05_192026_20111017,2011-10-17,192.0,26.0,8.0,9.0
LT05_192026_20111102,2011-11-02,192.0,26.0,94.0,9.0
LT05_192027_20000120,2000-01-20,192.0,27.0,45.0,9.0
LT05_192027_20000308,2000-03-08,192.0,27.0,91.0,9.0
LT05_192027_20000527,2000-05-27,192.0,27.0,55.0,9.0
LT05_192027_20000612,2000-06-12,192.0,27.0,63.0,9.0
LT05_192027_20000628,2000-06-28,192.0,27.0,72.0,9.0
LT05_192027_20000815,2000-08-15,192.0,27.0,5.0,9.0
LT05_192027_20000831,2000-08-31,192.0,27.0,95.0,9.0
LT05_192027_20000916,2000-09-16,192.0,27.0,86.0,9.0
LT05_192027_20001103,2000-11-03,192.0,27.0,55.0,9.0
LT05_192027_20001119,2000-11-19,192.0,27.0,37.0,9.0
LT05_192027_20001205,2000-12-05,192.0,27.0,19.0,9.0
LT05_192027_20001221,2000-12-21,192.0,27.0,15.0,9.0
LT05_192027_20010223,2001-02-23,192.0,27.0,85.0,9.0
LT05_192027_20010311,2001-03-11,192.0,27.0,80.0,9.0
LT05_192027_20010530,2001-05-30,192.0,27.0,34.0,9.0
LT05_192027_20010615,2001-06-15,192.0,27.0,27.0,9.0
LT05_192027_20010717,2001-07-17,192.0,27.0,97.0,9.0
LT05_192027_20010802,2001-08-02,192.0,27.0,10.0,9.0
LT05_192027_20010818,2001-08-18,192.0,27.0,46.0,9.0
LT05_192027_20010919,2001-09-19,192.0,27.0,38.0,9.0
LT05_192027_20011208,2001-12-08,192.0,27.0,15.0,9.0
LT05_192027_20020125,2002-01-25,192.0,27.0,65.0,9.0
LT05_192027_20020210,2002-02-10,192.0,27.0,34.0,9.0
LT05_192027_20020226,2002-02-26,192.0,27.0,100.0,9.0
LT05_192027_20020517,2002-05-17,192.0,27.0,14.0,9.0
LT05_192027_20020618,2002-06-18,192.0,27.0,10.0,9.0
LT05_192027_20030707,2003-07-07,192.0,27.0,36.0,9.0
LT05_192027_20030723,2003-07-23,192.0,27.0,72.0,9.0
LT05_192027_20030808,2003-08-08,192.0,27.0,14.0,9.0
LT05_192027_20030824,2003-08-24,192.0,27.0,4.0,9.0
LT05_192027_20030909,2003-09-09,192.0,27.0,83.0,9.0
LT05_192027_20030925,2003-09-25,192.0,27.0,3.0,9.0
LT05_192027_20031011,2003-10-11,192.0,27.0,23.0,9.0
LT05_192027_20040216,2004-02-16,192.0,27.0,74.0,9.0
LT05_192027_20040303,2004-03-03,192.0,27.0,54.0,9.0
LT05_192027_20040420,2004-04-20,192.0,27.0,53.0,9.0
LT05_192027_20040607,2004-06-07,192.0,27.0,12.0,9.0
LT05_192027_20040709,2004-07-09,192.0,27.0,85.0,9.0
LT05_192027_20040725,2004-07-25,192.0,27.0,69.0,9.0
LT05_192027_20040810,2004-08-10,192.0,27.0,25.0,9.0
LT05_192027_20040911,2004-09-11,192.0,27.0,56.0,9.0
LT05_192027_20040927,2004-09-27,192.0,27.0,58.0,9.0
LT05_192027_20041013,2004-10-13,192.0,27.0,41.0,9.0
LT05_192027_20041114,2004-11-14,192.0,27.0,61.0,9.0
LT05_192027_20041130,2004-11-30,192.0,27.0,59.0,9.0
LT05_192027_20041216,2004-12-16,192.0,27.0,13.0,9.0
LT05_192027_20050117,2005-01-17,192.0,27.0,2.0,9.0
LT05_192027_20050218,2005-02-18,192.0,27.0,54.0,9.0
LT05_192027_20050306,2005-03-06,192.0,27.0,76.0,9.0
LT05_192027_20050322,2005-03-22,192.0,27.0,21.0,9.0
LT05_192027_20050509,2005-05-09,192.0,27.0,88.0,9.0
LT05_192027_20050525,2005-05-25,192.0,27.0,7.0,9.0
LT05_192027_20050610,2005-06-10,192.0,27.0,82.0,9.0
LT05_192027_20050626,2005-06-26,192.0,27.0,71.0,9.0
LT05_192027_20050712,2005-07-12,192.0,27.0,85.0,9.0
LT05_192027_20050728,2005-07-28,192.0,27.0,4.0,9.0
LT05_192027_20050813,2005-08-13,192.0,27.0,91.0,9.0
LT05_192027_20050829,2005-08-29,192.0,27.0,17.0,9.0
LT05_192027_20050914,2005-09-14,192.0,27.0,65.0,9.0
LT05_192027_20050930,2005-09-30,192.0,27.0,71.0,9.0
LT05_192027_20051016,2005-10-16,192.0,27.0,7.0,9.0
LT05_192027_20051101,2005-11-01,192.0,27.0,87.0,9.0
LT05_192027_20051117,2005-11-17,192.0,27.0,48.0,9.0
LT05_192027_20060205,2006-02-05,192.0,27.0,4.0,9.0
LT05_192027_20060221,2006-02-21,192.0,27.0,68.0,9.0
LT05_192027_20060309,2006-03-09,192.0,27.0,84.0,9.0
LT05_192027_20060426,2006-04-26,192.0,27.0,90.0,9.0
LT05_192027_20060512,2006-05-12,192.0,27.0,11.0,9.0
LT05_192027_20060613,2006-06-13,192.0,27.0,8.0,9.0
LT05_192027_20060629,2006-06-29,192.0,27.0,92.0,9.0
LT05_192027_20060715,2006-07-15,192.0,27.0,25.0,9.0
LT05_192027_20060731,2006-07-31,192.0,27.0,68.0,9.0
LT05_192027_20060901,2006-09-01,192.0,27.0,4.0,9.0
LT05_192027_20060917,2006-09-17,192.0,27.0,73.0,9.0
LT05_192027_20061003,2006-10-03,192.0,27.0,64.0,9.0
LT05_192027_20061019,2006-10-19,192.0,27.0,48.0,9.0
LT05_192027_20061104,2006-11-04,192.0,27.0,68.0,9.0
LT05_192027_20070107,2007-01-07,192.0,27.0,42.0,9.0
LT05_192027_20070208,2007-02-08,192.0,27.0,30.0,9.0
LT05_192027_20070312,2007-03-12,192.0,27.0,1.0,9.0
LT05_192027_20070429,2007-04-29,192.0,27.0,27.0,9.0
LT05_192027_20070531,2007-05-31,192.0,27.0,57.0,9.0
LT05_192027_20070616,2007-06-16,192.0,27.0,60.0,9.0
LT05_192027_20070702,2007-07-02,192.0,27.0,92.0,9.0
LT05_192027_20070718,2007-07-18,192.0,27.0,12.0,9.0
LT05_192027_20070819,2007-08-19,192.0,27.0,27.0,9.0
LT05_192027_20070904,2007-09-04,192.0,27.0,90.0,9.0
LT05_192027_20080314,2008-03-14,192.0,27.0,92.0,9.0
LT05_192027_20080517,2008-05-17,192.0,27.0,81.0,9.0
LT05_192027_20080602,2008-06-02,192.0,27.0,22.0,9.0
LT05_192027_20080704,2008-07-04,192.0,27.0,87.0,9.0
LT05_192027_20080720,2008-07-20,192.0,27.0,81.0,9.0
LT05_192027_20080821,2008-08-21,192.0,27.0,32.0,9.0
LT05_192027_20090213,2009-02-13,192.0,27.0,78.0,9.0
LT05_192027_20090520,2009-05-20,192.0,27.0,9.0,9.0
LT05_192027_20090605,2009-06-05,192.0,27.0,39.0,9.0
LT05_192027_20090621,2009-06-21,192.0,27.0,89.0,9.0
LT05_192027_20090707,2009-07-07,192.0,27.0,100.0,9.0
LT05_192027_20090723,2009-07-23,192.0,27.0,3.0,9.0
LT05_192027_20090808,2009-08-08,192.0,27.0,30.0,9.0
LT05_192027_20090909,2009-09-09,192.0,27.0,26.0,9.0
LT05_192027_20090925,2009-09-25,192.0,27.0,51.0,9.0
LT05_192027_20091011,2009-10-11,192.0,27.0,72.0,9.0
LT05_192027_20091027,2009-10-27,192.0,27.0,30.0,9.0
LT05_192027_20091112,2009-11-12,192.0,27.0,9.0,9.0
LT05_192027_20091128,2009-11-28,192.0,27.0,25.0,9.0
LT05_192027_20100216,2010-02-16,192.0,27.0,6.0,9.0
LT05_192027_20100304,2010-03-04,192.0,27.0,86.0,9.0
LT05_192027_20100405,2010-04-05,192.0,27.0,86.0,9.0
LT05_192027_20100421,2010-04-21,192.0,27.0,66.0,9.0
LT05_192027_20100523,2010-05-23,192.0,27.0,74.0,9.0
LT05_192027_20100608,2010-06-08,192.0,27.0,59.0,9.0
LT05_192027_20100624,2010-06-24,192.0,27.0,54.0,9.0
LT05_192027_20100710,2010-07-10,192.0,27.0,5.0,9.0
LT05_192027_20100726,2010-07-26,192.0,27.0,72.0,9.0
LT05_192027_20100811,2010-08-11,192.0,27.0,78.0,9.0
LT05_192027_20100827,2010-08-27,192.0,27.0,94.0,9.0
LT05_192027_20100912,2010-09-12,192.0,27.0,2.0,9.0
LT05_192027_20100928,2010-09-28,192.0,27.0,93.0,9.0
LT05_192027_20101014,2010-10-14,192.0,27.0,59.0,9.0
LT05_192027_20101030,2010-10-30,192.0,27.0,13.0,9.0
LT05_192027_20110203,2011-02-03,192.0,27.0,23.0,9.0
LT05_192027_20110219,2011-02-19,192.0,27.0,70.0,9.0
LT05_192027_20110307,2011-03-07,192.0,27.0,2.0,9.0
LT05_192027_20110323,2011-03-23,192.0,27.0,3.0,9.0
LT05_192027_20110424,2011-04-24,192.0,27.0,71.0,9.0
LT05_192027_20110510,2011-05-10,192.0,27.0,4.0,9.0
LT05_192027_20110526,2011-05-26,192.0,27.0,26.0,9.0
LT05_192027_20110627,2011-06-27,192.0,27.0,3.0,9.0
LT05_192027_20110713,2011-07-13,192.0,27.0,60.0,9.0
LT05_192027_20110729,2011-07-29,192.0,27.0,83.0,9.0
LT05_192027_20110814,2011-08-14,192.0,27.0,4.0,9.0
LT05_192027_20110830,2011-08-30,192.0,27.0,85.0,9.0
LT05_192027_20110915,2011-09-15,192.0,27.0,74.0,9.0
LT05_192027_20111001,2011-10-01,192.0,27.0,1.0,9.0
LT05_192027_20111017,2011-10-17,192.0,27.0,9.0,9.0
LT05_192027_20111102,2011-11-02,192.0,27.0,38.0,9.0
LT05_193022_20000315,2000-03-15,193.0,22.0,26.0,9.0
LT05_193022_20000518,2000-05-18,193.0,22.0,76.0,9.0
LT05_193022_20000603,2000-06-03,193.0,22.0,16.0,9.0
LT05_193022_20000619,2000-06-19,193.0,22.0,3.0,9.0
LT05_193022_20000822,2000-08-22,193.0,22.0,25.0,9.0
LT05_193022_20010214,2001-02-14,193.0,22.0,84.0,9.0
LT05_193022_20010302,2001-03-02,193.0,22.0,92.0,9.0
LT05_193022_20010505,2001-05-05,193.0,22.0,74.0,9.0
LT05_193022_20010606,2001-06-06,193.0,22.0,99.0,9.0
LT05_193022_20010708,2001-07-08,193.0,22.0,41.0,9.0
LT05_193022_20010809,2001-08-09,193.0,22.0,52.0,9.0
LT05_193022_20010825,2001-08-25,193.0,22.0,9.0,9.0
LT05_193022_20010910,2001-09-10,193.0,22.0,87.0,9.0
LT05_193022_20011113,2001-11-13,193.0,22.0,4.0,9.0
LT05_193022_20020305,2002-03-05,193.0,22.0,95.0,9.0
LT05_193022_20020609,2002-06-09,193.0,22.0,73.0,9.0
LT05_193022_20020625,2002-06-25,193.0,22.0,57.0,9.0
LT05_193022_20030628,2003-06-28,193.0,22.0,11.0,9.0
LT05_193022_20030714,2003-07-14,193.0,22.0,14.0,9.0
LT05_193022_20030730,2003-07-30,193.0,22.0,2.0,9.0
LT05_193022_20030831,2003-08-31,193.0,22.0,32.0,9.0
LT05_193022_20030916,2003-09-16,193.0,22.0,39.0,9.0
LT05_193022_20031002,2003-10-02,193.0,22.0,73.0,9.0
LT05_193022_20031018,2003-10-18,193.0,22.0,22.0,9.0
LT05_193022_20040223,2004-02-23,193.0,22.0,78.0,9.0
LT05_193022_20040513,2004-05-13,193.0,22.0,41.0,9.0
LT05_193022_20040529,2004-05-29,193.0,22.0,79.0,9.0
LT05_193022_20040630,2004-06-30,193.0,22.0,14.0,9.0
LT05_193022_20040716,2004-07-16,193.0,22.0,34.0,9.0
LT05_193022_20040801,2004-08-01,193.0,22.0,50.0,9.0
LT05_193022_20040817,2004-08-17,193.0,22.0,29.0,9.0
LT05_193022_20040902,2004-09-02,193.0,22.0,16.0,9.0
LT05_193022_20040918,2004-09-18,193.0,22.0,78.0,9.0
LT05_193022_20041004,2004-10-04,193.0,22.0,94.0,9.0
LT05_193022_20041020,2004-10-20,193.0,22.0,56.0,9.0
LT05_193022_20041105,2004-11-05,193.0,22.0,46.0,9.0
LT05_193022_20041121,2004-11-21,193.0,22.0,8.0,9.0
LT05_193022_20050124,2005-01-24,193.0,22.0,22.0,9.0
LT05_193022_20050209,2005-02-09,193.0,22.0,9.0,9.0
LT05_193022_20050414,2005-04-14,193.0,22.0,67.0,9.0
LT05_193022_20050430,2005-04-30,193.0,22.0,64.0,9.0
LT05_193022_20050516,2005-05-16,193.0,22.0,82.0,9.0
LT05_193022_20050703,2005-07-03,193.0,22.0,18.0,9.0
LT05_193022_20050719,2005-07-19,193.0,22.0,78.0,9.0
LT05_193022_20050820,2005-08-20,193.0,22.0,1.0,9.0
LT05_193022_20050905,2005-09-05,193.0,22.0,10.0,9.0
LT05_193022_20051007,2005-10-07,193.0,22.0,0.0,9.0
LT05_193022_20060127,2006-01-27,193.0,22.0,1.0,9.0
LT05_193022_20060228,2006-02-28,193.0,22.0,88.0,9.0
LT05_193022_20060503,2006-05-03,193.0,22.0,6.0,9.0
LT05_193022_20060604,2006-06-04,193.0,22.0,21.0,9.0
LT05_193022_20060620,2006-06-20,193.0,22.0,20.0,9.0
LT05_193022_20060706,2006-07-06,193.0,22.0,0.0,9.0
LT05_193022_20060722,2006-07-22,193.0,22.0,20.0,9.0
LT05_193022_20060807,2006-08-07,193.0,22.0,25.0,9.0
LT05_193022_20060823,2006-08-23,193.0,22.0,75.0,9.0
LT05_193022_20060908,2006-09-08,193.0,22.0,6.0,9.0
LT05_193022_20060924,2006-09-24,193.0,22.0,0.0,9.0
LT05_193022_20061010,2006-10-10,193.0,22.0,5.0,9.0
LT05_193022_20061026,2006-10-26,193.0,22.0,88.0,9.0
LT05_193022_20070319,2007-03-19,193.0,22.0,65.0,9.0
LT05_193022_20070506,2007-05-06,193.0,22.0,3.0,9.0
LT05_193022_20070522,2007-05-22,193.0,22.0,50.0,9.0
LT05_193022_20070623,2007-06-23,193.0,22.0,75.0,9.0
LT05_193022_20070709,2007-07-09,193.0,22.0,74.0,9.0
LT05_193022_20080305,2008-03-05,193.0,22.0,3.0,9.0
LT05_193022_20080524,2008-05-24,193.0,22.0,53.0,9.0
LT05_193022_20080609,2008-06-09,193.0,22.0,17.0,9.0
LT05_193022_20080625,2008-06-25,193.0,22.0,68.0,9.0
LT05_193022_20080711,2008-07-11,193.0,22.0,82.0,9.0
LT05_193022_20080727,2008-07-27,193.0,22.0,1.0,7.0
LT05_193022_20080929,2008-09-29,193.0,22.0,37.0,9.0
LT05_193022_20090425,2009-04-25,193.0,22.0,0.0,9.0
LT05_193022_20090511,2009-05-11,193.0,22.0,80.0,9.0
LT05_193022_20090527,2009-05-27,193.0,22.0,23.0,9.0
LT05_193022_20090730,2009-07-30,193.0,22.0,82.0,9.0
LT05_193022_20090831,2009-08-31,193.0,22.0,19.0,9.0
LT05_193022_20090916,2009-09-16,193.0,22.0,10.0,9.0
LT05_193022_20091002,2009-10-02,193.0,22.0,62.0,9.0
LT05_193022_20091103,2009-11-03,193.0,22.0,77.0,9.0
LT05_193022_20100412,2010-04-12,193.0,22.0,93.0,9.0
LT05_193022_20100428,2010-04-28,193.0,22.0,44.0,9.0
LT05_193022_20100615,2010-06-15,193.0,22.0,34.0,9.0
LT05_193022_20100903,2010-09-03,193.0,22.0,42.0,9.0
LT05_193022_20101021,2010-10-21,193.0,22.0,43.0,9.0
LT05_193022_20110226,2011-02-26,193.0,22.0,38.0,9.0
LT05_193022_20110415,2011-04-15,193.0,22.0,34.0,9.0
LT05_193022_20110501,2011-05-01,193.0,22.0,34.0,9.0
LT05_193022_20110602,2011-06-02,193.0,22.0,1.0,9.0
LT05_193022_20110805,2011-08-05,193.0,22.0,89.0,9.0
LT05_193022_20110821,2011-08-21,193.0,22.0,18.0,9.0
LT05_193022_20110906,2011-09-06,193.0,22.0,25.0,9.0
LT05_193022_20110922,2011-09-22,193.0,22.0,78.0,9.0
LT05_193022_20111008,2011-10-08,193.0,22.0,53.0,9.0
LT05_193023_20000518,2000-05-18,193.0,23.0,93.0,9.0
LT05_193023_20000603,2000-06-03,193.0,23.0,50.0,9.0
LT05_193023_20000619,2000-06-19,193.0,23.0,0.0,9.0
LT05_193023_20000822,2000-08-22,193.0,23.0,33.0,9.0
LT05_193023_20010214,2001-02-14,193.0,23.0,64.0,9.0
LT05_193023_20010724,2001-07-24,193.0,23.0,22.0,9.0
LT05_193023_20010809,2001-08-09,193.0,23.0,70.0,9.0
LT05_193023_20010825,2001-08-25,193.0,23.0,2.0,9.0
LT05_193023_20010910,2001-09-10,193.0,23.0,95.0,9.0
LT05_193023_20020217,2002-02-17,193.0,23.0,9.0,9.0
LT05_193023_20020625,2002-06-25,193.0,23.0,72.0,9.0
LT05_193023_20030628,2003-06-28,193.0,23.0,2.0,9.0
LT05_193023_20030714,2003-07-14,193.0,23.0,13.0,9.0
LT05_193023_20030730,2003-07-30,193.0,23.0,1.0,9.0
LT05_193023_20030831,2003-08-31,193.0,23.0,42.0,9.0
LT05_193023_20030916,2003-09-16,193.0,23.0,26.0,9.0
LT05_193023_20031002,2003-10-02,193.0,23.0,68.0,9.0
LT05_193023_20031018,2003-10-18,193.0,23.0,0.0,9.0
LT05_193023_20040122,2004-01-22,193.0,23.0,22.0,9.0
LT05_193023_20040427,2004-04-27,193.0,23.0,87.0,9.0
LT05_193023_20040529,2004-05-29,193.0,23.0,7.0,9.0
LT05_193023_20040614,2004-06-14,193.0,23.0,100.0,9.0
LT05_193023_20040630,2004-06-30,193.0,23.0,76.0,9.0
LT05_193023_20040801,2004-08-01,193.0,23.0,22.0,9.0
LT05_193023_20040817,2004-08-17,193.0,23.0,69.0,9.0
LT05_193023_20040902,2004-09-02,193.0,23.0,10.0,9.0
LT05_193023_20040918,2004-09-18,193.0,23.0,49.0,9.0
LT05_193023_20041004,2004-10-04,193.0,23.0,78.0,9.0
LT05_193023_20041020,2004-10-20,193.0,23.0,51.0,9.0
LT05_193023_20041105,2004-11-05,193.0,23.0,52.0,9.0
LT05_193023_20041121,2004-11-21,193.0,23.0,31.0,9.0
LT05_193023_20050124,2005-01-24,193.0,23.0,46.0,9.0
LT05_193023_20050209,2005-02-09,193.0,23.0,25.0,7.0
LT05_193023_20050414,2005-04-14,193.0,23.0,52.0,9.0
LT05_193023_20050430,2005-04-30,193.0,23.0,21.0,9.0
LT05_193023_20050516,2005-05-16,193.0,23.0,40.0,9.0
LT05_193023_20050703,2005-07-03,193.0,23.0,45.0,9.0
LT05_193023_20050719,2005-07-19,193.0,23.0,78.0,9.0
LT05_193023_20050820,2005-08-20,193.0,23.0,26.0,9.0
LT05_193023_20050905,2005-09-05,193.0,23.0,0.0,9.0
LT05_193023_20051007,2005-10-07,193.0,23.0,1.0,9.0
LT05_193023_20051108,2005-11-08,193.0,23.0,32.0,9.0
LT05_193023_20060127,2006-01-27,193.0,23.0,0.0,9.0
LT05_193023_20060212,2006-02-12,193.0,23.0,77.0,9.0
LT05_193023_20060228,2006-02-28,193.0,23.0,100.0,9.0
LT05_193023_20060503,2006-05-03,193.0,23.0,2.0,9.0
LT05_193023_20060519,2006-05-19,193.0,23.0,58.0,9.0
LT05_193023_20060604,2006-06-04,193.0,23.0,80.0,9.0
LT05_193023_20060620,2006-06-20,193.0,23.0,45.0,9.0
LT05_193023_20060706,2006-07-06,193.0,23.0,1.0,9.0
LT05_193023_20060722,2006-07-22,193.0,23.0,17.0,9.0
LT05_193023_20060807,2006-08-07,193.0,23.0,78.0,9.0
LT05_193023_20060823,2006-08-23,193.0,23.0,86.0,9.0
LT05_193023_20060908,2006-09-08,193.0,23.0,37.0,9.0
LT05_193023_20060924,2006-09-24,193.0,23.0,0.0,9.0
LT05_193023_20061010,2006-10-10,193.0,23.0,37.0,9.0
LT05_193023_20061026,2006-10-26,193.0,23.0,44.0,9.0
LT05_193023_20070319,2007-03-19,193.0,23.0,81.0,9.0
LT05_193023_20070506,2007-05-06,193.0,23.0,15.0,9.0
LT05_193023_20070522,2007-05-22,193.0,23.0,17.0,9.0
LT05_193023_20070623,2007-06-23,193.0,23.0,80.0,9.0
LT05_193023_20070709,2007-07-09,193.0,23.0,93.0,9.0
LT05_193023_20070725,2007-07-25,193.0,23.0,81.0,9.0
LT05_193023_20070826,2007-08-26,193.0,23.0,66.0,9.0
LT05_193023_20080305,2008-03-05,193.0,23.0,32.0,9.0
LT05_193023_20080524,2008-05-24,193.0,23.0,40.0,9.0
LT05_193023_20080625,2008-06-25,193.0,23.0,78.0,9.0
LT05_193023_20080711,2008-07-11,193.0,23.0,77.0,9.0
LT05_193023_20080812,2008-08-12,193.0,23.0,97.0,9.0
LT05_193023_20080929,2008-09-29,193.0,23.0,46.0,9.0
LT05_193023_20090425,2009-04-25,193.0,23.0,0.0,9.0
LT05_193023_20090527,2009-05-27,193.0,23.0,50.0,9.0
LT05_193023_20090612,2009-06-12,193.0,23.0,63.0,9.0
LT05_193023_20090628,2009-06-28,193.0,23.0,88.0,9.0
LT05_193023_20090730,2009-07-30,193.0,23.0,62.0,9.0
LT05_193023_20090815,2009-08-15,193.0,23.0,63.0,9.0
LT05_193023_20090831,2009-08-31,193.0,23.0,60.0,9.0
LT05_193023_20090916,2009-09-16,193.0,23.0,8.0,9.0
LT05_193023_20091002,2009-10-02,193.0,23.0,97.0,9.0
LT05_193023_20091119,2009-11-19,193.0,23.0,88.0,9.0
LT05_193023_20100412,2010-04-12,193.0,23.0,47.0,9.0
LT05_193023_20100428,2010-04-28,193.0,23.0,8.0,9.0
LT05_193023_20100615,2010-06-15,193.0,23.0,55.0,9.0
LT05_193023_20100717,2010-07-17,193.0,23.0,91.0,9.0
LT05_193023_20100903,2010-09-03,193.0,23.0,60.0,9.0
LT05_193023_20100919,2010-09-19,193.0,23.0,76.0,9.0
LT05_193023_20110226,2011-02-26,193.0,23.0,0.0,9.0
LT05_193023_20110330,2011-03-30,193.0,23.0,32.0,9.0
LT05_193023_20110415,2011-04-15,193.0,23.0,19.0,9.0
LT05_193023_20110501,2011-05-01,193.0,23.0,9.0,9.0
LT05_193023_20110602,2011-06-02,193.0,23.0,0.0,9.0
LT05_193023_20110618,2011-06-18,193.0,23.0,78.0,9.0
LT05_193023_20110805,2011-08-05,193.0,23.0,88.0,9.0
LT05_193023_20110821,2011-08-21,193.0,23.0,51.0,9.0
LT05_193023_20110906,2011-09-06,193.0,23.0,11.0,9.0
LT05_193023_20110922,2011-09-22,193.0,23.0,78.0,9.0
LT05_193024_20000518,2000-05-18,193.0,24.0,96.0,9.0
LT05_193024_20000806,2000-08-06,193.0,24.0,23.0,9.0
LT05_193024_20000822,2000-08-22,193.0,24.0,46.0,9.0
LT05_193024_20000907,2000-09-07,193.0,24.0,77.0,9.0
LT05_193024_20010214,2001-02-14,193.0,24.0,91.0,9.0
LT05_193024_20010302,2001-03-02,193.0,24.0,82.0,9.0
LT05_193024_20010606,2001-06-06,193.0,24.0,97.0,9.0
LT05_193024_20010724,2001-07-24,193.0,24.0,21.0,9.0
LT05_193024_20010809,2001-08-09,193.0,24.0,90.0,9.0
LT05_193024_20010825,2001-08-25,193.0,24.0,0.0,9.0
LT05_193024_20011113,2001-11-13,193.0,24.0,10.0,9.0
LT05_193024_20020116,2002-01-16,193.0,24.0,0.0,9.0
LT05_193024_20020217,2002-02-17,193.0,24.0,18.0,9.0
LT05_193024_20020625,2002-06-25,193.0,24.0,38.0,9.0
LT05_193024_20030628,2003-06-28,193.0,24.0,16.0,9.0
LT05_193024_20030714,2003-07-14,193.0,24.0,17.0,9.0
LT05_193024_20030730,2003-07-30,193.0,24.0,11.0,9.0
LT05_193024_20030831,2003-08-31,193.0,24.0,58.0,9.0
LT05_193024_20030916,2003-09-16,193.0,24.0,79.0,9.0
LT05_193024_20031018,2003-10-18,193.0,24.0,0.0,9.0
LT05_193024_20040122,2004-01-22,193.0,24.0,47.0,9.0
LT05_193024_20040207,2004-02-07,193.0,24.0,66.0,9.0
LT05_193024_20040427,2004-04-27,193.0,24.0,46.0,9.0
LT05_193024_20040529,2004-05-29,193.0,24.0,24.0,9.0
LT05_193024_20040614,2004-06-14,193.0,24.0,86.0,9.0
LT05_193024_20040630,2004-06-30,193.0,24.0,73.0,9.0
LT05_193024_20040716,2004-07-16,193.0,24.0,95.0,9.0
LT05_193024_20040801,2004-08-01,193.0,24.0,31.0,9.0
LT05_193024_20040817,2004-08-17,193.0,24.0,66.0,9.0
LT05_193024_20040902,2004-09-02,193.0,24.0,1.0,9.0
LT05_193024_20040918,2004-09-18,193.0,24.0,32.0,9.0
LT05_193024_20041004,2004-10-04,193.0,24.0,34.0,9.0
LT05_193024_20041020,2004-10-20,193.0,24.0,83.0,9.0
LT05_193024_20041105,2004-11-05,193.0,24.0,39.0,9.0
LT05_193024_20050209,2005-02-09,193.0,24.0,9.0,9.0
LT05_193024_20050329,2005-03-29,193.0,24.0,60.0,9.0
LT05_193024_20050414,2005-04-14,193.0,24.0,27.0,9.0
LT05_193024_20050430,2005-04-30,193.0,24.0,62.0,9.0
LT05_193024_20050516,2005-05-16,193.0,24.0,24.0,9.0
LT05_193024_20050703,2005-07-03,193.0,24.0,50.0,9.0
LT05_193024_20050820,2005-08-20,193.0,24.0,83.0,9.0
LT05_193024_20050905,2005-09-05,193.0,24.0,2.0,9.0
LT05_193024_20051007,2005-10-07,193.0,24.0,15.0,9.0
LT05_193024_20051023,2005-10-23,193.0,24.0,78.0,9.0
LT05_193024_20051108,2005-11-08,193.0,24.0,2.0,9.0
LT05_193024_20060127,2006-01-27,193.0,24.0,0.0,9.0
LT05_193024_20060212,2006-02-12,193.0,24.0,70.0,9.0
LT05_193024_20060228,2006-02-28,193.0,24.0,78.0,9.0
LT05_193024_20060503,2006-05-03,193.0,24.0,1.0,9.0
LT05_193024_20060519,2006-05-19,193.0,24.0,82.0,9.0
LT05_193024_20060620,2006-06-20,193.0,24.0,27.0,9.0
LT05_193024_20060706,2006-07-06,193.0,24.0,14.0,9.0
LT05_193024_20060722,2006-07-22,193.0,24.0,0.0,9.0
LT05_193024_20060807,2006-08-07,193.0,24.0,65.0,9.0
LT05_193024_20060908,2006-09-08,193.0,24.0,72.0,9.0
LT05_193024_20060924,2006-09-24,193.0,24.0,0.0,9.0
LT05_193024_20061010,2006-10-10,193.0,24.0,52.0,9.0
LT05_193024_20061026,2006-10-26,193.0,24.0,23.0,9.0
LT05_193024_20061127,2006-11-27,193.0,24.0,31.0,9.0
LT05_193024_20070506,2007-05-06,193.0,24.0,21.0,9.0
LT05_193024_20070522,2007-05-22,193.0,24.0,6.0,9.0
LT05_193024_20070623,2007-06-23,193.0,24.0,79.0,9.0
LT05_193024_20070725,2007-07-25,193.0,24.0,57.0,9.0
LT05_193024_20070826,2007-08-26,193.0,24.0,21.0,9.0
LT05_193024_20080305,2008-03-05,193.0,24.0,41.0,9.0
LT05_193024_20080508,2008-05-08,193.0,24.0,11.0,9.0
LT05_193024_20080727,2008-07-27,193.0,24.0,10.0,9.0
LT05_193024_20080929,2008-09-29,193.0,24.0,75.0,9.0
LT05_193024_20090204,2009-02-04,193.0,24.0,78.0,9.0
LT05_193024_20090425,2009-04-25,193.0,24.0,2.0,9.0
LT05_193024_20090527,2009-05-27,193.0,24.0,50.0,9.0
LT05_193024_20090612,2009-06-12,193.0,24.0,57.0,9.0
LT05_193024_20090628,2009-06-28,193.0,24.0,94.0,9.0
LT05_193024_20090730,2009-07-30,193.0,24.0,68.0,9.0
LT05_193024_20090815,2009-08-15,193.0,24.0,7.0,9.0
LT05_193024_20090831,2009-08-31,193.0,24.0,10.0,9.0
LT05_193024_20090916,2009-09-16,193.0,24.0,50.0,9.0
LT05_193024_20091018,2009-10-18,193.0,24.0,87.0,9.0
LT05_193024_20091119,2009-11-19,193.0,24.0,32.0,9.0
LT05_193024_20100412,2010-04-12,193.0,24.0,84.0,9.0
LT05_193024_20100428,2010-04-28,193.0,24.0,18.0,9.0
LT05_193024_20100615,2010-06-15,193.0,24.0,88.0,9.0
LT05_193024_20100717,2010-07-17,193.0,24.0,60.0,9.0
LT05_193024_20100818,2010-08-18,193.0,24.0,79.0,9.0
LT05_193024_20100903,2010-09-03,193.0,24.0,53.0,9.0
LT05_193024_20100919,2010-09-19,193.0,24.0,31.0,9.0
LT05_193024_20101005,2010-10-05,193.0,24.0,43.0,9.0
LT05_193024_20110210,2011-02-10,193.0,24.0,85.0,9.0
LT05_193024_20110226,2011-02-26,193.0,24.0,0.0,9.0
LT05_193024_20110314,2011-03-14,193.0,24.0,91.0,9.0
LT05_193024_20110330,2011-03-30,193.0,24.0,5.0,9.0
LT05_193024_20110415,2011-04-15,193.0,24.0,82.0,9.0
LT05_193024_20110501,2011-05-01,193.0,24.0,0.0,9.0
LT05_193024_20110602,2011-06-02,193.0,24.0,14.0,9.0
LT05_193024_20110618,2011-06-18,193.0,24.0,89.0,9.0
LT05_193024_20110821,2011-08-21,193.0,24.0,80.0,9.0
LT05_193024_20110906,2011-09-06,193.0,24.0,11.0,9.0
LT05_193024_20110922,2011-09-22,193.0,24.0,47.0,9.0
LT05_193024_20111024,2011-10-24,193.0,24.0,41.0,9.0
LT05_193025_20000603,2000-06-03,193.0,25.0,9.0,9.0
LT05_193025_20000619,2000-06-19,193.0,25.0,0.0,9.0
LT05_193025_20000705,2000-07-05,193.0,25.0,77.0,9.0
LT05_193025_20000806,2000-08-06,193.0,25.0,70.0,9.0
LT05_193025_20010113,2001-01-13,193.0,25.0,18.0,9.0
LT05_193025_20010318,2001-03-18,193.0,25.0,85.0,9.0
LT05_193025_20010606,2001-06-06,193.0,25.0,96.0,9.0
LT05_193025_20010724,2001-07-24,193.0,25.0,21.0,9.0
LT05_193025_20010809,2001-08-09,193.0,25.0,91.0,9.0
LT05_193025_20010825,2001-08-25,193.0,25.0,4.0,9.0
LT05_193025_20011215,2001-12-15,193.0,25.0,82.0,9.0
LT05_193025_20020116,2002-01-16,193.0,25.0,61.0,9.0
LT05_193025_20020217,2002-02-17,193.0,25.0,21.0,7.0
LT05_193025_20020609,2002-06-09,193.0,25.0,65.0,9.0
LT05_193025_20020625,2002-06-25,193.0,25.0,39.0,9.0
LT05_193025_20030628,2003-06-28,193.0,25.0,56.0,9.0
LT05_193025_20030714,2003-07-14,193.0,25.0,28.0,9.0
LT05_193025_20030730,2003-07-30,193.0,25.0,23.0,9.0
LT05_193025_20030831,2003-08-31,193.0,25.0,79.0,9.0
LT05_193025_20030916,2003-09-16,193.0,25.0,78.0,9.0
LT05_193025_20031002,2003-10-02,193.0,25.0,94.0,9.0
LT05_193025_20031018,2003-10-18,193.0,25.0,1.0,9.0
LT05_193025_20040106,2004-01-06,193.0,25.0,70.0,9.0
LT05_193025_20040122,2004-01-22,193.0,25.0,32.0,9.0
LT05_193025_20040207,2004-02-07,193.0,25.0,63.0,9.0
LT05_193025_20040427,2004-04-27,193.0,25.0,38.0,9.0
LT05_193025_20040529,2004-05-29,193.0,25.0,27.0,9.0
LT05_193025_20040614,2004-06-14,193.0,25.0,42.0,9.0
LT05_193025_20040630,2004-06-30,193.0,25.0,86.0,9.0
LT05_193025_20040716,2004-07-16,193.0,25.0,77.0,9.0
LT05_193025_20040801,2004-08-01,193.0,25.0,35.0,9.0
LT05_193025_20040817,2004-08-17,193.0,25.0,70.0,7.0
LT05_193025_20040902,2004-09-02,193.0,25.0,2.0,9.0
LT05_193025_20040918,2004-09-18,193.0,25.0,12.0,9.0
LT05_193025_20041004,2004-10-04,193.0,25.0,20.0,9.0
LT05_193025_20041020,2004-10-20,193.0,25.0,90.0,9.0
LT05_193025_20041105,2004-11-05,193.0,25.0,74.0,9.0
LT05_193025_20041121,2004-11-21,193.0,25.0,72.0,9.0
LT05_193025_20050108,2005-01-08,193.0,25.0,8.0,9.0
LT05_193025_20050124,2005-01-24,193.0,25.0,69.0,9.0
LT05_193025_20050209,2005-02-09,193.0,25.0,51.0,7.0
LT05_193025_20050225,2005-02-25,193.0,25.0,45.0,7.0
LT05_193025_20050329,2005-03-29,193.0,25.0,87.0,7.0
LT05_193025_20050414,2005-04-14,193.0,25.0,58.0,9.0
LT05_193025_20050430,2005-04-30,193.0,25.0,56.0,9.0
LT05_193025_20050516,2005-05-16,193.0,25.0,67.0,9.0
LT05_193025_20050601,2005-06-01,193.0,25.0,45.0,9.0
LT05_193025_20050703,2005-07-03,193.0,25.0,58.0,9.0
LT05_193025_20050905,2005-09-05,193.0,25.0,0.0,9.0
LT05_193025_20051007,2005-10-07,193.0,25.0,2.0,9.0
LT05_193025_20051108,2005-11-08,193.0,25.0,42.0,7.0
LT05_193025_20060127,2006-01-27,193.0,25.0,5.0,9.0
LT05_193025_20060212,2006-02-12,193.0,25.0,27.0,9.0
LT05_193025_20060228,2006-02-28,193.0,25.0,100.0,9.0
LT05_193025_20060503,2006-05-03,193.0,25.0,3.0,9.0
LT05_193025_20060519,2006-05-19,193.0,25.0,68.0,9.0
LT05_193025_20060620,2006-06-20,193.0,25.0,16.0,9.0
LT05_193025_20060706,2006-07-06,193.0,25.0,44.0,9.0
LT05_193025_20060722,2006-07-22,193.0,25.0,9.0,9.0
LT05_193025_20060807,2006-08-07,193.0,25.0,58.0,9.0
LT05_193025_20060823,2006-08-23,193.0,25.0,68.0,9.0
LT05_193025_20060908,2006-09-08,193.0,25.0,66.0,9.0
LT05_193025_20060924,2006-09-24,193.0,25.0,0.0,9.0
LT05_193025_20061010,2006-10-10,193.0,25.0,32.0,9.0
LT05_193025_20061026,2006-10-26,193.0,25.0,11.0,9.0
LT05_193025_20070303,2007-03-03,193.0,25.0,74.0,9.0
LT05_193025_20070506,2007-05-06,193.0,25.0,64.0,9.0
LT05_193025_20070522,2007-05-22,193.0,25.0,27.0,9.0
LT05_193025_20070725,2007-07-25,193.0,25.0,71.0,9.0
LT05_193025_20070826,2007-08-26,193.0,25.0,24.0,9.0
LT05_193025_20080305,2008-03-05,193.0,25.0,41.0,9.0
LT05_193025_20080508,2008-05-08,193.0,25.0,20.0,9.0
LT05_193025_20080609,2008-06-09,193.0,25.0,49.0,9.0
LT05_193025_20080711,2008-07-11,193.0,25.0,46.0,9.0
LT05_193025_20080828,2008-08-28,193.0,25.0,89.0,9.0
LT05_193025_20080929,2008-09-29,193.0,25.0,55.0,9.0
LT05_193025_20090204,2009-02-04,193.0,25.0,63.0,9.0
LT05_193025_20090425,2009-04-25,193.0,25.0,15.0,9.0
LT05_193025_20090527,2009-05-27,193.0,25.0,53.0,9.0
LT05_193025_20090612,2009-06-12,193.0,25.0,60.0,9.0
LT05_193025_20090730,2009-07-30,193.0,25.0,58.0,9.0
LT05_193025_20090815,2009-08-15,193.0,25.0,8.0,9.0
LT05_193025_20090831,2009-08-31,193.0,25.0,1.0,9.0
LT05_193025_20090916,2009-09-16,193.0,25.0,94.0,9.0
LT05_193025_20091002,2009-10-02,193.0,25.0,91.0,9.0
LT05_193025_20091119,2009-11-19,193.0,25.0,16.0,9.0
LT05_193025_20100207,2010-02-07,193.0,25.0,62.0,9.0
LT05_193025_20100428,2010-04-28,193.0,25.0,5.0,9.0
LT05_193025_20100615,2010-06-15,193.0,25.0,100.0,9.0
LT05_193025_20100717,2010-07-17,193.0,25.0,68.0,9.0
LT05_193025_20100818,2010-08-18,193.0,25.0,86.0,9.0
LT05_193025_20100903,2010-09-03,193.0,25.0,78.0,9.0
LT05_193025_20100919,2010-09-19,193.0,25.0,23.0,9.0
LT05_193025_20101005,2010-10-05,193.0,25.0,86.0,9.0
LT05_193025_20101021,2010-10-21,193.0,25.0,72.0,9.0
LT05_193025_20110210,2011-02-10,193.0,25.0,77.0,9.0
LT05_193025_20110226,2011-02-26,193.0,25.0,1.0,9.0
LT05_193025_20110314,2011-03-14,193.0,25.0,94.0,9.0
LT05_193025_20110330,2011-03-30,193.0,25.0,8.0,9.0
LT05_193025_20110501,2011-05-01,193.0,25.0,5.0,9.0
LT05_193025_20110602,2011-06-02,193.0,25.0,46.0,9.0
LT05_193025_20110805,2011-08-05,193.0,25.0,92.0,9.0
LT05_193025_20110821,2011-08-21,193.0,25.0,83.0,9.0
LT05_193025_20110906,2011-09-06,193.0,25.0,26.0,9.0
LT05_193025_20110922,2011-09-22,193.0,25.0,79.0,9.0
LT05_193025_20111024,2011-10-24,193.0,25.0,39.0,9.0
LT05_193025_20111109,2011-11-09,193.0,25.0,65.0,9.0
LT05_193026_20000127,2000-01-27,193.0,26.0,0.0,9.0
LT05_193026_20000315,2000-03-15,193.0,26.0,68.0,9.0
LT05_193026_20000603,2000-06-03,193.0,26.0,1.0,9.0
LT05_193026_20000619,2000-06-19,193.0,26.0,0.0,9.0
LT05_193026_20010113,2001-01-13,193.0,26.0,9.0,9.0
LT05_193026_20010214,2001-02-14,193.0,26.0,5.0,9.0
LT05_193026_20010302,2001-03-02,193.0,26.0,34.0,9.0
LT05_193026_20010318,2001-03-18,193.0,26.0,64.0,9.0
LT05_193026_20010505,2001-05-05,193.0,26.0,82.0,9.0
LT05_193026_20010724,2001-07-24,193.0,26.0,25.0,9.0
LT05_193026_20010809,2001-08-09,193.0,26.0,98.0,9.0
LT05_193026_20010825,2001-08-25,193.0,26.0,0.0,9.0
LT05_193026_20011215,2001-12-15,193.0,26.0,5.0,9.0
LT05_193026_20011231,2001-12-31,193.0,26.0,45.0,9.0
LT05_193026_20020116,2002-01-16,193.0,26.0,89.0,9.0
LT05_193026_20020217,2002-02-17,193.0,26.0,29.0,9.0
LT05_193026_20020305,2002-03-05,193.0,26.0,63.0,9.0
LT05_193026_20020609,2002-06-09,193.0,26.0,85.0,9.0
LT05_193026_20020625,2002-06-25,193.0,26.0,36.0,9.0
LT05_193026_20030628,2003-06-28,193.0,26.0,75.0,9.0
LT05_193026_20030714,2003-07-14,193.0,26.0,0.0,9.0
LT05_193026_20030730,2003-07-30,193.0,26.0,22.0,9.0
LT05_193026_20030916,2003-09-16,193.0,26.0,50.0,9.0
LT05_193026_20031002,2003-10-02,193.0,26.0,85.0,9.0
LT05_193026_20031018,2003-10-18,193.0,26.0,0.0,9.0
LT05_193026_20040122,2004-01-22,193.0,26.0,44.0,9.0
LT05_193026_20040207,2004-02-07,193.0,26.0,46.0,9.0
LT05_193026_20040427,2004-04-27,193.0,26.0,11.0,9.0
LT05_193026_20040529,2004-05-29,193.0,26.0,22.0,9.0
LT05_193026_20040614,2004-06-14,193.0,26.0,36.0,9.0
LT05_193026_20040630,2004-06-30,193.0,26.0,27.0,9.0
LT05_193026_20040716,2004-07-16,193.0,26.0,88.0,9.0
LT05_193026_20040801,2004-08-01,193.0,26.0,22.0,9.0
LT05_193026_20040817,2004-08-17,193.0,26.0,56.0,9.0
LT05_193026_20040902,2004-09-02,193.0,26.0,0.0,9.0
LT05_193026_20040918,2004-09-18,193.0,26.0,3.0,9.0
LT05_193026_20041004,2004-10-04,193.0,26.0,24.0,9.0
LT05_193026_20041020,2004-10-20,193.0,26.0,91.0,9.0
LT05_193026_20041121,2004-11-21,193.0,26.0,58.0,9.0
LT05_193026_20050108,2005-01-08,193.0,26.0,2.0,9.0
LT05_193026_20050124,2005-01-24,193.0,26.0,59.0,9.0
LT05_193026_20050209,2005-02-09,193.0,26.0,16.0,9.0
LT05_193026_20050225,2005-02-25,193.0,26.0,33.0,9.0
LT05_193026_20050329,2005-03-29,193.0,26.0,71.0,9.0
LT05_193026_20050414,2005-04-14,193.0,26.0,13.0,9.0
LT05_193026_20050430,2005-04-30,193.0,26.0,13.0,9.0
LT05_193026_20050516,2005-05-16,193.0,26.0,61.0,9.0
LT05_193026_20050601,2005-06-01,193.0,26.0,44.0,9.0
LT05_193026_20050617,2005-06-17,193.0,26.0,100.0,9.0
LT05_193026_20050703,2005-07-03,193.0,26.0,31.0,9.0
LT05_193026_20050719,2005-07-19,193.0,26.0,90.0,9.0
LT05_193026_20050905,2005-09-05,193.0,26.0,0.0,9.0
LT05_193026_20051007,2005-10-07,193.0,26.0,20.0,9.0
LT05_193026_20051023,2005-10-23,193.0,26.0,79.0,9.0
LT05_193026_20051108,2005-11-08,193.0,26.0,69.0,9.0
LT05_193026_20051124,2005-11-24,193.0,26.0,65.0,9.0
LT05_193026_20060127,2006-01-27,193.0,26.0,47.0,9.0
LT05_193026_20060212,2006-02-12,193.0,26.0,66.0,9.0
LT05_193026_20060228,2006-02-28,193.0,26.0,88.0,9.0
LT05_193026_20060503,2006-05-03,193.0,26.0,1.0,9.0
LT05_193026_20060519,2006-05-19,193.0,26.0,49.0,9.0
LT05_193026_20060620,2006-06-20,193.0,26.0,14.0,9.0
LT05_193026_20060706,2006-07-06,193.0,26.0,10.0,9.0
LT05_193026_20060722,2006-07-22,193.0,26.0,3.0,9.0
LT05_193026_20060807,2006-08-07,193.0,26.0,58.0,9.0
LT05_193026_20060823,2006-08-23,193.0,26.0,52.0,9.0
LT05_193026_20060908,2006-09-08,193.0,26.0,29.0,9.0
LT05_193026_20060924,2006-09-24,193.0,26.0,3.0,9.0
LT05_193026_20061010,2006-10-10,193.0,26.0,12.0,9.0
LT05_193026_20061026,2006-10-26,193.0,26.0,23.0,9.0
LT05_193026_20061213,2006-12-13,193.0,26.0,55.0,9.0
LT05_193026_20061229,2006-12-29,193.0,26.0,82.0,9.0
LT05_193026_20070130,2007-01-30,193.0,26.0,77.0,9.0
LT05_193026_20070303,2007-03-03,193.0,26.0,89.0,9.0
LT05_193026_20070506,2007-05-06,193.0,26.0,83.0,9.0
LT05_193026_20070522,2007-05-22,193.0,26.0,38.0,9.0
LT05_193026_20070623,2007-06-23,193.0,26.0,72.0,9.0
LT05_193026_20070725,2007-07-25,193.0,26.0,49.0,9.0
LT05_193026_20070826,2007-08-26,193.0,26.0,8.0,9.0
LT05_193026_20070911,2007-09-11,193.0,26.0,92.0,9.0
LT05_193026_20080305,2008-03-05,193.0,26.0,21.0,9.0
LT05_193026_20080524,2008-05-24,193.0,26.0,35.0,9.0
LT05_193026_20080609,2008-06-09,193.0,26.0,60.0,9.0
LT05_193026_20080625,2008-06-25,193.0,26.0,20.0,9.0
LT05_193026_20080727,2008-07-27,193.0,26.0,27.0,9.0
LT05_193026_20080929,2008-09-29,193.0,26.0,77.0,9.0
LT05_193026_20090204,2009-02-04,193.0,26.0,66.0,9.0
LT05_193026_20090511,2009-05-11,193.0,26.0,64.0,9.0
LT05_193026_20090527,2009-05-27,193.0,26.0,51.0,9.0
LT05_193026_20090612,2009-06-12,193.0,26.0,51.0,9.0
LT05_193026_20090714,2009-07-14,193.0,26.0,82.0,9.0
LT05_193026_20090730,2009-07-30,193.0,26.0,59.0,9.0
LT05_193026_20090815,2009-08-15,193.0,26.0,15.0,9.0
LT05_193026_20090831,2009-08-31,193.0,26.0,1.0,9.0
LT05_193026_20090916,2009-09-16,193.0,26.0,63.0,9.0
LT05_193026_20091002,2009-10-02,193.0,26.0,75.0,9.0
LT05_193026_20091119,2009-11-19,193.0,26.0,9.0,9.0
LT05_193026_20100207,2010-02-07,193.0,26.0,79.0,9.0
LT05_193026_20100428,2010-04-28,193.0,26.0,2.0,9.0
LT05_193026_20100717,2010-07-17,193.0,26.0,68.0,9.0
LT05_193026_20100903,2010-09-03,193.0,26.0,75.0,9.0
LT05_193026_20100919,2010-09-19,193.0,26.0,17.0,9.0
LT05_193026_20110210,2011-02-10,193.0,26.0,73.0,9.0
LT05_193026_20110226,2011-02-26,193.0,26.0,0.0,9.0
LT05_193026_20110314,2011-03-14,193.0,26.0,93.0,9.0
LT05_193026_20110330,2011-03-30,193.0,26.0,8.0,9.0
LT05_193026_20110415,2011-04-15,193.0,26.0,73.0,9.0
LT05_193026_20110501,2011-05-01,193.0,26.0,74.0,9.0
LT05_193026_20110602,2011-06-02,193.0,26.0,83.0,9.0
LT05_193026_20110704,2011-07-04,193.0,26.0,66.0,9.0
LT05_193026_20110821,2011-08-21,193.0,26.0,52.0,9.0
LT05_193026_20110906,2011-09-06,193.0,26.0,10.0,9.0
LT05_193026_20110922,2011-09-22,193.0,26.0,73.0,9.0
LT05_193026_20111024,2011-10-24,193.0,26.0,4.0,9.0
LT05_193027_20000127,2000-01-27,193.0,27.0,1.0,9.0
LT05_193027_20000315,2000-03-15,193.0,27.0,84.0,9.0
LT05_193027_20000619,2000-06-19,193.0,27.0,3.0,9.0
LT05_193027_20000705,2000-07-05,193.0,27.0,53.0,9.0
LT05_193027_20000806,2000-08-06,193.0,27.0,97.0,9.0
LT05_193027_20000822,2000-08-22,193.0,27.0,72.0,9.0
LT05_193027_20000923,2000-09-23,193.0,27.0,35.0,9.0
LT05_193027_20010113,2001-01-13,193.0,27.0,23.0,9.0
LT05_193027_20010318,2001-03-18,193.0,27.0,56.0,9.0
LT05_193027_20010505,2001-05-05,193.0,27.0,97.0,9.0
LT05_193027_20010724,2001-07-24,193.0,27.0,44.0,7.0
LT05_193027_20010809,2001-08-09,193.0,27.0,91.0,7.0
LT05_193027_20010825,2001-08-25,193.0,27.0,1.0,9.0
LT05_193027_20011113,2001-11-13,193.0,27.0,91.0,9.0
LT05_193027_20011129,2001-11-29,193.0,27.0,63.0,9.0
LT05_193027_20011215,2001-12-15,193.0,27.0,4.0,9.0
LT05_193027_20020116,2002-01-16,193.0,27.0,16.0,9.0
LT05_193027_20020217,2002-02-17,193.0,27.0,63.0,9.0
LT05_193027_20020305,2002-03-05,193.0,27.0,58.0,9.0
LT05_193027_20020321,2002-03-21,193.0,27.0,4.0,9.0
LT05_193027_20020524,2002-05-24,193.0,27.0,94.0,9.0
LT05_193027_20020625,2002-06-25,193.0,27.0,71.0,9.0
LT05_193027_20030628,2003-06-28,193.0,27.0,39.0,9.0
LT05_193027_20030714,2003-07-14,193.0,27.0,4.0,9.0
LT05_193027_20030730,2003-07-30,193.0,27.0,13.0,9.0
LT05_193027_20030916,2003-09-16,193.0,27.0,9.0,9.0
LT05_193027_20031002,2003-10-02,193.0,27.0,47.0,9.0
LT05_193027_20031018,2003-10-18,193.0,27.0,19.0,9.0
LT05_193027_20040106,2004-01-06,193.0,27.0,60.0,9.0
LT05_193027_20040122,2004-01-22,193.0,27.0,15.0,9.0
LT05_193027_20040207,2004-02-07,193.0,27.0,79.0,9.0
LT05_193027_20040326,2004-03-26,193.0,27.0,100.0,9.0
LT05_193027_20040427,2004-04-27,193.0,27.0,22.0,9.0
LT05_193027_20040529,2004-05-29,193.0,27.0,24.0,9.0
LT05_193027_20040614,2004-06-14,193.0,27.0,57.0,9.0
LT05_193027_20040630,2004-06-30,193.0,27.0,6.0,9.0
LT05_193027_20040716,2004-07-16,193.0,27.0,37.0,9.0
LT05_193027_20040801,2004-08-01,193.0,27.0,26.0,9.0
LT05_193027_20040817,2004-08-17,193.0,27.0,41.0,9.0
LT05_193027_20040902,2004-09-02,193.0,27.0,1.0,9.0
LT05_193027_20040918,2004-09-18,193.0,27.0,1.0,9.0
LT05_193027_20041004,2004-10-04,193.0,27.0,11.0,9.0
LT05_193027_20041020,2004-10-20,193.0,27.0,66.0,9.0
LT05_193027_20041105,2004-11-05,193.0,27.0,93.0,9.0
LT05_193027_20041121,2004-11-21,193.0,27.0,12.0,9.0
LT05_193027_20041223,2004-12-23,193.0,27.0,56.0,9.0
LT05_193027_20050108,2005-01-08,193.0,27.0,3.0,9.0
LT05_193027_20050124,2005-01-24,193.0,27.0,75.0,9.0
LT05_193027_20050209,2005-02-09,193.0,27.0,25.0,9.0
LT05_193027_20050225,2005-02-25,193.0,27.0,32.0,7.0
LT05_193027_20050329,2005-03-29,193.0,27.0,65.0,9.0
LT05_193027_20050414,2005-04-14,193.0,27.0,23.0,9.0
LT05_193027_20050430,2005-04-30,193.0,27.0,28.0,9.0
LT05_193027_20050516,2005-05-16,193.0,27.0,100.0,9.0
LT05_193027_20050601,2005-06-01,193.0,27.0,37.0,9.0
LT05_193027_20050617,2005-06-17,193.0,27.0,92.0,9.0
LT05_193027_20050703,2005-07-03,193.0,27.0,12.0,9.0
LT05_193027_20050719,2005-07-19,193.0,27.0,86.0,9.0
LT05_193027_20050905,2005-09-05,193.0,27.0,6.0,9.0
LT05_193027_20051007,2005-10-07,193.0,27.0,64.0,9.0
LT05_193027_20051023,2005-10-23,193.0,27.0,86.0,9.0
LT05_193027_20051108,2005-11-08,193.0,27.0,20.0,9.0
LT05_193027_20051124,2005-11-24,193.0,27.0,35.0,9.0
LT05_193027_20060127,2006-01-27,193.0,27.0,72.0,7.0
LT05_193027_20060212,2006-02-12,193.0,27.0,1.0,9.0
LT05_193027_20060228,2006-02-28,193.0,27.0,78.0,9.0
LT05_193027_20060417,2006-04-17,193.0,27.0,58.0,9.0
LT05_193027_20060503,2006-05-03,193.0,27.0,7.0,9.0
LT05_193027_20060519,2006-05-19,193.0,27.0,52.0,9.0
LT05_193027_20060620,2006-06-20,193.0,27.0,16.0,9.0
LT05_193027_20060706,2006-07-06,193.0,27.0,31.0,9.0
LT05_193027_20060722,2006-07-22,193.0,27.0,11.0,9.0
LT05_193027_20060823,2006-08-23,193.0,27.0,27.0,9.0
LT05_193027_20060908,2006-09-08,193.0,27.0,79.0,9.0
LT05_193027_20060924,2006-09-24,193.0,27.0,20.0,9.0
LT05_193027_20061010,2006-10-10,193.0,27.0,2.0,9.0
LT05_193027_20061026,2006-10-26,193.0,27.0,2.0,9.0
LT05_193027_20061127,2006-11-27,193.0,27.0,20.0,9.0
LT05_193027_20061229,2006-12-29,193.0,27.0,29.0,9.0
LT05_193027_20070303,2007-03-03,193.0,27.0,100.0,9.0
LT05_193027_20070522,2007-05-22,193.0,27.0,92.0,9.0
LT05_193027_20070623,2007-06-23,193.0,27.0,74.0,9.0
LT05_193027_20070725,2007-07-25,193.0,27.0,21.0,9.0
LT05_193027_20070810,2007-08-10,193.0,27.0,87.0,9.0
LT05_193027_20070826,2007-08-26,193.0,27.0,30.0,9.0
LT05_193027_20070911,2007-09-11,193.0,27.0,81.0,9.0
LT05_193027_20080305,2008-03-05,193.0,27.0,75.0,9.0
LT05_193027_20080524,2008-05-24,193.0,27.0,46.0,9.0
LT05_193027_20080625,2008-06-25,193.0,27.0,8.0,9.0
LT05_193027_20080711,2008-07-11,193.0,27.0,15.0,9.0
LT05_193027_20080727,2008-07-27,193.0,27.0,62.0,9.0
LT05_193027_20080929,2008-09-29,193.0,27.0,15.0,9.0
LT05_193027_20090204,2009-02-04,193.0,27.0,2.0,9.0
LT05_193027_20090308,2009-03-08,193.0,27.0,68.0,9.0
LT05_193027_20090511,2009-05-11,193.0,27.0,33.0,9.0
LT05_193027_20090527,2009-05-27,193.0,27.0,83.0,9.0
LT05_193027_20090612,2009-06-12,193.0,27.0,30.0,9.0
LT05_193027_20090628,2009-06-28,193.0,27.0,78.0,9.0
LT05_193027_20090714,2009-07-14,193.0,27.0,61.0,9.0
LT05_193027_20090730,2009-07-30,193.0,27.0,67.0,9.0
LT05_193027_20090815,2009-08-15,193.0,27.0,3.0,9.0
LT05_193027_20090831,2009-08-31,193.0,27.0,1.0,9.0
LT05_193027_20090916,2009-09-16,193.0,27.0,89.0,9.0
LT05_193027_20091002,2009-10-02,193.0,27.0,58.0,9.0
LT05_193027_20091018,2009-10-18,193.0,27.0,95.0,9.0
LT05_193027_20091103,2009-11-03,193.0,27.0,69.0,9.0
LT05_193027_20091119,2009-11-19,193.0,27.0,5.0,9.0
LT05_193027_20091205,2009-12-05,193.0,27.0,82.0,9.0
LT05_193027_20100122,2010-01-22,193.0,27.0,9.0,9.0
LT05_193027_20100207,2010-02-07,193.0,27.0,52.0,9.0
LT05_193027_20100223,2010-02-23,193.0,27.0,68.0,9.0
LT05_193027_20100412,2010-04-12,193.0,27.0,56.0,9.0
LT05_193027_20100428,2010-04-28,193.0,27.0,5.0,9.0
LT05_193027_20100717,2010-07-17,193.0,27.0,76.0,9.0
LT05_193027_20100903,2010-09-03,193.0,27.0,49.0,9.0
LT05_193027_20100919,2010-09-19,193.0,27.0,20.0,9.0
LT05_193027_20101021,2010-10-21,193.0,27.0,27.0,9.0
LT05_193027_20101106,2010-11-06,193.0,27.0,37.0,9.0
LT05_193027_20110210,2011-02-10,193.0,27.0,3.0,9.0
LT05_193027_20110226,2011-02-26,193.0,27.0,1.0,9.0
LT05_193027_20110314,2011-03-14,193.0,27.0,41.0,9.0
LT05_193027_20110330,2011-03-30,193.0,27.0,20.0,9.0
LT05_193027_20110415,2011-04-15,193.0,27.0,44.0,9.0
LT05_193027_20110501,2011-05-01,193.0,27.0,74.0,9.0
LT05_193027_20110517,2011-05-17,193.0,27.0,82.0,9.0
LT05_193027_20110602,2011-06-02,193.0,27.0,87.0,9.0
LT05_193027_20110704,2011-07-04,193.0,27.0,3.0,9.0
LT05_193027_20110805,2011-08-05,193.0,27.0,90.0,9.0
LT05_193027_20110821,2011-08-21,193.0,27.0,15.0,9.0
LT05_193027_20110906,2011-09-06,193.0,27.0,7.0,9.0
LT05_193027_20110922,2011-09-22,193.0,27.0,28.0,9.0
LT05_193027_20111024,2011-10-24,193.0,27.0,22.0,9.0
LT05_194022_20000610,2000-06-10,194.0,22.0,2.0,9.0
LT05_194022_20000712,2000-07-12,194.0,22.0,87.0,9.0
LT05_194022_20000813,2000-08-13,194.0,22.0,3.0,9.0
LT05_194022_20010512,2001-05-12,194.0,22.0,0.0,9.0
LT05_194022_20010613,2001-06-13,194.0,22.0,70.0,9.0
LT05_194022_20010629,2001-06-29,194.0,22.0,52.0,9.0
LT05_194022_20010816,2001-08-16,194.0,22.0,9.0,9.0
LT05_194022_20010901,2001-09-01,194.0,22.0,33.0,9.0
LT05_194022_20011019,2001-10-19,194.0,22.0,54.0,9.0
LT05_194022_20011120,2001-11-20,194.0,22.0,2.0,9.0
LT05_194022_20020208,2002-02-08,194.0,22.0,61.0,9.0
LT05_194022_20020224,2002-02-24,194.0,22.0,13.0,9.0
LT05_194022_20020616,2002-06-16,194.0,22.0,20.0,9.0
LT05_194022_20030705,2003-07-05,194.0,22.0,75.0,9.0
LT05_194022_20030721,2003-07-21,194.0,22.0,94.0,9.0
LT05_194022_20030806,2003-08-06,194.0,22.0,2.0,9.0
LT05_194022_20030822,2003-08-22,194.0,22.0,92.0,9.0
LT05_194022_20030907,2003-09-07,194.0,22.0,64.0,9.0
LT05_194022_20030923,2003-09-23,194.0,22.0,35.0,9.0
LT05_194022_20031009,2003-10-09,194.0,22.0,62.0,9.0
LT05_194022_20040129,2004-01-29,194.0,22.0,51.0,9.0
LT05_194022_20040418,2004-04-18,194.0,22.0,10.0,9.0
LT05_194022_20040520,2004-05-20,194.0,22.0,46.0,9.0
LT05_194022_20040605,2004-06-05,194.0,22.0,70.0,9.0
LT05_194022_20040621,2004-06-21,194.0,22.0,57.0,9.0
LT05_194022_20040707,2004-07-07,194.0,22.0,20.0,9.0
LT05_194022_20040723,2004-07-23,194.0,22.0,25.0,9.0
LT05_194022_20040808,2004-08-08,194.0,22.0,0.0,9.0
LT05_194022_20040824,2004-08-24,194.0,22.0,76.0,9.0
LT05_194022_20040909,2004-09-09,194.0,22.0,2.0,9.0
LT05_194022_20040925,2004-09-25,194.0,22.0,26.0,9.0
LT05_194022_20041027,2004-10-27,194.0,22.0,26.0,9.0
LT05_194022_20041112,2004-11-12,194.0,22.0,78.0,9.0
LT05_194022_20050405,2005-04-05,194.0,22.0,53.0,9.0
LT05_194022_20050507,2005-05-07,194.0,22.0,26.0,9.0
LT05_194022_20050608,2005-06-08,194.0,22.0,35.0,9.0
LT05_194022_20050624,2005-06-24,194.0,22.0,87.0,9.0
LT05_194022_20050710,2005-07-10,194.0,22.0,2.0,9.0
LT05_194022_20050726,2005-07-26,194.0,22.0,84.0,9.0
LT05_194022_20050827,2005-08-27,194.0,22.0,13.0,9.0
LT05_194022_20050912,2005-09-12,194.0,22.0,60.0,9.0
LT05_194022_20051014,2005-10-14,194.0,22.0,36.0,9.0
LT05_194022_20051030,2005-10-30,194.0,22.0,0.0,9.0
LT05_194022_20051115,2005-11-15,194.0,22.0,76.0,9.0
LT05_194022_20060307,2006-03-07,194.0,22.0,42.0,9.0
LT05_194022_20060526,2006-05-26,194.0,22.0,71.0,9.0
LT05_194022_20060611,2006-06-11,194.0,22.0,0.0,9.0
LT05_194022_20060713,2006-07-13,194.0,22.0,6.0,9.0
LT05_194022_20060814,2006-08-14,194.0,22.0,53.0,9.0
LT05_194022_20060915,2006-09-15,194.0,22.0,0.0,9.0
LT05_194022_20061001,2006-10-01,194.0,22.0,17.0,9.0
LT05_194022_20061017,2006-10-17,194.0,22.0,0.0,9.0
LT05_194022_20061118,2006-11-18,194.0,22.0,81.0,9.0
LT05_194022_20070513,2007-05-13,194.0,22.0,20.0,9.0
LT05_194022_20070529,2007-05-29,194.0,22.0,44.0,9.0
LT05_194022_20070630,2007-06-30,194.0,22.0,66.0,9.0
LT05_194022_20070716,2007-07-16,194.0,22.0,8.0,9.0
LT05_194022_20070801,2007-08-01,194.0,22.0,38.0,9.0
LT05_194022_20070817,2007-08-17,194.0,22.0,36.0,9.0
LT05_194022_20070902,2007-09-02,194.0,22.0,73.0,9.0
LT05_194022_20071004,2007-10-04,194.0,22.0,57.0,9.0
LT05_194022_20080312,2008-03-12,194.0,22.0,82.0,9.0
LT05_194022_20080328,2008-03-28,194.0,22.0,17.0,9.0
LT05_194022_20080515,2008-05-15,194.0,22.0,4.0,9.0
LT05_194022_20080531,2008-05-31,194.0,22.0,0.0,9.0
LT05_194022_20080904,2008-09-04,194.0,22.0,9.0,9.0
LT05_194022_20090227,2009-02-27,194.0,22.0,97.0,9.0
LT05_194022_20090502,2009-05-02,194.0,22.0,1.0,9.0
LT05_194022_20090518,2009-05-18,194.0,22.0,31.0,9.0
LT05_194022_20090603,2009-06-03,194.0,22.0,50.0,9.0
LT05_194022_20090619,2009-06-19,194.0,22.0,65.0,9.0
LT05_194022_20090721,2009-07-21,194.0,22.0,21.0,9.0
LT05_194022_20090806,2009-08-06,194.0,22.0,14.0,9.0
LT05_194022_20090907,2009-09-07,194.0,22.0,69.0,9.0
LT05_194022_20090923,2009-09-23,194.0,22.0,65.0,9.0
LT05_194022_20091009,2009-10-09,194.0,22.0,26.0,9.0
LT05_194022_20100403,2010-04-03,194.0,22.0,21.0,9.0
LT05_194022_20100419,2010-04-19,194.0,22.0,3.0,9.0
LT05_194022_20100505,2010-05-05,194.0,22.0,54.0,9.0
LT05_194022_20100606,2010-06-06,194.0,22.0,38.0,9.0
LT05_194022_20100622,2010-06-22,194.0,22.0,12.0,9.0
LT05_194022_20100708,2010-07-08,194.0,22.0,35.0,9.0
LT05_194022_20100809,2010-08-09,194.0,22.0,72.0,9.0
LT05_194022_20100825,2010-08-25,194.0,22.0,58.0,9.0
LT05_194022_20101012,2010-10-12,194.0,22.0,14.0,9.0
LT05_194022_20101113,2010-11-13,194.0,22.0,55.0,9.0
LT05_194022_20110422,2011-04-22,194.0,22.0,0.0,9.0
LT05_194022_20110508,2011-05-08,194.0,22.0,0.0,9.0
LT05_194022_20110609,2011-06-09,194.0,22.0,63.0,9.0
LT05_194022_20110625,2011-06-25,194.0,22.0,45.0,9.0
LT05_194022_20110711,2011-07-11,194.0,22.0,62.0,9.0
LT05_194022_20110727,2011-07-27,194.0,22.0,26.0,9.0
LT05_194022_20110929,2011-09-29,194.0,22.0,24.0,9.0
LT05_194023_20000306,2000-03-06,194.0,23.0,95.0,9.0
LT05_194023_20000610,2000-06-10,194.0,23.0,0.0,9.0
LT05_194023_20000626,2000-06-26,194.0,23.0,94.0,9.0
LT05_194023_20000813,2000-08-13,194.0,23.0,6.0,9.0
LT05_194023_20010221,2001-02-21,194.0,23.0,78.0,9.0
LT05_194023_20010512,2001-05-12,194.0,23.0,0.0,9.0
LT05_194023_20010731,2001-07-31,194.0,23.0,81.0,9.0
LT05_194023_20010816,2001-08-16,194.0,23.0,10.0,9.0
LT05_194023_20010901,2001-09-01,194.0,23.0,47.0,9.0
LT05_194023_20011019,2001-10-19,194.0,23.0,70.0,9.0
LT05_194023_20011120,2001-11-20,194.0,23.0,48.0,9.0
LT05_194023_20020123,2002-01-23,194.0,23.0,91.0,9.0
LT05_194023_20020208,2002-02-08,194.0,23.0,49.0,9.0
LT05_194023_20020616,2002-06-16,194.0,23.0,55.0,9.0
LT05_194023_20030721,2003-07-21,194.0,23.0,76.0,9.0
LT05_194023_20030806,2003-08-06,194.0,23.0,2.0,9.0
LT05_194023_20030822,2003-08-22,194.0,23.0,54.0,9.0
LT05_194023_20030907,2003-09-07,194.0,23.0,68.0,9.0
LT05_194023_20030923,2003-09-23,194.0,23.0,64.0,9.0
LT05_194023_20031009,2003-10-09,194.0,23.0,75.0,9.0
LT05_194023_20040301,2004-03-01,194.0,23.0,93.0,9.0
LT05_194023_20040418,2004-04-18,194.0,23.0,29.0,9.0
LT05_194023_20040520,2004-05-20,194.0,23.0,51.0,9.0
LT05_194023_20040605,2004-06-05,194.0,23.0,76.0,9.0
LT05_194023_20040621,2004-06-21,194.0,23.0,81.0,9.0
LT05_194023_20040707,2004-07-07,194.0,23.0,23.0,9.0
LT05_194023_20040723,2004-07-23,194.0,23.0,12.0,9.0
LT05_194023_20040808,2004-08-08,194.0,23.0,1.0,9.0
LT05_194023_20040824,2004-08-24,194.0,23.0,88.0,9.0
LT05_194023_20040909,2004-09-09,194.0,23.0,3.0,9.0
LT05_194023_20040925,2004-09-25,194.0,23.0,70.0,9.0
LT05_194023_20041027,2004-10-27,194.0,23.0,45.0,9.0
LT05_194023_20041112,2004-11-12,194.0,23.0,68.0,9.0
LT05_194023_20050507,2005-05-07,194.0,23.0,71.0,9.0
LT05_194023_20050523,2005-05-23,194.0,23.0,69.0,9.0
LT05_194023_20050608,2005-06-08,194.0,23.0,88.0,9.0
LT05_194023_20050624,2005-06-24,194.0,23.0,75.0,9.0
LT05_194023_20050710,2005-07-10,194.0,23.0,1.0,9.0
LT05_194023_20050827,2005-08-27,194.0,23.0,28.0,9.0
LT05_194023_20050912,2005-09-12,194.0,23.0,100.0,9.0
LT05_194023_20050928,2005-09-28,194.0,23.0,81.0,9.0
LT05_194023_20051014,2005-10-14,194.0,23.0,32.0,9.0
LT05_194023_20051030,2005-10-30,194.0,23.0,0.0,9.0
LT05_194023_20060307,2006-03-07,194.0,23.0,83.0,9.0
LT05_194023_20060526,2006-05-26,194.0,23.0,79.0,9.0
LT05_194023_20060611,2006-06-11,194.0,23.0,0.0,9.0
LT05_194023_20060627,2006-06-27,194.0,23.0,76.0,9.0
LT05_194023_20060713,2006-07-13,194.0,23.0,13.0,9.0
LT05_194023_20060729,2006-07-29,194.0,23.0,77.0,9.0
LT05_194023_20060814,2006-08-14,194.0,23.0,70.0,9.0
LT05_194023_20060830,2006-08-30,194.0,23.0,91.0,9.0
LT05_194023_20060915,2006-09-15,194.0,23.0,1.0,9.0
LT05_194023_20061001,2006-10-01,194.0,23.0,20.0,9.0
LT05_194023_20061017,2006-10-17,194.0,23.0,0.0,9.0
LT05_194023_20070513,2007-05-13,194.0,23.0,52.0,9.0
LT05_194023_20070630,2007-06-30,194.0,23.0,88.0,9.0
LT05_194023_20070716,2007-07-16,194.0,23.0,3.0,9.0
LT05_194023_20070801,2007-08-01,194.0,23.0,63.0,9.0
LT05_194023_20070817,2007-08-17,194.0,23.0,49.0,9.0
LT05_194023_20070902,2007-09-02,194.0,23.0,74.0,9.0
LT05_194023_20071004,2007-10-04,194.0,23.0,93.0,9.0
LT05_194023_20080312,2008-03-12,194.0,23.0,58.0,9.0
LT05_194023_20080328,2008-03-28,194.0,23.0,23.0,9.0
LT05_194023_20080515,2008-05-15,194.0,23.0,35.0,9.0
LT05_194023_20080531,2008-05-31,194.0,23.0,0.0,9.0
LT05_194023_20080702,2008-07-02,194.0,23.0,0.0,9.0
LT05_194023_20080904,2008-09-04,194.0,23.0,14.0,9.0
LT05_194023_20090227,2009-02-27,194.0,23.0,92.0,9.0
LT05_194023_20090502,2009-05-02,194.0,23.0,0.0,9.0
LT05_194023_20090518,2009-05-18,194.0,23.0,54.0,9.0
LT05_194023_20090603,2009-06-03,194.0,23.0,87.0,9.0
LT05_194023_20090619,2009-06-19,194.0,23.0,78.0,9.0
LT05_194023_20090721,2009-07-21,194.0,23.0,56.0,9.0
LT05_194023_20090806,2009-08-06,194.0,23.0,17.0,9.0
LT05_194023_20090822,2009-08-22,194.0,23.0,46.0,9.0
LT05_194023_20090907,2009-09-07,194.0,23.0,96.0,9.0
LT05_194023_20090923,2009-09-23,194.0,23.0,82.0,9.0
LT05_194023_20091009,2009-10-09,194.0,23.0,3.0,9.0
LT05_194023_20091025,2009-10-25,194.0,23.0,91.0,9.0
LT05_194023_20100129,2010-01-29,194.0,23.0,100.0,9.0
LT05_194023_20100214,2010-02-14,194.0,23.0,63.0,9.0
LT05_194023_20100403,2010-04-03,194.0,23.0,79.0,9.0
LT05_194023_20100419,2010-04-19,194.0,23.0,22.0,9.0
LT05_194023_20100505,2010-05-05,194.0,23.0,25.0,9.0
LT05_194023_20100606,2010-06-06,194.0,23.0,34.0,9.0
LT05_194023_20100622,2010-06-22,194.0,23.0,49.0,9.0
LT05_194023_20100708,2010-07-08,194.0,23.0,22.0,9.0
LT05_194023_20100809,2010-08-09,194.0,23.0,73.0,9.0
LT05_194023_20100825,2010-08-25,194.0,23.0,71.0,9.0
LT05_194023_20100910,2010-09-10,194.0,23.0,85.0,9.0
LT05_194023_20101012,2010-10-12,194.0,23.0,61.0,9.0
LT05_194023_20101113,2010-11-13,194.0,23.0,100.0,9.0
LT05_194023_20110305,2011-03-05,194.0,23.0,84.0,9.0
LT05_194023_20110422,2011-04-22,194.0,23.0,0.0,9.0
LT05_194023_20110508,2011-05-08,194.0,23.0,0.0,9.0
LT05_194023_20110609,2011-06-09,194.0,23.0,41.0,9.0
LT05_194023_20110625,2011-06-25,194.0,23.0,77.0,9.0
LT05_194023_20110711,2011-07-11,194.0,23.0,57.0,9.0
LT05_194023_20110727,2011-07-27,194.0,23.0,35.0,9.0
LT05_194023_20110812,2011-08-12,194.0,23.0,94.0,9.0
LT05_194023_20110828,2011-08-28,194.0,23.0,49.0,9.0
LT05_194023_20110929,2011-09-29,194.0,23.0,10.0,9.0
LT05_194024_20000610,2000-06-10,194.0,24.0,0.0,9.0
LT05_194024_20000813,2000-08-13,194.0,24.0,1.0,9.0
LT05_194024_20001203,2000-12-03,194.0,24.0,78.0,9.0
LT05_194024_20010512,2001-05-12,194.0,24.0,1.0,9.0
LT05_194024_20010629,2001-06-29,194.0,24.0,64.0,9.0
LT05_194024_20010731,2001-07-31,194.0,24.0,49.0,9.0
LT05_194024_20010816,2001-08-16,194.0,24.0,17.0,9.0
LT05_194024_20011019,2001-10-19,194.0,24.0,56.0,9.0
LT05_194024_20011120,2001-11-20,194.0,24.0,72.0,9.0
LT05_194024_20020123,2002-01-23,194.0,24.0,100.0,9.0
LT05_194024_20020208,2002-02-08,194.0,24.0,67.0,9.0
LT05_194024_20020616,2002-06-16,194.0,24.0,94.0,9.0
LT05_194024_20030721,2003-07-21,194.0,24.0,34.0,9.0
LT05_194024_20030806,2003-08-06,194.0,24.0,0.0,9.0
LT05_194024_20030822,2003-08-22,194.0,24.0,13.0,9.0
LT05_194024_20030907,2003-09-07,194.0,24.0,56.0,9.0
LT05_194024_20030923,2003-09-23,194.0,24.0,69.0,9.0
LT05_194024_20031009,2003-10-09,194.0,24.0,73.0,9.0
LT05_194024_20031025,2003-10-25,194.0,24.0,69.0,9.0
LT05_194024_20040129,2004-01-29,194.0,24.0,70.0,7.0
LT05_194024_20040301,2004-03-01,194.0,24.0,47.0,9.0
LT05_194024_20040418,2004-04-18,194.0,24.0,56.0,9.0
LT05_194024_20040520,2004-05-20,194.0,24.0,64.0,9.0
LT05_194024_20040621,2004-06-21,194.0,24.0,58.0,9.0
LT05_194024_20040707,2004-07-07,194.0,24.0,5.0,9.0
LT05_194024_20040723,2004-07-23,194.0,24.0,31.0,9.0
LT05_194024_20040808,2004-08-08,194.0,24.0,1.0,9.0
LT05_194024_20040824,2004-08-24,194.0,24.0,100.0,9.0
LT05_194024_20040909,2004-09-09,194.0,24.0,0.0,9.0
LT05_194024_20040925,2004-09-25,194.0,24.0,91.0,9.0
LT05_194024_20041011,2004-10-11,194.0,24.0,33.0,9.0
LT05_194024_20041027,2004-10-27,194.0,24.0,17.0,9.0
LT05_194024_20041112,2004-11-12,194.0,24.0,82.0,9.0
LT05_194024_20050115,2005-01-15,194.0,24.0,66.0,9.0
LT05_194024_20050304,2005-03-04,194.0,24.0,62.0,9.0
LT05_194024_20050608,2005-06-08,194.0,24.0,84.0,9.0
LT05_194024_20050624,2005-06-24,194.0,24.0,93.0,9.0
LT05_194024_20050710,2005-07-10,194.0,24.0,2.0,9.0
LT05_194024_20050827,2005-08-27,194.0,24.0,18.0,9.0
LT05_194024_20050928,2005-09-28,194.0,24.0,92.0,9.0
LT05_194024_20051014,2005-10-14,194.0,24.0,2.0,9.0
LT05_194024_20051030,2005-10-30,194.0,24.0,0.0,9.0
LT05_194024_20060219,2006-02-19,194.0,24.0,51.0,9.0
LT05_194024_20060424,2006-04-24,194.0,24.0,76.0,9.0
LT05_194024_20060526,2006-05-26,194.0,24.0,80.0,9.0
LT05_194024_20060611,2006-06-11,194.0,24.0,0.0,9.0
LT05_194024_20060627,2006-06-27,194.0,24.0,22.0,9.0
LT05_194024_20060713,2006-07-13,194.0,24.0,12.0,9.0
LT05_194024_20060729,2006-07-29,194.0,24.0,41.0,9.0
LT05_194024_20060814,2006-08-14,194.0,24.0,66.0,9.0
LT05_194024_20060830,2006-08-30,194.0,24.0,87.0,9.0
LT05_194024_20060915,2006-09-15,194.0,24.0,2.0,9.0
LT05_194024_20061001,2006-10-01,194.0,24.0,29.0,9.0
LT05_194024_20061017,2006-10-17,194.0,24.0,3.0,9.0
LT05_194024_20070121,2007-01-21,194.0,24.0,59.0,9.0
LT05_194024_20070206,2007-02-06,194.0,24.0,73.0,9.0
LT05_194024_20070222,2007-02-22,194.0,24.0,54.0,9.0
LT05_194024_20070310,2007-03-10,194.0,24.0,62.0,9.0
LT05_194024_20070513,2007-05-13,194.0,24.0,82.0,9.0
LT05_194024_20070614,2007-06-14,194.0,24.0,52.0,9.0
LT05_194024_20070716,2007-07-16,194.0,24.0,3.0,9.0
LT05_194024_20070801,2007-08-01,194.0,24.0,29.0,9.0
LT05_194024_20070817,2007-08-17,194.0,24.0,38.0,9.0
LT05_194024_20070902,2007-09-02,194.0,24.0,68.0,9.0
LT05_194024_20071004,2007-10-04,194.0,24.0,95.0,9.0
LT05_194024_20080312,2008-03-12,194.0,24.0,64.0,9.0
LT05_194024_20080515,2008-05-15,194.0,24.0,91.0,9.0
LT05_194024_20080616,2008-06-16,194.0,24.0,65.0,9.0
LT05_194024_20080702,2008-07-02,194.0,24.0,1.0,9.0
LT05_194024_20080819,2008-08-19,194.0,24.0,89.0,9.0
LT05_194024_20080904,2008-09-04,194.0,24.0,68.0,9.0
LT05_194024_20090227,2009-02-27,194.0,24.0,89.0,9.0
LT05_194024_20090502,2009-05-02,194.0,24.0,6.0,9.0
LT05_194024_20090518,2009-05-18,194.0,24.0,38.0,9.0
LT05_194024_20090705,2009-07-05,194.0,24.0,17.0,9.0
LT05_194024_20090721,2009-07-21,194.0,24.0,49.0,9.0
LT05_194024_20090806,2009-08-06,194.0,24.0,11.0,9.0
LT05_194024_20090822,2009-08-22,194.0,24.0,50.0,9.0
LT05_194024_20090907,2009-09-07,194.0,24.0,59.0,9.0
LT05_194024_20090923,2009-09-23,194.0,24.0,59.0,9.0
LT05_194024_20091009,2009-10-09,194.0,24.0,11.0,9.0
LT05_194024_20091025,2009-10-25,194.0,24.0,80.0,9.0
LT05_194024_20091126,2009-11-26,194.0,24.0,24.0,9.0
LT05_194024_20100214,2010-02-14,194.0,24.0,62.0,9.0
LT05_194024_20100403,2010-04-03,194.0,24.0,65.0,9.0
LT05_194024_20100419,2010-04-19,194.0,24.0,26.0,9.0
LT05_194024_20100505,2010-05-05,194.0,24.0,32.0,9.0
LT05_194024_20100606,2010-06-06,194.0,24.0,50.0,9.0
LT05_194024_20100622,2010-06-22,194.0,24.0,40.0,9.0
LT05_194024_20100708,2010-07-08,194.0,24.0,0.0,9.0
LT05_194024_20100809,2010-08-09,194.0,24.0,86.0,9.0
LT05_194024_20100825,2010-08-25,194.0,24.0,79.0,9.0
LT05_194024_20100910,2010-09-10,194.0,24.0,53.0,9.0
LT05_194024_20101012,2010-10-12,194.0,24.0,69.0,9.0
LT05_194024_20101028,2010-10-28,194.0,24.0,73.0,9.0
LT05_194024_20110305,2011-03-05,194.0,24.0,83.0,9.0
LT05_194024_20110422,2011-04-22,194.0,24.0,0.0,9.0
LT05_194024_20110508,2011-05-08,194.0,24.0,0.0,9.0
LT05_194024_20110609,2011-06-09,194.0,24.0,24.0,9.0
LT05_194024_20110711,2011-07-11,194.0,24.0,35.0,9.0
LT05_194024_20110727,2011-07-27,194.0,24.0,24.0,9.0
LT05_194024_20110828,2011-08-28,194.0,24.0,60.0,9.0
LT05_194024_20110929,2011-09-29,194.0,24.0,5.0,9.0
LT05_194025_20000610,2000-06-10,194.0,25.0,2.0,9.0
LT05_194025_20000728,2000-07-28,194.0,25.0,78.0,9.0
LT05_194025_20000813,2000-08-13,194.0,25.0,6.0,9.0
LT05_194025_20000914,2000-09-14,194.0,25.0,63.0,9.0
LT05_194025_20001203,2000-12-03,194.0,25.0,83.0,9.0
LT05_194025_20010120,2001-01-20,194.0,25.0,89.0,9.0
LT05_194025_20010309,2001-03-09,194.0,25.0,95.0,9.0
LT05_194025_20010613,2001-06-13,194.0,25.0,73.0,9.0
LT05_194025_20010731,2001-07-31,194.0,25.0,18.0,9.0
LT05_194025_20011019,2001-10-19,194.0,25.0,63.0,9.0
LT05_194025_20020123,2002-01-23,194.0,25.0,100.0,9.0
LT05_194025_20020616,2002-06-16,194.0,25.0,83.0,9.0
LT05_194025_20030721,2003-07-21,194.0,25.0,66.0,9.0
LT05_194025_20030806,2003-08-06,194.0,25.0,3.0,9.0
LT05_194025_20030822,2003-08-22,194.0,25.0,1.0,9.0
LT05_194025_20030907,2003-09-07,194.0,25.0,84.0,9.0
LT05_194025_20031009,2003-10-09,194.0,25.0,77.0,9.0
LT05_194025_20031025,2003-10-25,194.0,25.0,94.0,9.0
LT05_194025_20040418,2004-04-18,194.0,25.0,68.0,9.0
LT05_194025_20040504,2004-05-04,194.0,25.0,49.0,9.0
LT05_194025_20040520,2004-05-20,194.0,25.0,30.0,9.0
LT05_194025_20040621,2004-06-21,194.0,25.0,64.0,9.0
LT05_194025_20040707,2004-07-07,194.0,25.0,6.0,9.0
LT05_194025_20040723,2004-07-23,194.0,25.0,57.0,9.0
LT05_194025_20040808,2004-08-08,194.0,25.0,6.0,9.0
LT05_194025_20040909,2004-09-09,194.0,25.0,0.0,9.0
LT05_194025_20041027,2004-10-27,194.0,25.0,34.0,9.0
LT05_194025_20041128,2004-11-28,194.0,25.0,100.0,9.0
LT05_194025_20041214,2004-12-14,194.0,25.0,80.0,9.0
LT05_194025_20050115,2005-01-15,194.0,25.0,44.0,9.0
LT05_194025_20050304,2005-03-04,194.0,25.0,55.0,9.0
LT05_194025_20050405,2005-04-05,194.0,25.0,94.0,9.0
LT05_194025_20050608,2005-06-08,194.0,25.0,84.0,9.0
LT05_194025_20050624,2005-06-24,194.0,25.0,44.0,9.0
LT05_194025_20050710,2005-07-10,194.0,25.0,40.0,9.0
LT05_194025_20050726,2005-07-26,194.0,25.0,90.0,7.0
LT05_194025_20050811,2005-08-11,194.0,25.0,88.0,9.0
LT05_194025_20050827,2005-08-27,194.0,25.0,65.0,9.0
LT05_194025_20050928,2005-09-28,194.0,25.0,96.0,9.0
LT05_194025_20051014,2005-10-14,194.0,25.0,13.0,9.0
LT05_194025_20051030,2005-10-30,194.0,25.0,29.0,9.0
LT05_194025_20060203,2006-02-03,194.0,25.0,67.0,9.0
LT05_194025_20060219,2006-02-19,194.0,25.0,65.0,9.0
LT05_194025_20060307,2006-03-07,194.0,25.0,66.0,9.0
LT05_194025_20060424,2006-04-24,194.0,25.0,11.0,9.0
LT05_194025_20060510,2006-05-10,194.0,25.0,2.0,9.0
LT05_194025_20060526,2006-05-26,194.0,25.0,96.0,9.0
LT05_194025_20060611,2006-06-11,194.0,25.0,0.0,9.0
LT05_194025_20060627,2006-06-27,194.0,25.0,49.0,9.0
LT05_194025_20060713,2006-07-13,194.0,25.0,11.0,9.0
LT05_194025_20060729,2006-07-29,194.0,25.0,68.0,9.0
LT05_194025_20060814,2006-08-14,194.0,25.0,85.0,9.0
LT05_194025_20060830,2006-08-30,194.0,25.0,91.0,9.0
LT05_194025_20060915,2006-09-15,194.0,25.0,31.0,9.0
LT05_194025_20061001,2006-10-01,194.0,25.0,79.0,9.0
LT05_194025_20061017,2006-10-17,194.0,25.0,1.0,9.0
LT05_194025_20061102,2006-11-02,194.0,25.0,92.0,9.0
LT05_194025_20070121,2007-01-21,194.0,25.0,66.0,9.0
LT05_194025_20070206,2007-02-06,194.0,25.0,100.0,9.0
LT05_194025_20070222,2007-02-22,194.0,25.0,59.0,9.0
LT05_194025_20070310,2007-03-10,194.0,25.0,56.0,9.0
LT05_194025_20070513,2007-05-13,194.0,25.0,61.0,9.0
LT05_194025_20070614,2007-06-14,194.0,25.0,17.0,9.0
LT05_194025_20070716,2007-07-16,194.0,25.0,7.0,9.0
LT05_194025_20070801,2007-08-01,194.0,25.0,8.0,9.0
LT05_194025_20070817,2007-08-17,194.0,25.0,44.0,9.0
LT05_194025_20070902,2007-09-02,194.0,25.0,88.0,9.0
LT05_194025_20071004,2007-10-04,194.0,25.0,79.0,9.0
LT05_194025_20080312,2008-03-12,194.0,25.0,85.0,9.0
LT05_194025_20080328,2008-03-28,194.0,25.0,61.0,9.0
LT05_194025_20080515,2008-05-15,194.0,25.0,69.0,9.0
LT05_194025_20080616,2008-06-16,194.0,25.0,80.0,9.0
LT05_194025_20080702,2008-07-02,194.0,25.0,9.0,9.0
LT05_194025_20080819,2008-08-19,194.0,25.0,90.0,9.0
LT05_194025_20080904,2008-09-04,194.0,25.0,94.0,9.0
LT05_194025_20090126,2009-01-26,194.0,25.0,34.0,9.0
LT05_194025_20090211,2009-02-11,194.0,25.0,82.0,9.0
LT05_194025_20090416,2009-04-16,194.0,25.0,33.0,9.0
LT05_194025_20090502,2009-05-02,194.0,25.0,15.0,9.0
LT05_194025_20090518,2009-05-18,194.0,25.0,64.0,9.0
LT05_194025_20090603,2009-06-03,194.0,25.0,32.0,9.0
LT05_194025_20090705,2009-07-05,194.0,25.0,26.0,9.0
LT05_194025_20090721,2009-07-21,194.0,25.0,39.0,9.0
LT05_194025_20090806,2009-08-06,194.0,25.0,10.0,9.0
LT05_194025_20090822,2009-08-22,194.0,25.0,65.0,9.0
LT05_194025_20090907,2009-09-07,194.0,25.0,19.0,9.0
LT05_194025_20090923,2009-09-23,194.0,25.0,13.0,9.0
LT05_194025_20091009,2009-10-09,194.0,25.0,31.0,9.0
LT05_194025_20091126,2009-11-26,194.0,25.0,51.0,9.0
LT05_194025_20100214,2010-02-14,194.0,25.0,62.0,9.0
LT05_194025_20100403,2010-04-03,194.0,25.0,76.0,9.0
LT05_194025_20100419,2010-04-19,194.0,25.0,1.0,9.0
LT05_194025_20100505,2010-05-05,194.0,25.0,78.0,9.0
LT05_194025_20100606,2010-06-06,194.0,25.0,29.0,9.0
LT05_194025_20100622,2010-06-22,194.0,25.0,38.0,9.0
LT05_194025_20100708,2010-07-08,194.0,25.0,0.0,9.0
LT05_194025_20100809,2010-08-09,194.0,25.0,70.0,9.0
LT05_194025_20100825,2010-08-25,194.0,25.0,67.0,9.0
LT05_194025_20100910,2010-09-10,194.0,25.0,78.0,9.0
LT05_194025_20101012,2010-10-12,194.0,25.0,32.0,9.0
LT05_194025_20101028,2010-10-28,194.0,25.0,45.0,9.0
LT05_194025_20110201,2011-02-01,194.0,25.0,73.0,9.0
LT05_194025_20110217,2011-02-17,194.0,25.0,96.0,9.0
LT05_194025_20110406,2011-04-06,194.0,25.0,86.0,9.0
LT05_194025_20110422,2011-04-22,194.0,25.0,1.0,9.0
LT05_194025_20110508,2011-05-08,194.0,25.0,0.0,9.0
LT05_194025_20110609,2011-06-09,194.0,25.0,72.0,9.0
LT05_194025_20110711,2011-07-11,194.0,25.0,37.0,9.0
LT05_194025_20110727,2011-07-27,194.0,25.0,53.0,9.0
LT05_194025_20110828,2011-08-28,194.0,25.0,56.0,9.0
LT05_194025_20110929,2011-09-29,194.0,25.0,12.0,9.0
LT05_194025_20111015,2011-10-15,194.0,25.0,0.0,9.0
LT05_194025_20111031,2011-10-31,194.0,25.0,24.0,9.0
LT05_194025_20111116,2011-11-16,194.0,25.0,50.0,9.0
LT05_194026_20000102,2000-01-02,194.0,26.0,46.0,9.0
LT05_194026_20000509,2000-05-09,194.0,26.0,3.0,9.0
LT05_194026_20000525,2000-05-25,194.0,26.0,97.0,7.0
LT05_194026_20000610,2000-06-10,194.0,26.0,24.0,9.0
LT05_194026_20000914,2000-09-14,194.0,26.0,81.0,9.0
LT05_194026_20001203,2000-12-03,194.0,26.0,91.0,9.0
LT05_194026_20010309,2001-03-09,194.0,26.0,94.0,9.0
LT05_194026_20010613,2001-06-13,194.0,26.0,62.0,9.0
LT05_194026_20010731,2001-07-31,194.0,26.0,0.0,9.0
LT05_194026_20011019,2001-10-19,194.0,26.0,70.0,9.0
LT05_194026_20011206,2001-12-06,194.0,26.0,69.0,9.0
LT05_194026_20020123,2002-01-23,194.0,26.0,86.0,9.0
LT05_194026_20020312,2002-03-12,194.0,26.0,13.0,9.0
LT05_194026_20020616,2002-06-16,194.0,26.0,54.0,9.0
LT05_194026_20030705,2003-07-05,194.0,26.0,88.0,9.0
LT05_194026_20030721,2003-07-21,194.0,26.0,97.0,9.0
LT05_194026_20030806,2003-08-06,194.0,26.0,1.0,9.0
LT05_194026_20030822,2003-08-22,194.0,26.0,7.0,9.0
LT05_194026_20031009,2003-10-09,194.0,26.0,80.0,9.0
LT05_194026_20031025,2003-10-25,194.0,26.0,82.0,9.0
LT05_194026_20040402,2004-04-02,194.0,26.0,58.0,9.0
LT05_194026_20040418,2004-04-18,194.0,26.0,66.0,9.0
LT05_194026_20040504,2004-05-04,194.0,26.0,83.0,9.0
LT05_194026_20040520,2004-05-20,194.0,26.0,10.0,9.0
LT05_194026_20040621,2004-06-21,194.0,26.0,57.0,9.0
LT05_194026_20040707,2004-07-07,194.0,26.0,59.0,9.0
LT05_194026_20040723,2004-07-23,194.0,26.0,24.0,9.0
LT05_194026_20040808,2004-08-08,194.0,26.0,5.0,9.0
LT05_194026_20040909,2004-09-09,194.0,26.0,0.0,9.0
LT05_194026_20041128,2004-11-28,194.0,26.0,100.0,9.0
LT05_194026_20041214,2004-12-14,194.0,26.0,58.0,9.0
LT05_194026_20041230,2004-12-30,194.0,26.0,36.0,9.0
LT05_194026_20050304,2005-03-04,194.0,26.0,6.0,9.0
LT05_194026_20050405,2005-04-05,194.0,26.0,66.0,9.0
LT05_194026_20050608,2005-06-08,194.0,26.0,79.0,9.0
LT05_194026_20050624,2005-06-24,194.0,26.0,11.0,9.0
LT05_194026_20050811,2005-08-11,194.0,26.0,24.0,9.0
LT05_194026_20050827,2005-08-27,194.0,26.0,77.0,9.0
LT05_194026_20050928,2005-09-28,194.0,26.0,87.0,9.0
LT05_194026_20051014,2005-10-14,194.0,26.0,17.0,9.0
LT05_194026_20051030,2005-10-30,194.0,26.0,63.0,9.0
LT05_194026_20051115,2005-11-15,194.0,26.0,82.0,9.0
LT05_194026_20060203,2006-02-03,194.0,26.0,46.0,9.0
LT05_194026_20060219,2006-02-19,194.0,26.0,58.0,9.0
LT05_194026_20060307,2006-03-07,194.0,26.0,64.0,9.0
LT05_194026_20060424,2006-04-24,194.0,26.0,2.0,9.0
LT05_194026_20060611,2006-06-11,194.0,26.0,0.0,9.0
LT05_194026_20060627,2006-06-27,194.0,26.0,70.0,9.0
LT05_194026_20060713,2006-07-13,194.0,26.0,15.0,9.0
LT05_194026_20060729,2006-07-29,194.0,26.0,83.0,9.0
LT05_194026_20060814,2006-08-14,194.0,26.0,85.0,9.0
LT05_194026_20060915,2006-09-15,194.0,26.0,90.0,9.0
LT05_194026_20061001,2006-10-01,194.0,26.0,74.0,9.0
LT05_194026_20061017,2006-10-17,194.0,26.0,41.0,9.0
LT05_194026_20061102,2006-11-02,194.0,26.0,56.0,9.0
LT05_194026_20061204,2006-12-04,194.0,26.0,58.0,9.0
LT05_194026_20070121,2007-01-21,194.0,26.0,51.0,9.0
LT05_194026_20070222,2007-02-22,194.0,26.0,12.0,9.0
LT05_194026_20070513,2007-05-13,194.0,26.0,18.0,9.0
LT05_194026_20070614,2007-06-14,194.0,26.0,17.0,7.0
LT05_194026_20070716,2007-07-16,194.0,26.0,0.0,9.0
LT05_194026_20070801,2007-08-01,194.0,26.0,0.0,7.0
LT05_194026_20070817,2007-08-17,194.0,26.0,69.0,9.0
LT05_194026_20070902,2007-09-02,194.0,26.0,82.0,9.0
LT05_194026_20071004,2007-10-04,194.0,26.0,67.0,9.0
LT05_194026_20080312,2008-03-12,194.0,26.0,71.0,9.0
LT05_194026_20080328,2008-03-28,194.0,26.0,13.0,9.0
LT05_194026_20080531,2008-05-31,194.0,26.0,65.0,9.0
LT05_194026_20080702,2008-07-02,194.0,26.0,9.0,9.0
LT05_194026_20080819,2008-08-19,194.0,26.0,55.0,9.0
LT05_194026_20090126,2009-01-26,194.0,26.0,9.0,9.0
LT05_194026_20090211,2009-02-11,194.0,26.0,84.0,9.0
LT05_194026_20090416,2009-04-16,194.0,26.0,91.0,9.0
LT05_194026_20090502,2009-05-02,194.0,26.0,45.0,9.0
LT05_194026_20090603,2009-06-03,194.0,26.0,3.0,9.0
LT05_194026_20090705,2009-07-05,194.0,26.0,49.0,9.0
LT05_194026_20090721,2009-07-21,194.0,26.0,22.0,9.0
LT05_194026_20090806,2009-08-06,194.0,26.0,4.0,9.0
LT05_194026_20090822,2009-08-22,194.0,26.0,83.0,9.0
LT05_194026_20090907,2009-09-07,194.0,26.0,26.0,9.0
LT05_194026_20090923,2009-09-23,194.0,26.0,12.0,9.0
LT05_194026_20091009,2009-10-09,194.0,26.0,89.0,9.0
LT05_194026_20091126,2009-11-26,194.0,26.0,36.0,9.0
LT05_194026_20091212,2009-12-12,194.0,26.0,100.0,9.0
LT05_194026_20100129,2010-01-29,194.0,26.0,100.0,9.0
LT05_194026_20100214,2010-02-14,194.0,26.0,88.0,9.0
LT05_194026_20100403,2010-04-03,194.0,26.0,83.0,9.0
LT05_194026_20100419,2010-04-19,194.0,26.0,4.0,9.0
LT05_194026_20100606,2010-06-06,194.0,26.0,27.0,9.0
LT05_194026_20100622,2010-06-22,194.0,26.0,71.0,9.0
LT05_194026_20100708,2010-07-08,194.0,26.0,0.0,9.0
LT05_194026_20100809,2010-08-09,194.0,26.0,53.0,9.0
LT05_194026_20100825,2010-08-25,194.0,26.0,79.0,9.0
LT05_194026_20100910,2010-09-10,194.0,26.0,51.0,9.0
LT05_194026_20100926,2010-09-26,194.0,26.0,77.0,9.0
LT05_194026_20101012,2010-10-12,194.0,26.0,1.0,9.0
LT05_194026_20101028,2010-10-28,194.0,26.0,50.0,9.0
LT05_194026_20101113,2010-11-13,194.0,26.0,65.0,9.0
LT05_194026_20110116,2011-01-16,194.0,26.0,7.0,9.0
LT05_194026_20110305,2011-03-05,194.0,26.0,11.0,9.0
LT05_194026_20110321,2011-03-21,194.0,26.0,0.0,9.0
LT05_194026_20110406,2011-04-06,194.0,26.0,46.0,9.0
LT05_194026_20110422,2011-04-22,194.0,26.0,1.0,9.0
LT05_194026_20110508,2011-05-08,194.0,26.0,2.0,9.0
LT05_194026_20110727,2011-07-27,194.0,26.0,65.0,9.0
LT05_194026_20110812,2011-08-12,194.0,26.0,82.0,9.0
LT05_194026_20110828,2011-08-28,194.0,26.0,29.0,9.0
LT05_194026_20110929,2011-09-29,194.0,26.0,35.0,9.0
LT05_194026_20111015,2011-10-15,194.0,26.0,2.0,9.0
LT05_194026_20111116,2011-11-16,194.0,26.0,89.0,9.0
LT05_194027_20000102,2000-01-02,194.0,27.0,5.0,9.0
LT05_194027_20000509,2000-05-09,194.0,27.0,5.0,9.0
LT05_194027_20000525,2000-05-25,194.0,27.0,78.0,9.0
LT05_194027_20000610,2000-06-10,194.0,27.0,28.0,9.0
LT05_194027_20000728,2000-07-28,194.0,27.0,85.0,9.0
LT05_194027_20000813,2000-08-13,194.0,27.0,5.0,9.0
LT05_194027_20000914,2000-09-14,194.0,27.0,49.0,9.0
LT05_194027_20001219,2000-12-19,194.0,27.0,76.0,9.0
LT05_194027_20010309,2001-03-09,194.0,27.0,97.0,9.0
LT05_194027_20010613,2001-06-13,194.0,27.0,37.0,9.0
LT05_194027_20010731,2001-07-31,194.0,27.0,1.0,9.0
LT05_194027_20010901,2001-09-01,194.0,27.0,86.0,9.0
LT05_194027_20011019,2001-10-19,194.0,27.0,34.0,9.0
LT05_194027_20011120,2001-11-20,194.0,27.0,25.0,9.0
LT05_194027_20011206,2001-12-06,194.0,27.0,79.0,9.0
LT05_194027_20020107,2002-01-07,194.0,27.0,10.0,9.0
LT05_194027_20020123,2002-01-23,194.0,27.0,39.0,9.0
LT05_194027_20020224,2002-02-24,194.0,27.0,85.0,9.0
LT05_194027_20020616,2002-06-16,194.0,27.0,73.0,9.0
LT05_194027_20030705,2003-07-05,194.0,27.0,92.0,9.0
LT05_194027_20030721,2003-07-21,194.0,27.0,86.0,9.0
LT05_194027_20030806,2003-08-06,194.0,27.0,8.0,9.0
LT05_194027_20030822,2003-08-22,194.0,27.0,19.0,9.0
LT05_194027_20030907,2003-09-07,194.0,27.0,48.0,9.0
LT05_194027_20031025,2003-10-25,194.0,27.0,10.0,9.0
LT05_194027_20040214,2004-02-14,194.0,27.0,25.0,9.0
LT05_194027_20040301,2004-03-01,194.0,27.0,42.0,9.0
LT05_194027_20040418,2004-04-18,194.0,27.0,57.0,9.0
LT05_194027_20040504,2004-05-04,194.0,27.0,93.0,9.0
LT05_194027_20040520,2004-05-20,194.0,27.0,5.0,9.0
LT05_194027_20040621,2004-06-21,194.0,27.0,56.0,9.0
LT05_194027_20040707,2004-07-07,194.0,27.0,91.0,9.0
LT05_194027_20040723,2004-07-23,194.0,27.0,32.0,9.0
LT05_194027_20040909,2004-09-09,194.0,27.0,0.0,9.0
LT05_194027_20041027,2004-10-27,194.0,27.0,75.0,9.0
LT05_194027_20041112,2004-11-12,194.0,27.0,72.0,9.0
LT05_194027_20041128,2004-11-28,194.0,27.0,100.0,9.0
LT05_194027_20041230,2004-12-30,194.0,27.0,2.0,9.0
LT05_194027_20050115,2005-01-15,194.0,27.0,16.0,9.0
LT05_194027_20050131,2005-01-31,194.0,27.0,73.0,9.0
LT05_194027_20050216,2005-02-16,194.0,27.0,78.0,7.0
LT05_194027_20050304,2005-03-04,194.0,27.0,16.0,9.0
LT05_194027_20050405,2005-04-05,194.0,27.0,26.0,9.0
LT05_194027_20050507,2005-05-07,194.0,27.0,89.0,9.0
LT05_194027_20050608,2005-06-08,194.0,27.0,51.0,9.0
LT05_194027_20050624,2005-06-24,194.0,27.0,16.0,9.0
LT05_194027_20050726,2005-07-26,194.0,27.0,74.0,9.0
LT05_194027_20050811,2005-08-11,194.0,27.0,33.0,9.0
LT05_194027_20050827,2005-08-27,194.0,27.0,92.0,9.0
LT05_194027_20050912,2005-09-12,194.0,27.0,84.0,9.0
LT05_194027_20050928,2005-09-28,194.0,27.0,53.0,9.0
LT05_194027_20051014,2005-10-14,194.0,27.0,15.0,9.0
LT05_194027_20051030,2005-10-30,194.0,27.0,12.0,9.0
LT05_194027_20051115,2005-11-15,194.0,27.0,33.0,9.0
LT05_194027_20060203,2006-02-03,194.0,27.0,23.0,9.0
LT05_194027_20060219,2006-02-19,194.0,27.0,69.0,9.0
LT05_194027_20060307,2006-03-07,194.0,27.0,81.0,9.0
LT05_194027_20060424,2006-04-24,194.0,27.0,16.0,9.0
LT05_194027_20060526,2006-05-26,194.0,27.0,82.0,9.0
LT05_194027_20060611,2006-06-11,194.0,27.0,5.0,9.0
LT05_194027_20060627,2006-06-27,194.0,27.0,58.0,9.0
LT05_194027_20060713,2006-07-13,194.0,27.0,36.0,9.0
LT05_194027_20060729,2006-07-29,194.0,27.0,94.0,9.0
LT05_194027_20060814,2006-08-14,194.0,27.0,84.0,9.0
LT05_194027_20060830,2006-08-30,194.0,27.0,85.0,9.0
LT05_194027_20060915,2006-09-15,194.0,27.0,90.0,9.0
LT05_194027_20061017,2006-10-17,194.0,27.0,14.0,9.0
LT05_194027_20061220,2006-12-20,194.0,27.0,10.0,9.0
LT05_194027_20070105,2007-01-05,194.0,27.0,68.0,9.0
LT05_194027_20070121,2007-01-21,194.0,27.0,68.0,9.0
LT05_194027_20070222,2007-02-22,194.0,27.0,4.0,9.0
LT05_194027_20070310,2007-03-10,194.0,27.0,81.0,9.0
LT05_194027_20070614,2007-06-14,194.0,27.0,16.0,9.0
LT05_194027_20070630,2007-06-30,194.0,27.0,74.0,9.0
LT05_194027_20070817,2007-08-17,194.0,27.0,97.0,9.0
LT05_194027_20070902,2007-09-02,194.0,27.0,23.0,9.0
LT05_194027_20080328,2008-03-28,194.0,27.0,7.0,9.0
LT05_194027_20080515,2008-05-15,194.0,27.0,39.0,9.0
LT05_194027_20080531,2008-05-31,194.0,27.0,75.0,9.0
LT05_194027_20080702,2008-07-02,194.0,27.0,16.0,9.0
LT05_194027_20080718,2008-07-18,194.0,27.0,86.0,9.0
LT05_194027_20080819,2008-08-19,194.0,27.0,29.0,9.0
LT05_194027_20081022,2008-10-22,194.0,27.0,87.0,9.0
LT05_194027_20090126,2009-01-26,194.0,27.0,32.0,9.0
LT05_194027_20090211,2009-02-11,194.0,27.0,84.0,9.0
LT05_194027_20090416,2009-04-16,194.0,27.0,89.0,9.0
LT05_194027_20090502,2009-05-02,194.0,27.0,76.0,9.0
LT05_194027_20090518,2009-05-18,194.0,27.0,89.0,9.0
LT05_194027_20090603,2009-06-03,194.0,27.0,47.0,9.0
LT05_194027_20090705,2009-07-05,194.0,27.0,65.0,9.0
LT05_194027_20090721,2009-07-21,194.0,27.0,8.0,9.0
LT05_194027_20090806,2009-08-06,194.0,27.0,1.0,9.0
LT05_194027_20090822,2009-08-22,194.0,27.0,96.0,9.0
LT05_194027_20090907,2009-09-07,194.0,27.0,21.0,9.0
LT05_194027_20090923,2009-09-23,194.0,27.0,26.0,9.0
LT05_194027_20091009,2009-10-09,194.0,27.0,76.0,9.0
LT05_194027_20091025,2009-10-25,194.0,27.0,78.0,9.0
LT05_194027_20091126,2009-11-26,194.0,27.0,85.0,9.0
LT05_194027_20100129,2010-01-29,194.0,27.0,56.0,9.0
LT05_194027_20100214,2010-02-14,194.0,27.0,59.0,9.0
LT05_194027_20100302,2010-03-02,194.0,27.0,83.0,9.0
LT05_194027_20100403,2010-04-03,194.0,27.0,58.0,9.0
LT05_194027_20100419,2010-04-19,194.0,27.0,37.0,9.0
LT05_194027_20100606,2010-06-06,194.0,27.0,22.0,9.0
LT05_194027_20100708,2010-07-08,194.0,27.0,2.0,9.0
LT05_194027_20100809,2010-08-09,194.0,27.0,14.0,9.0
LT05_194027_20100825,2010-08-25,194.0,27.0,11.0,9.0
LT05_194027_20100910,2010-09-10,194.0,27.0,65.0,9.0
LT05_194027_20100926,2010-09-26,194.0,27.0,87.0,9.0
LT05_194027_20101012,2010-10-12,194.0,27.0,20.0,9.0
LT05_194027_20101028,2010-10-28,194.0,27.0,54.0,9.0
LT05_194027_20101113,2010-11-13,194.0,27.0,19.0,9.0
LT05_194027_20101231,2010-12-31,194.0,27.0,5.0,9.0
LT05_194027_20110116,2011-01-16,194.0,27.0,9.0,9.0
LT05_194027_20110217,2011-02-17,194.0,27.0,61.0,9.0
LT05_194027_20110305,2011-03-05,194.0,27.0,42.0,9.0
LT05_194027_20110321,2011-03-21,194.0,27.0,1.0,9.0
LT05_194027_20110406,2011-04-06,194.0,27.0,60.0,9.0
LT05_194027_20110422,2011-04-22,194.0,27.0,5.0,9.0
LT05_194027_20110508,2011-05-08,194.0,27.0,45.0,9.0
LT05_194027_20110524,2011-05-24,194.0,27.0,10.0,9.0
LT05_194027_20110625,2011-06-25,194.0,27.0,90.0,9.0
LT05_194027_20110727,2011-07-27,194.0,27.0,84.0,9.0
LT05_194027_20110812,2011-08-12,194.0,27.0,43.0,9.0
LT05_194027_20110828,2011-08-28,194.0,27.0,9.0,9.0
LT05_194027_20110913,2011-09-13,194.0,27.0,15.0,9.0
LT05_194027_20110929,2011-09-29,194.0,27.0,44.0,9.0
LT05_194027_20111015,2011-10-15,194.0,27.0,44.0,9.0
LT05_194027_20111116,2011-11-16,194.0,27.0,46.0,9.0
LT05_195022_20000516,2000-05-16,195.0,22.0,2.0,9.0
LT05_195022_20000601,2000-06-01,195.0,22.0,34.0,9.0
LT05_195022_20000820,2000-08-20,195.0,22.0,52.0,9.0
LT05_195022_20010228,2001-02-28,195.0,22.0,95.0,9.0
LT05_195022_20010519,2001-05-19,195.0,22.0,45.0,9.0
LT05_195022_20010604,2001-06-04,195.0,22.0,93.0,9.0
LT05_195022_20010620,2001-06-20,195.0,22.0,71.0,9.0
LT05_195022_20010722,2001-07-22,195.0,22.0,68.0,9.0
LT05_195022_20010908,2001-09-08,195.0,22.0,52.0,9.0
LT05_195022_20020130,2002-01-30,195.0,22.0,70.0,9.0
LT05_195022_20020215,2002-02-15,195.0,22.0,77.0,9.0
LT05_195022_20020522,2002-05-22,195.0,22.0,24.0,9.0
LT05_195022_20020607,2002-06-07,195.0,22.0,65.0,9.0
LT05_195022_20020623,2002-06-23,195.0,22.0,36.0,9.0
LT05_195022_20030626,2003-06-26,195.0,22.0,11.0,9.0
LT05_195022_20030712,2003-07-12,195.0,22.0,57.0,9.0
LT05_195022_20030813,2003-08-13,195.0,22.0,18.0,9.0
LT05_195022_20030914,2003-09-14,195.0,22.0,13.0,9.0
LT05_195022_20030930,2003-09-30,195.0,22.0,4.0,9.0
LT05_195022_20031016,2003-10-16,195.0,22.0,8.0,9.0
LT05_195022_20040205,2004-02-05,195.0,22.0,30.0,9.0
LT05_195022_20040308,2004-03-08,195.0,22.0,17.0,9.0
LT05_195022_20040409,2004-04-09,195.0,22.0,11.0,9.0
LT05_195022_20040425,2004-04-25,195.0,22.0,19.0,9.0
LT05_195022_20040527,2004-05-27,195.0,22.0,68.0,9.0
LT05_195022_20040612,2004-06-12,195.0,22.0,56.0,9.0
LT05_195022_20040714,2004-07-14,195.0,22.0,83.0,9.0
LT05_195022_20040730,2004-07-30,195.0,22.0,5.0,9.0
LT05_195022_20040815,2004-08-15,195.0,22.0,74.0,9.0
LT05_195022_20040831,2004-08-31,195.0,22.0,51.0,9.0
LT05_195022_20041002,2004-10-02,195.0,22.0,79.0,9.0
LT05_195022_20041119,2004-11-19,195.0,22.0,19.0,9.0
LT05_195022_20050207,2005-02-07,195.0,22.0,1.0,9.0
LT05_195022_20050412,2005-04-12,195.0,22.0,2.0,9.0
LT05_195022_20050428,2005-04-28,195.0,22.0,50.0,9.0
LT05_195022_20050514,2005-05-14,195.0,22.0,54.0,9.0
LT05_195022_20050615,2005-06-15,195.0,22.0,2.0,9.0
LT05_195022_20050701,2005-07-01,195.0,22.0,47.0,9.0
LT05_195022_20050717,2005-07-17,195.0,22.0,69.0,9.0
LT05_195022_20050802,2005-08-02,195.0,22.0,89.0,9.0
LT05_195022_20050818,2005-08-18,195.0,22.0,0.0,9.0
LT05_195022_20050903,2005-09-03,195.0,22.0,21.0,9.0
LT05_195022_20051005,2005-10-05,195.0,22.0,7.0,9.0
LT05_195022_20051106,2005-11-06,195.0,22.0,71.0,9.0
LT05_195022_20051122,2005-11-22,195.0,22.0,80.0,9.0
LT05_195022_20060210,2006-02-10,195.0,22.0,70.0,9.0
LT05_195022_20060226,2006-02-26,195.0,22.0,10.0,9.0
LT05_195022_20060415,2006-04-15,195.0,22.0,13.0,9.0
LT05_195022_20060501,2006-05-01,195.0,22.0,18.0,9.0
LT05_195022_20060602,2006-06-02,195.0,22.0,20.0,9.0
LT05_195022_20060618,2006-06-18,195.0,22.0,32.0,9.0
LT05_195022_20060704,2006-07-04,195.0,22.0,0.0,9.0
LT05_195022_20060720,2006-07-20,195.0,22.0,43.0,9.0
LT05_195022_20060805,2006-08-05,195.0,22.0,45.0,9.0
LT05_195022_20060821,2006-08-21,195.0,22.0,73.0,9.0
LT05_195022_20060906,2006-09-06,195.0,22.0,87.0,9.0
LT05_195022_20060922,2006-09-22,195.0,22.0,0.0,9.0
LT05_195022_20061008,2006-10-08,195.0,22.0,94.0,9.0
LT05_195022_20061024,2006-10-24,195.0,22.0,67.0,9.0
LT05_195022_20070301,2007-03-01,195.0,22.0,87.0,9.0
LT05_195022_20070504,2007-05-04,195.0,22.0,0.0,9.0
LT05_195022_20070520,2007-05-20,195.0,22.0,33.0,9.0
LT05_195022_20070621,2007-06-21,195.0,22.0,98.0,9.0
LT05_195022_20070707,2007-07-07,195.0,22.0,58.0,7.0
LT05_195022_20070723,2007-07-23,195.0,22.0,44.0,9.0
LT05_195022_20070808,2007-08-08,195.0,22.0,68.0,9.0
LT05_195022_20070824,2007-08-24,195.0,22.0,75.0,9.0
LT05_195022_20070909,2007-09-09,195.0,22.0,7.0,9.0
LT05_195022_20070925,2007-09-25,195.0,22.0,80.0,9.0
LT05_195022_20080420,2008-04-20,195.0,22.0,15.0,9.0
LT05_195022_20080506,2008-05-06,195.0,22.0,0.0,9.0
LT05_195022_20080522,2008-05-22,195.0,22.0,8.0,9.0
LT05_195022_20080725,2008-07-25,195.0,22.0,12.0,9.0
LT05_195022_20080911,2008-09-11,195.0,22.0,68.0,9.0
LT05_195022_20080927,2008-09-27,195.0,22.0,55.0,9.0
LT05_195022_20090218,2009-02-18,195.0,22.0,80.0,9.0
LT05_195022_20090322,2009-03-22,195.0,22.0,75.0,9.0
LT05_195022_20090407,2009-04-07,195.0,22.0,46.0,9.0
LT05_195022_20090509,2009-05-09,195.0,22.0,47.0,9.0
LT05_195022_20090626,2009-06-26,195.0,22.0,41.0,9.0
LT05_195022_20090712,2009-07-12,195.0,22.0,58.0,9.0
LT05_195022_20090728,2009-07-28,195.0,22.0,36.0,9.0
LT05_195022_20090829,2009-08-29,195.0,22.0,62.0,9.0
LT05_195022_20090914,2009-09-14,195.0,22.0,56.0,9.0
LT05_195022_20090930,2009-09-30,195.0,22.0,80.0,9.0
LT05_195022_20091101,2009-11-01,195.0,22.0,100.0,9.0
LT05_195022_20091117,2009-11-17,195.0,22.0,85.0,9.0
LT05_195022_20100221,2010-02-21,195.0,22.0,55.0,9.0
LT05_195022_20100410,2010-04-10,195.0,22.0,11.0,9.0
LT05_195022_20100629,2010-06-29,195.0,22.0,4.0,9.0
LT05_195022_20100731,2010-07-31,195.0,22.0,43.0,9.0
LT05_195022_20100901,2010-09-01,195.0,22.0,50.0,9.0
LT05_195022_20100917,2010-09-17,195.0,22.0,89.0,9.0
LT05_195022_20101003,2010-10-03,195.0,22.0,97.0,9.0
LT05_195022_20101019,2010-10-19,195.0,22.0,46.0,9.0
LT05_195022_20110208,2011-02-08,195.0,22.0,49.0,9.0
LT05_195022_20110312,2011-03-12,195.0,22.0,94.0,9.0
LT05_195022_20110328,2011-03-28,195.0,22.0,21.0,9.0
LT05_195022_20110429,2011-04-29,195.0,22.0,3.0,9.0
LT05_195022_20110515,2011-05-15,195.0,22.0,75.0,9.0
LT05_195022_20110616,2011-06-16,195.0,22.0,86.0,9.0
LT05_195022_20110803,2011-08-03,195.0,22.0,84.0,9.0
LT05_195022_20110819,2011-08-19,195.0,22.0,91.0,9.0
LT05_195022_20110904,2011-09-04,195.0,22.0,72.0,9.0
LT05_195022_20110920,2011-09-20,195.0,22.0,88.0,9.0
LT05_195022_20111022,2011-10-22,195.0,22.0,6.0,9.0
LT05_195023_20000601,2000-06-01,195.0,23.0,91.0,9.0
LT05_195023_20000617,2000-06-17,195.0,23.0,12.0,9.0
LT05_195023_20000703,2000-07-03,195.0,23.0,66.0,9.0
LT05_195023_20000820,2000-08-20,195.0,23.0,37.0,9.0
LT05_195023_20001124,2000-11-24,195.0,23.0,97.0,7.0
LT05_195023_20010127,2001-01-27,195.0,23.0,100.0,9.0
LT05_195023_20010228,2001-02-28,195.0,23.0,71.0,9.0
LT05_195023_20010417,2001-04-17,195.0,23.0,97.0,9.0
LT05_195023_20010519,2001-05-19,195.0,23.0,72.0,9.0
LT05_195023_20010620,2001-06-20,195.0,23.0,65.0,9.0
LT05_195023_20010706,2001-07-06,195.0,23.0,10.0,9.0
LT05_195023_20010722,2001-07-22,195.0,23.0,73.0,9.0
LT05_195023_20010908,2001-09-08,195.0,23.0,64.0,9.0
LT05_195023_20010924,2001-09-24,195.0,23.0,47.0,9.0
LT05_195023_20020130,2002-01-30,195.0,23.0,89.0,9.0
LT05_195023_20020215,2002-02-15,195.0,23.0,41.0,9.0
LT05_195023_20020303,2002-03-03,195.0,23.0,82.0,9.0
LT05_195023_20020522,2002-05-22,195.0,23.0,37.0,9.0
LT05_195023_20020623,2002-06-23,195.0,23.0,50.0,9.0
LT05_195023_20030626,2003-06-26,195.0,23.0,61.0,9.0
LT05_195023_20030712,2003-07-12,195.0,23.0,65.0,9.0
LT05_195023_20030813,2003-08-13,195.0,23.0,52.0,9.0
LT05_195023_20030914,2003-09-14,195.0,23.0,14.0,9.0
LT05_195023_20030930,2003-09-30,195.0,23.0,6.0,9.0
LT05_195023_20031016,2003-10-16,195.0,23.0,4.0,9.0
LT05_195023_20040221,2004-02-21,195.0,23.0,13.0,9.0
LT05_195023_20040308,2004-03-08,195.0,23.0,3.0,9.0
LT05_195023_20040409,2004-04-09,195.0,23.0,72.0,9.0
LT05_195023_20040425,2004-04-25,195.0,23.0,24.0,9.0
LT05_195023_20040612,2004-06-12,195.0,23.0,83.0,9.0
LT05_195023_20040628,2004-06-28,195.0,23.0,85.0,9.0
LT05_195023_20040714,2004-07-14,195.0,23.0,78.0,9.0
LT05_195023_20040730,2004-07-30,195.0,23.0,9.0,9.0
LT05_195023_20040831,2004-08-31,195.0,23.0,78.0,9.0
LT05_195023_20041002,2004-10-02,195.0,23.0,79.0,9.0
LT05_195023_20041119,2004-11-19,195.0,23.0,59.0,9.0
LT05_195023_20050412,2005-04-12,195.0,23.0,45.0,9.0
LT05_195023_20050428,2005-04-28,195.0,23.0,26.0,9.0
LT05_195023_20050514,2005-05-14,195.0,23.0,82.0,9.0
LT05_195023_20050615,2005-06-15,195.0,23.0,0.0,9.0
LT05_195023_20050802,2005-08-02,195.0,23.0,89.0,9.0
LT05_195023_20050818,2005-08-18,195.0,23.0,0.0,9.0
LT05_195023_20050903,2005-09-03,195.0,23.0,59.0,9.0
LT05_195023_20050919,2005-09-19,195.0,23.0,56.0,9.0
LT05_195023_20051005,2005-10-05,195.0,23.0,4.0,9.0
LT05_195023_20051021,2005-10-21,195.0,23.0,92.0,9.0
LT05_195023_20051106,2005-11-06,195.0,23.0,1.0,9.0
LT05_195023_20051122,2005-11-22,195.0,23.0,57.0,9.0
LT05_195023_20060210,2006-02-10,195.0,23.0,84.0,9.0
LT05_195023_20060226,2006-02-26,195.0,23.0,52.0,9.0
LT05_195023_20060415,2006-04-15,195.0,23.0,7.0,9.0
LT05_195023_20060501,2006-05-01,195.0,23.0,8.0,9.0
LT05_195023_20060602,2006-06-02,195.0,23.0,53.0,9.0
LT05_195023_20060618,2006-06-18,195.0,23.0,54.0,9.0
LT05_195023_20060704,2006-07-04,195.0,23.0,0.0,9.0
LT05_195023_20060720,2006-07-20,195.0,23.0,32.0,9.0
LT05_195023_20060805,2006-08-05,195.0,23.0,73.0,9.0
LT05_195023_20060906,2006-09-06,195.0,23.0,80.0,9.0
LT05_195023_20060922,2006-09-22,195.0,23.0,0.0,9.0
LT05_195023_20061024,2006-10-24,195.0,23.0,69.0,9.0
LT05_195023_20070504,2007-05-04,195.0,23.0,0.0,9.0
LT05_195023_20070520,2007-05-20,195.0,23.0,87.0,9.0
LT05_195023_20070707,2007-07-07,195.0,23.0,87.0,9.0
LT05_195023_20070723,2007-07-23,195.0,23.0,60.0,9.0
LT05_195023_20070808,2007-08-08,195.0,23.0,88.0,9.0
LT05_195023_20070824,2007-08-24,195.0,23.0,29.0,9.0
LT05_195023_20070909,2007-09-09,195.0,23.0,45.0,9.0
LT05_195023_20070925,2007-09-25,195.0,23.0,54.0,9.0
LT05_195023_20080420,2008-04-20,195.0,23.0,76.0,9.0
LT05_195023_20080506,2008-05-06,195.0,23.0,0.0,9.0
LT05_195023_20080522,2008-05-22,195.0,23.0,6.0,9.0
LT05_195023_20080725,2008-07-25,195.0,23.0,48.0,9.0
LT05_195023_20080927,2008-09-27,195.0,23.0,36.0,9.0
LT05_195023_20090218,2009-02-18,195.0,23.0,48.0,9.0
LT05_195023_20090322,2009-03-22,195.0,23.0,74.0,9.0
LT05_195023_20090407,2009-04-07,195.0,23.0,5.0,9.0
LT05_195023_20090509,2009-05-09,195.0,23.0,81.0,9.0
LT05_195023_20090610,2009-06-10,195.0,23.0,89.0,9.0
LT05_195023_20090728,2009-07-28,195.0,23.0,44.0,9.0
LT05_195023_20090829,2009-08-29,195.0,23.0,47.0,9.0
LT05_195023_20090914,2009-09-14,195.0,23.0,78.0,9.0
LT05_195023_20090930,2009-09-30,195.0,23.0,57.0,9.0
LT05_195023_20091101,2009-11-01,195.0,23.0,100.0,9.0
LT05_195023_20100221,2010-02-21,195.0,23.0,59.0,9.0
LT05_195023_20100410,2010-04-10,195.0,23.0,26.0,9.0
LT05_195023_20100613,2010-06-13,195.0,23.0,97.0,9.0
LT05_195023_20100629,2010-06-29,195.0,23.0,7.0,9.0
LT05_195023_20100731,2010-07-31,195.0,23.0,42.0,9.0
LT05_195023_20100917,2010-09-17,195.0,23.0,81.0,9.0
LT05_195023_20101003,2010-10-03,195.0,23.0,93.0,9.0
LT05_195023_20101019,2010-10-19,195.0,23.0,79.0,9.0
LT05_195023_20110312,2011-03-12,195.0,23.0,100.0,9.0
LT05_195023_20110328,2011-03-28,195.0,23.0,67.0,9.0
LT05_195023_20110413,2011-04-13,195.0,23.0,83.0,9.0
LT05_195023_20110429,2011-04-29,195.0,23.0,3.0,9.0
LT05_195023_20110515,2011-05-15,195.0,23.0,75.0,9.0
LT05_195023_20110616,2011-06-16,195.0,23.0,88.0,9.0
LT05_195023_20110803,2011-08-03,195.0,23.0,55.0,9.0
LT05_195023_20110920,2011-09-20,195.0,23.0,48.0,9.0
LT05_195023_20111022,2011-10-22,195.0,23.0,2.0,9.0
LT05_195023_20111107,2011-11-07,195.0,23.0,84.0,9.0
LT05_195024_20000617,2000-06-17,195.0,24.0,5.0,9.0
LT05_195024_20000820,2000-08-20,195.0,24.0,51.0,9.0
LT05_195024_20001124,2000-11-24,195.0,24.0,96.0,9.0
LT05_195024_20010228,2001-02-28,195.0,24.0,74.0,9.0
LT05_195024_20010519,2001-05-19,195.0,24.0,78.0,9.0
LT05_195024_20010706,2001-07-06,195.0,24.0,48.0,9.0
LT05_195024_20010722,2001-07-22,195.0,24.0,65.0,9.0
LT05_195024_20010823,2001-08-23,195.0,24.0,7.0,9.0
LT05_195024_20010908,2001-09-08,195.0,24.0,80.0,9.0
LT05_195024_20010924,2001-09-24,195.0,24.0,58.0,9.0
LT05_195024_20011127,2001-11-27,195.0,24.0,85.0,9.0
LT05_195024_20020130,2002-01-30,195.0,24.0,90.0,9.0
LT05_195024_20020215,2002-02-15,195.0,24.0,0.0,9.0
LT05_195024_20020623,2002-06-23,195.0,24.0,68.0,9.0
LT05_195024_20030626,2003-06-26,195.0,24.0,46.0,9.0
LT05_195024_20030712,2003-07-12,195.0,24.0,56.0,9.0
LT05_195024_20030728,2003-07-28,195.0,24.0,77.0,9.0
LT05_195024_20030813,2003-08-13,195.0,24.0,11.0,9.0
LT05_195024_20030914,2003-09-14,195.0,24.0,8.0,9.0
LT05_195024_20030930,2003-09-30,195.0,24.0,40.0,9.0
LT05_195024_20031016,2003-10-16,195.0,24.0,20.0,9.0
LT05_195024_20040120,2004-01-20,195.0,24.0,81.0,9.0
LT05_195024_20040221,2004-02-21,195.0,24.0,44.0,9.0
LT05_195024_20040308,2004-03-08,195.0,24.0,18.0,9.0
LT05_195024_20040425,2004-04-25,195.0,24.0,25.0,9.0
LT05_195024_20040612,2004-06-12,195.0,24.0,85.0,9.0
LT05_195024_20040628,2004-06-28,195.0,24.0,81.0,9.0
LT05_195024_20040714,2004-07-14,195.0,24.0,84.0,9.0
LT05_195024_20040730,2004-07-30,195.0,24.0,9.0,9.0
LT05_195024_20040831,2004-08-31,195.0,24.0,84.0,9.0
LT05_195024_20041002,2004-10-02,195.0,24.0,81.0,9.0
LT05_195024_20041205,2004-12-05,195.0,24.0,89.0,9.0
LT05_195024_20050428,2005-04-28,195.0,24.0,44.0,9.0
LT05_195024_20050615,2005-06-15,195.0,24.0,3.0,9.0
LT05_195024_20050717,2005-07-17,195.0,24.0,43.0,9.0
LT05_195024_20050802,2005-08-02,195.0,24.0,83.0,9.0
LT05_195024_20050818,2005-08-18,195.0,24.0,1.0,9.0
LT05_195024_20050903,2005-09-03,195.0,24.0,35.0,9.0
LT05_195024_20050919,2005-09-19,195.0,24.0,0.0,9.0
LT05_195024_20051005,2005-10-05,195.0,24.0,48.0,9.0
LT05_195024_20051021,2005-10-21,195.0,24.0,91.0,9.0
LT05_195024_20051106,2005-11-06,195.0,24.0,48.0,9.0
LT05_195024_20060415,2006-04-15,195.0,24.0,68.0,9.0
LT05_195024_20060501,2006-05-01,195.0,24.0,37.0,9.0
LT05_195024_20060602,2006-06-02,195.0,24.0,38.0,9.0
LT05_195024_20060618,2006-06-18,195.0,24.0,53.0,9.0
LT05_195024_20060704,2006-07-04,195.0,24.0,2.0,9.0
LT05_195024_20060720,2006-07-20,195.0,24.0,28.0,9.0
LT05_195024_20060805,2006-08-05,195.0,24.0,69.0,9.0
LT05_195024_20060906,2006-09-06,195.0,24.0,41.0,9.0
LT05_195024_20060922,2006-09-22,195.0,24.0,0.0,9.0
LT05_195024_20061024,2006-10-24,195.0,24.0,81.0,9.0
LT05_195024_20070504,2007-05-04,195.0,24.0,2.0,9.0
LT05_195024_20070520,2007-05-20,195.0,24.0,76.0,9.0
LT05_195024_20070723,2007-07-23,195.0,24.0,94.0,9.0
LT05_195024_20070808,2007-08-08,195.0,24.0,97.0,9.0
LT05_195024_20070824,2007-08-24,195.0,24.0,35.0,9.0
LT05_195024_20070925,2007-09-25,195.0,24.0,41.0,7.0
LT05_195024_20080506,2008-05-06,195.0,24.0,12.0,9.0
LT05_195024_20080522,2008-05-22,195.0,24.0,46.0,9.0
LT05_195024_20080623,2008-06-23,195.0,24.0,12.0,9.0
LT05_195024_20080725,2008-07-25,195.0,24.0,65.0,9.0
LT05_195024_20080927,2008-09-27,195.0,24.0,36.0,9.0
LT05_195024_20081013,2008-10-13,195.0,24.0,16.0,9.0
LT05_195024_20090117,2009-01-17,195.0,24.0,83.0,9.0
LT05_195024_20090202,2009-02-02,195.0,24.0,88.0,9.0
LT05_195024_20090218,2009-02-18,195.0,24.0,6.0,9.0
LT05_195024_20090407,2009-04-07,195.0,24.0,6.0,9.0
LT05_195024_20090509,2009-05-09,195.0,24.0,64.0,9.0
LT05_195024_20090610,2009-06-10,195.0,24.0,65.0,9.0
LT05_195024_20090626,2009-06-26,195.0,24.0,85.0,9.0
LT05_195024_20090728,2009-07-28,195.0,24.0,48.0,9.0
LT05_195024_20090829,2009-08-29,195.0,24.0,70.0,9.0
LT05_195024_20090930,2009-09-30,195.0,24.0,81.0,9.0
LT05_195024_20091016,2009-10-16,195.0,24.0,83.0,9.0
LT05_195024_20091101,2009-11-01,195.0,24.0,47.0,9.0
LT05_195024_20100205,2010-02-05,195.0,24.0,92.0,9.0
LT05_195024_20100221,2010-02-21,195.0,24.0,77.0,9.0
LT05_195024_20100410,2010-04-10,195.0,24.0,93.0,9.0
LT05_195024_20100613,2010-06-13,195.0,24.0,86.0,9.0
LT05_195024_20100629,2010-06-29,195.0,24.0,11.0,9.0
LT05_195024_20100731,2010-07-31,195.0,24.0,52.0,9.0
LT05_195024_20100917,2010-09-17,195.0,24.0,73.0,9.0
LT05_195024_20101003,2010-10-03,195.0,24.0,65.0,9.0
LT05_195024_20110208,2011-02-08,195.0,24.0,36.0,9.0
LT05_195024_20110312,2011-03-12,195.0,24.0,100.0,9.0
LT05_195024_20110328,2011-03-28,195.0,24.0,4.0,9.0
LT05_195024_20110429,2011-04-29,195.0,24.0,27.0,9.0
LT05_195024_20110515,2011-05-15,195.0,24.0,67.0,9.0
LT05_195024_20110616,2011-06-16,195.0,24.0,98.0,9.0
LT05_195024_20110803,2011-08-03,195.0,24.0,68.0,9.0
LT05_195024_20110904,2011-09-04,195.0,24.0,97.0,9.0
LT05_195024_20110920,2011-09-20,195.0,24.0,29.0,9.0
LT05_195024_20111022,2011-10-22,195.0,24.0,4.0,9.0
LT05_195024_20111107,2011-11-07,195.0,24.0,89.0,9.0
LT05_195025_20000601,2000-06-01,195.0,25.0,74.0,9.0
LT05_195025_20000703,2000-07-03,195.0,25.0,94.0,9.0
LT05_195025_20010228,2001-02-28,195.0,25.0,100.0,9.0
LT05_195025_20010706,2001-07-06,195.0,25.0,43.0,9.0
LT05_195025_20010722,2001-07-22,195.0,25.0,36.0,9.0
LT05_195025_20010823,2001-08-23,195.0,25.0,7.0,9.0
LT05_195025_20010908,2001-09-08,195.0,25.0,75.0,9.0
LT05_195025_20020130,2002-01-30,195.0,25.0,62.0,9.0
LT05_195025_20020215,2002-02-15,195.0,25.0,0.0,9.0
LT05_195025_20020303,2002-03-03,195.0,25.0,48.0,9.0
LT05_195025_20020522,2002-05-22,195.0,25.0,47.0,9.0
LT05_195025_20020623,2002-06-23,195.0,25.0,66.0,9.0
LT05_195025_20030626,2003-06-26,195.0,25.0,24.0,9.0
LT05_195025_20030712,2003-07-12,195.0,25.0,23.0,9.0
LT05_195025_20030728,2003-07-28,195.0,25.0,85.0,9.0
LT05_195025_20030813,2003-08-13,195.0,25.0,0.0,9.0
LT05_195025_20030829,2003-08-29,195.0,25.0,84.0,9.0
LT05_195025_20030914,2003-09-14,195.0,25.0,4.0,9.0
LT05_195025_20030930,2003-09-30,195.0,25.0,20.0,9.0
LT05_195025_20031016,2003-10-16,195.0,25.0,6.0,9.0
LT05_195025_20040120,2004-01-20,195.0,25.0,55.0,9.0
LT05_195025_20040205,2004-02-05,195.0,25.0,88.0,9.0
LT05_195025_20040221,2004-02-21,195.0,25.0,98.0,9.0
LT05_195025_20040308,2004-03-08,195.0,25.0,61.0,9.0
LT05_195025_20040425,2004-04-25,195.0,25.0,53.0,9.0
LT05_195025_20040511,2004-05-11,195.0,25.0,72.0,9.0
LT05_195025_20040527,2004-05-27,195.0,25.0,62.0,9.0
LT05_195025_20040612,2004-06-12,195.0,25.0,62.0,9.0
LT05_195025_20040628,2004-06-28,195.0,25.0,50.0,9.0
LT05_195025_20040714,2004-07-14,195.0,25.0,89.0,9.0
LT05_195025_20040730,2004-07-30,195.0,25.0,10.0,9.0
LT05_195025_20040815,2004-08-15,195.0,25.0,63.0,9.0
LT05_195025_20040831,2004-08-31,195.0,25.0,76.0,9.0
LT05_195025_20041002,2004-10-02,195.0,25.0,77.0,9.0
LT05_195025_20041018,2004-10-18,195.0,25.0,84.0,9.0
LT05_195025_20041119,2004-11-19,195.0,25.0,72.0,9.0
LT05_195025_20050223,2005-02-23,195.0,25.0,74.0,9.0
LT05_195025_20050412,2005-04-12,195.0,25.0,61.0,9.0
LT05_195025_20050428,2005-04-28,195.0,25.0,69.0,9.0
LT05_195025_20050615,2005-06-15,195.0,25.0,22.0,9.0
LT05_195025_20050701,2005-07-01,195.0,25.0,92.0,9.0
LT05_195025_20050717,2005-07-17,195.0,25.0,33.0,9.0
LT05_195025_20050802,2005-08-02,195.0,25.0,97.0,9.0
LT05_195025_20050818,2005-08-18,195.0,25.0,6.0,9.0
LT05_195025_20050903,2005-09-03,195.0,25.0,13.0,9.0
LT05_195025_20050919,2005-09-19,195.0,25.0,0.0,9.0
LT05_195025_20051005,2005-10-05,195.0,25.0,72.0,9.0
LT05_195025_20051021,2005-10-21,195.0,25.0,92.0,9.0
LT05_195025_20051106,2005-11-06,195.0,25.0,78.0,9.0
LT05_195025_20060415,2006-04-15,195.0,25.0,100.0,9.0
LT05_195025_20060501,2006-05-01,195.0,25.0,59.0,9.0
LT05_195025_20060517,2006-05-17,195.0,25.0,91.0,9.0
LT05_195025_20060602,2006-06-02,195.0,25.0,60.0,9.0
LT05_195025_20060618,2006-06-18,195.0,25.0,1.0,9.0
LT05_195025_20060704,2006-07-04,195.0,25.0,6.0,9.0
LT05_195025_20060720,2006-07-20,195.0,25.0,19.0,9.0
LT05_195025_20060805,2006-08-05,195.0,25.0,47.0,9.0
LT05_195025_20060821,2006-08-21,195.0,25.0,93.0,9.0
LT05_195025_20060906,2006-09-06,195.0,25.0,9.0,9.0
LT05_195025_20060922,2006-09-22,195.0,25.0,0.0,9.0
LT05_195025_20061024,2006-10-24,195.0,25.0,84.0,9.0
LT05_195025_20070213,2007-02-13,195.0,25.0,93.0,9.0
LT05_195025_20070301,2007-03-01,195.0,25.0,88.0,9.0
LT05_195025_20070504,2007-05-04,195.0,25.0,5.0,9.0
LT05_195025_20070520,2007-05-20,195.0,25.0,61.0,9.0
LT05_195025_20070707,2007-07-07,195.0,25.0,54.0,9.0
LT05_195025_20070723,2007-07-23,195.0,25.0,98.0,9.0
LT05_195025_20070824,2007-08-24,195.0,25.0,18.0,9.0
LT05_195025_20080506,2008-05-06,195.0,25.0,23.0,9.0
LT05_195025_20080522,2008-05-22,195.0,25.0,91.0,9.0
LT05_195025_20080623,2008-06-23,195.0,25.0,6.0,9.0
LT05_195025_20080709,2008-07-09,195.0,25.0,73.0,9.0
LT05_195025_20080725,2008-07-25,195.0,25.0,26.0,9.0
LT05_195025_20080927,2008-09-27,195.0,25.0,15.0,9.0
LT05_195025_20081013,2008-10-13,195.0,25.0,59.0,9.0
LT05_195025_20090202,2009-02-02,195.0,25.0,65.0,9.0
LT05_195025_20090218,2009-02-18,195.0,25.0,10.0,9.0
LT05_195025_20090407,2009-04-07,195.0,25.0,5.0,9.0
LT05_195025_20090509,2009-05-09,195.0,25.0,82.0,9.0
LT05_195025_20090610,2009-06-10,195.0,25.0,72.0,9.0
LT05_195025_20090626,2009-06-26,195.0,25.0,57.0,9.0
LT05_195025_20090728,2009-07-28,195.0,25.0,46.0,9.0
LT05_195025_20090829,2009-08-29,195.0,25.0,76.0,9.0
LT05_195025_20090930,2009-09-30,195.0,25.0,92.0,9.0
LT05_195025_20091101,2009-11-01,195.0,25.0,56.0,9.0
LT05_195025_20100410,2010-04-10,195.0,25.0,56.0,9.0
LT05_195025_20100613,2010-06-13,195.0,25.0,59.0,9.0
LT05_195025_20100629,2010-06-29,195.0,25.0,13.0,9.0
LT05_195025_20100731,2010-07-31,195.0,25.0,34.0,9.0
LT05_195025_20100901,2010-09-01,195.0,25.0,90.0,9.0
LT05_195025_20101003,2010-10-03,195.0,25.0,38.0,9.0
LT05_195025_20101120,2010-11-20,195.0,25.0,92.0,9.0
LT05_195025_20110208,2011-02-08,195.0,25.0,16.0,9.0
LT05_195025_20110328,2011-03-28,195.0,25.0,13.0,9.0
LT05_195025_20110413,2011-04-13,195.0,25.0,73.0,9.0
LT05_195025_20110515,2011-05-15,195.0,25.0,72.0,9.0
LT05_195025_20110616,2011-06-16,195.0,25.0,98.0,9.0
LT05_195025_20110702,2011-07-02,195.0,25.0,96.0,9.0
LT05_195025_20110803,2011-08-03,195.0,25.0,90.0,9.0
LT05_195025_20110819,2011-08-19,195.0,25.0,73.0,9.0
LT05_195025_20110904,2011-09-04,195.0,25.0,77.0,9.0
LT05_195025_20110920,2011-09-20,195.0,25.0,22.0,9.0
LT05_195025_20111022,2011-10-22,195.0,25.0,5.0,9.0
LT05_195025_20111107,2011-11-07,195.0,25.0,85.0,9.0
LT05_195026_20000516,2000-05-16,195.0,26.0,11.0,9.0
LT05_195026_20000601,2000-06-01,195.0,26.0,46.0,9.0
LT05_195026_20000719,2000-07-19,195.0,26.0,77.0,7.0
LT05_195026_20000820,2000-08-20,195.0,26.0,43.0,9.0
LT05_195026_20010127,2001-01-27,195.0,26.0,82.0,9.0
LT05_195026_20010316,2001-03-16,195.0,26.0,44.0,9.0
LT05_195026_20010620,2001-06-20,195.0,26.0,30.0,9.0
LT05_195026_20010706,2001-07-06,195.0,26.0,3.0,9.0
LT05_195026_20010823,2001-08-23,195.0,26.0,17.0,9.0
LT05_195026_20011213,2001-12-13,195.0,26.0,73.0,9.0
LT05_195026_20020114,2002-01-14,195.0,26.0,90.0,9.0
LT05_195026_20020130,2002-01-30,195.0,26.0,40.0,9.0
LT05_195026_20020215,2002-02-15,195.0,26.0,30.0,9.0
LT05_195026_20020303,2002-03-03,195.0,26.0,19.0,9.0
LT05_195026_20020522,2002-05-22,195.0,26.0,68.0,9.0
LT05_195026_20020623,2002-06-23,195.0,26.0,29.0,9.0
LT05_195026_20030626,2003-06-26,195.0,26.0,2.0,9.0
LT05_195026_20030712,2003-07-12,195.0,26.0,39.0,9.0
LT05_195026_20030728,2003-07-28,195.0,26.0,57.0,9.0
LT05_195026_20030813,2003-08-13,195.0,26.0,1.0,9.0
LT05_195026_20030829,2003-08-29,195.0,26.0,56.0,9.0
LT05_195026_20030914,2003-09-14,195.0,26.0,7.0,9.0
LT05_195026_20030930,2003-09-30,195.0,26.0,19.0,9.0
LT05_195026_20031016,2003-10-16,195.0,26.0,0.0,9.0
LT05_195026_20040205,2004-02-05,195.0,26.0,54.0,9.0
LT05_195026_20040409,2004-04-09,195.0,26.0,41.0,9.0
LT05_195026_20040425,2004-04-25,195.0,26.0,69.0,9.0
LT05_195026_20040511,2004-05-11,195.0,26.0,56.0,9.0
LT05_195026_20040527,2004-05-27,195.0,26.0,65.0,9.0
LT05_195026_20040612,2004-06-12,195.0,26.0,71.0,9.0
LT05_195026_20040628,2004-06-28,195.0,26.0,21.0,9.0
LT05_195026_20040714,2004-07-14,195.0,26.0,70.0,9.0
LT05_195026_20040730,2004-07-30,195.0,26.0,9.0,9.0
LT05_195026_20040815,2004-08-15,195.0,26.0,46.0,9.0
LT05_195026_20040831,2004-08-31,195.0,26.0,38.0,9.0
LT05_195026_20040916,2004-09-16,195.0,26.0,23.0,9.0
LT05_195026_20041002,2004-10-02,195.0,26.0,87.0,9.0
LT05_195026_20041103,2004-11-03,195.0,26.0,87.0,9.0
LT05_195026_20041119,2004-11-19,195.0,26.0,54.0,9.0
LT05_195026_20050122,2005-01-22,195.0,26.0,54.0,9.0
LT05_195026_20050311,2005-03-11,195.0,26.0,75.0,9.0
LT05_195026_20050412,2005-04-12,195.0,26.0,86.0,9.0
LT05_195026_20050428,2005-04-28,195.0,26.0,49.0,9.0
LT05_195026_20050615,2005-06-15,195.0,26.0,21.0,9.0
LT05_195026_20050717,2005-07-17,195.0,26.0,4.0,9.0
LT05_195026_20050818,2005-08-18,195.0,26.0,16.0,9.0
LT05_195026_20050903,2005-09-03,195.0,26.0,16.0,9.0
LT05_195026_20050919,2005-09-19,195.0,26.0,3.0,9.0
LT05_195026_20051005,2005-10-05,195.0,26.0,93.0,9.0
LT05_195026_20051021,2005-10-21,195.0,26.0,91.0,9.0
LT05_195026_20051122,2005-11-22,195.0,26.0,43.0,9.0
LT05_195026_20060210,2006-02-10,195.0,26.0,74.0,9.0
LT05_195026_20060415,2006-04-15,195.0,26.0,96.0,9.0
LT05_195026_20060501,2006-05-01,195.0,26.0,79.0,9.0
LT05_195026_20060517,2006-05-17,195.0,26.0,76.0,9.0
LT05_195026_20060618,2006-06-18,195.0,26.0,3.0,9.0
LT05_195026_20060704,2006-07-04,195.0,26.0,11.0,9.0
LT05_195026_20060720,2006-07-20,195.0,26.0,12.0,9.0
LT05_195026_20060805,2006-08-05,195.0,26.0,63.0,9.0
LT05_195026_20060821,2006-08-21,195.0,26.0,66.0,9.0
LT05_195026_20060906,2006-09-06,195.0,26.0,64.0,9.0
LT05_195026_20060922,2006-09-22,195.0,26.0,1.0,9.0
LT05_195026_20061024,2006-10-24,195.0,26.0,63.0,9.0
LT05_195026_20061125,2006-11-25,195.0,26.0,100.0,9.0
LT05_195026_20061227,2006-12-27,195.0,26.0,60.0,9.0
LT05_195026_20070128,2007-01-28,195.0,26.0,90.0,9.0
LT05_195026_20070213,2007-02-13,195.0,26.0,90.0,9.0
LT05_195026_20070504,2007-05-04,195.0,26.0,57.0,9.0
LT05_195026_20070520,2007-05-20,195.0,26.0,37.0,9.0
LT05_195026_20070707,2007-07-07,195.0,26.0,37.0,9.0
LT05_195026_20070723,2007-07-23,195.0,26.0,86.0,9.0
LT05_195026_20080506,2008-05-06,195.0,26.0,4.0,9.0
LT05_195026_20080623,2008-06-23,195.0,26.0,49.0,9.0
LT05_195026_20080709,2008-07-09,195.0,26.0,80.0,9.0
LT05_195026_20080725,2008-07-25,195.0,26.0,6.0,9.0
LT05_195026_20080826,2008-08-26,195.0,26.0,55.0,9.0
LT05_195026_20080927,2008-09-27,195.0,26.0,1.0,9.0
LT05_195026_20081013,2008-10-13,195.0,26.0,51.0,9.0
LT05_195026_20090117,2009-01-17,195.0,26.0,45.0,9.0
LT05_195026_20090202,2009-02-02,195.0,26.0,85.0,9.0
LT05_195026_20090218,2009-02-18,195.0,26.0,7.0,9.0
LT05_195026_20090322,2009-03-22,195.0,26.0,39.0,9.0
LT05_195026_20090407,2009-04-07,195.0,26.0,19.0,9.0
LT05_195026_20090509,2009-05-09,195.0,26.0,44.0,9.0
LT05_195026_20090610,2009-06-10,195.0,26.0,29.0,9.0
LT05_195026_20090626,2009-06-26,195.0,26.0,37.0,9.0
LT05_195026_20090728,2009-07-28,195.0,26.0,34.0,9.0
LT05_195026_20090829,2009-08-29,195.0,26.0,43.0,9.0
LT05_195026_20090930,2009-09-30,195.0,26.0,79.0,9.0
LT05_195026_20091101,2009-11-01,195.0,26.0,31.0,9.0
LT05_195026_20091117,2009-11-17,195.0,26.0,93.0,9.0
LT05_195026_20091203,2009-12-03,195.0,26.0,77.0,9.0
LT05_195026_20100120,2010-01-20,195.0,26.0,56.0,9.0
LT05_195026_20100221,2010-02-21,195.0,26.0,80.0,9.0
LT05_195026_20100410,2010-04-10,195.0,26.0,68.0,9.0
LT05_195026_20100629,2010-06-29,195.0,26.0,26.0,9.0
LT05_195026_20100731,2010-07-31,195.0,26.0,5.0,9.0
LT05_195026_20100901,2010-09-01,195.0,26.0,22.0,9.0
LT05_195026_20101003,2010-10-03,195.0,26.0,22.0,9.0
LT05_195026_20101104,2010-11-04,195.0,26.0,83.0,9.0
LT05_195026_20101120,2010-11-20,195.0,26.0,63.0,9.0
LT05_195026_20110208,2011-02-08,195.0,26.0,78.0,9.0
LT05_195026_20110328,2011-03-28,195.0,26.0,41.0,9.0
LT05_195026_20110413,2011-04-13,195.0,26.0,53.0,9.0
LT05_195026_20110515,2011-05-15,195.0,26.0,65.0,9.0
LT05_195026_20110616,2011-06-16,195.0,26.0,85.0,9.0
LT05_195026_20110702,2011-07-02,195.0,26.0,66.0,9.0
LT05_195026_20110803,2011-08-03,195.0,26.0,90.0,9.0
LT05_195026_20110819,2011-08-19,195.0,26.0,49.0,9.0
LT05_195026_20110904,2011-09-04,195.0,26.0,85.0,9.0
LT05_195026_20110920,2011-09-20,195.0,26.0,17.0,9.0
LT05_195026_20111006,2011-10-06,195.0,26.0,73.0,9.0
LT05_195026_20111022,2011-10-22,195.0,26.0,38.0,9.0
LT05_195026_20111107,2011-11-07,195.0,26.0,89.0,9.0
LT05_195027_20000516,2000-05-16,195.0,27.0,18.0,9.0
LT05_195027_20000601,2000-06-01,195.0,27.0,16.0,9.0
LT05_195027_20000703,2000-07-03,195.0,27.0,95.0,9.0
LT05_195027_20000719,2000-07-19,195.0,27.0,35.0,9.0
LT05_195027_20001226,2000-12-26,195.0,27.0,29.0,9.0
LT05_195027_20010127,2001-01-27,195.0,27.0,64.0,9.0
LT05_195027_20010228,2001-02-28,195.0,27.0,86.0,9.0
LT05_195027_20010316,2001-03-16,195.0,27.0,32.0,9.0
LT05_195027_20010417,2001-04-17,195.0,27.0,78.0,9.0
LT05_195027_20010620,2001-06-20,195.0,27.0,14.0,9.0
LT05_195027_20010706,2001-07-06,195.0,27.0,13.0,9.0
LT05_195027_20010823,2001-08-23,195.0,27.0,21.0,9.0
LT05_195027_20011213,2001-12-13,195.0,27.0,73.0,9.0
LT05_195027_20020130,2002-01-30,195.0,27.0,20.0,9.0
LT05_195027_20020215,2002-02-15,195.0,27.0,97.0,9.0
LT05_195027_20020303,2002-03-03,195.0,27.0,67.0,9.0
LT05_195027_20020522,2002-05-22,195.0,27.0,85.0,9.0
LT05_195027_20020623,2002-06-23,195.0,27.0,3.0,9.0
LT05_195027_20030626,2003-06-26,195.0,27.0,15.0,9.0
LT05_195027_20030712,2003-07-12,195.0,27.0,29.0,9.0
LT05_195027_20030728,2003-07-28,195.0,27.0,78.0,9.0
LT05_195027_20030813,2003-08-13,195.0,27.0,2.0,7.0
LT05_195027_20030829,2003-08-29,195.0,27.0,78.0,9.0
LT05_195027_20030914,2003-09-14,195.0,27.0,8.0,9.0
LT05_195027_20030930,2003-09-30,195.0,27.0,19.0,9.0
LT05_195027_20031016,2003-10-16,195.0,27.0,34.0,9.0
LT05_195027_20040205,2004-02-05,195.0,27.0,4.0,9.0
LT05_195027_20040425,2004-04-25,195.0,27.0,43.0,9.0
LT05_195027_20040511,2004-05-11,195.0,27.0,53.0,9.0
LT05_195027_20040612,2004-06-12,195.0,27.0,81.0,9.0
LT05_195027_20040628,2004-06-28,195.0,27.0,56.0,9.0
LT05_195027_20040714,2004-07-14,195.0,27.0,34.0,9.0
LT05_195027_20040730,2004-07-30,195.0,27.0,17.0,9.0
LT05_195027_20040831,2004-08-31,195.0,27.0,69.0,9.0
LT05_195027_20040916,2004-09-16,195.0,27.0,48.0,9.0
LT05_195027_20041002,2004-10-02,195.0,27.0,75.0,9.0
LT05_195027_20041103,2004-11-03,195.0,27.0,76.0,9.0
LT05_195027_20041119,2004-11-19,195.0,27.0,67.0,9.0
LT05_195027_20041205,2004-12-05,195.0,27.0,80.0,9.0
LT05_195027_20050122,2005-01-22,195.0,27.0,54.0,9.0
LT05_195027_20050207,2005-02-07,195.0,27.0,35.0,9.0
LT05_195027_20050311,2005-03-11,195.0,27.0,12.0,9.0
LT05_195027_20050412,2005-04-12,195.0,27.0,86.0,9.0
LT05_195027_20050428,2005-04-28,195.0,27.0,54.0,9.0
LT05_195027_20050615,2005-06-15,195.0,27.0,40.0,9.0
LT05_195027_20050717,2005-07-17,195.0,27.0,13.0,9.0
LT05_195027_20050818,2005-08-18,195.0,27.0,15.0,9.0
LT05_195027_20050903,2005-09-03,195.0,27.0,20.0,9.0
LT05_195027_20050919,2005-09-19,195.0,27.0,73.0,9.0
LT05_195027_20051005,2005-10-05,195.0,27.0,72.0,9.0
LT05_195027_20051021,2005-10-21,195.0,27.0,73.0,9.0
LT05_195027_20051106,2005-11-06,195.0,27.0,52.0,9.0
LT05_195027_20051122,2005-11-22,195.0,27.0,36.0,9.0
LT05_195027_20060210,2006-02-10,195.0,27.0,79.0,9.0
LT05_195027_20060501,2006-05-01,195.0,27.0,43.0,9.0
LT05_195027_20060517,2006-05-17,195.0,27.0,91.0,9.0
LT05_195027_20060618,2006-06-18,195.0,27.0,5.0,9.0
LT05_195027_20060704,2006-07-04,195.0,27.0,13.0,9.0
LT05_195027_20060720,2006-07-20,195.0,27.0,18.0,9.0
LT05_195027_20060821,2006-08-21,195.0,27.0,75.0,9.0
LT05_195027_20060906,2006-09-06,195.0,27.0,87.0,9.0
LT05_195027_20060922,2006-09-22,195.0,27.0,5.0,9.0
LT05_195027_20061024,2006-10-24,195.0,27.0,69.0,9.0
LT05_195027_20061125,2006-11-25,195.0,27.0,61.0,9.0
LT05_195027_20061211,2006-12-11,195.0,27.0,71.0,9.0
LT05_195027_20061227,2006-12-27,195.0,27.0,42.0,9.0
LT05_195027_20070317,2007-03-17,195.0,27.0,75.0,9.0
LT05_195027_20070504,2007-05-04,195.0,27.0,99.0,9.0
LT05_195027_20070520,2007-05-20,195.0,27.0,39.0,9.0
LT05_195027_20070707,2007-07-07,195.0,27.0,40.0,7.0
LT05_195027_20070925,2007-09-25,195.0,27.0,75.0,9.0
LT05_195027_20080319,2008-03-19,195.0,27.0,76.0,9.0
LT05_195027_20080404,2008-04-04,195.0,27.0,80.0,9.0
LT05_195027_20080420,2008-04-20,195.0,27.0,78.0,9.0
LT05_195027_20080506,2008-05-06,195.0,27.0,1.0,9.0
LT05_195027_20080623,2008-06-23,195.0,27.0,14.0,9.0
LT05_195027_20080709,2008-07-09,195.0,27.0,48.0,9.0
LT05_195027_20080725,2008-07-25,195.0,27.0,8.0,9.0
LT05_195027_20080826,2008-08-26,195.0,27.0,32.0,9.0
LT05_195027_20080911,2008-09-11,195.0,27.0,65.0,9.0
LT05_195027_20081013,2008-10-13,195.0,27.0,42.0,9.0
LT05_195027_20090117,2009-01-17,195.0,27.0,24.0,9.0
LT05_195027_20090218,2009-02-18,195.0,27.0,36.0,9.0
LT05_195027_20090322,2009-03-22,195.0,27.0,54.0,9.0
LT05_195027_20090509,2009-05-09,195.0,27.0,20.0,9.0
LT05_195027_20090610,2009-06-10,195.0,27.0,14.0,9.0
LT05_195027_20090728,2009-07-28,195.0,27.0,40.0,9.0
LT05_195027_20090829,2009-08-29,195.0,27.0,47.0,9.0
LT05_195027_20090914,2009-09-14,195.0,27.0,83.0,9.0
LT05_195027_20090930,2009-09-30,195.0,27.0,1.0,9.0
LT05_195027_20091016,2009-10-16,195.0,27.0,76.0,9.0
LT05_195027_20091101,2009-11-01,195.0,27.0,27.0,9.0
LT05_195027_20091117,2009-11-17,195.0,27.0,67.0,9.0
LT05_195027_20091203,2009-12-03,195.0,27.0,74.0,9.0
LT05_195027_20100120,2010-01-20,195.0,27.0,49.0,9.0
LT05_195027_20100221,2010-02-21,195.0,27.0,27.0,9.0
LT05_195027_20100410,2010-04-10,195.0,27.0,36.0,9.0
LT05_195027_20100613,2010-06-13,195.0,27.0,89.0,9.0
LT05_195027_20100629,2010-06-29,195.0,27.0,15.0,9.0
LT05_195027_20100731,2010-07-31,195.0,27.0,2.0,9.0
LT05_195027_20100901,2010-09-01,195.0,27.0,3.0,9.0
LT05_195027_20101003,2010-10-03,195.0,27.0,7.0,9.0
LT05_195027_20101019,2010-10-19,195.0,27.0,86.0,9.0
LT05_195027_20101104,2010-11-04,195.0,27.0,51.0,9.0
LT05_195027_20101120,2010-11-20,195.0,27.0,76.0,9.0
LT05_195027_20110123,2011-01-23,195.0,27.0,9.0,9.0
LT05_195027_20110208,2011-02-08,195.0,27.0,7.0,9.0
LT05_195027_20110328,2011-03-28,195.0,27.0,87.0,9.0
LT05_195027_20110413,2011-04-13,195.0,27.0,38.0,9.0
LT05_195027_20110515,2011-05-15,195.0,27.0,71.0,9.0
LT05_195027_20110616,2011-06-16,195.0,27.0,44.0,9.0
LT05_195027_20110702,2011-07-02,195.0,27.0,34.0,9.0
LT05_195027_20110803,2011-08-03,195.0,27.0,87.0,9.0
LT05_195027_20110819,2011-08-19,195.0,27.0,19.0,9.0
LT05_195027_20110920,2011-09-20,195.0,27.0,25.0,9.0
LT05_195027_20111006,2011-10-06,195.0,27.0,24.0,9.0
LT05_195027_20111022,2011-10-22,195.0,27.0,50.0,9.0
LT05_196022_20000608,2000-06-08,196.0,22.0,21.0,9.0
LT05_196022_20000624,2000-06-24,196.0,22.0,90.0,9.0
LT05_196022_20000827,2000-08-27,196.0,22.0,15.0,9.0
LT05_196022_20001115,2000-11-15,196.0,22.0,75.0,9.0
LT05_196022_20010307,2001-03-07,196.0,22.0,100.0,9.0
LT05_196022_20010526,2001-05-26,196.0,22.0,96.0,9.0
LT05_196022_20010611,2001-06-11,196.0,22.0,67.0,9.0
LT05_196022_20010713,2001-07-13,196.0,22.0,73.0,9.0
LT05_196022_20010729,2001-07-29,196.0,22.0,8.0,9.0
LT05_196022_20020206,2002-02-06,196.0,22.0,59.0,9.0
LT05_196022_20020614,2002-06-14,196.0,22.0,38.0,9.0
LT05_196022_20030703,2003-07-03,196.0,22.0,73.0,9.0
LT05_196022_20030719,2003-07-19,196.0,22.0,16.0,9.0
LT05_196022_20030804,2003-08-04,196.0,22.0,4.0,9.0
LT05_196022_20030820,2003-08-20,196.0,22.0,60.0,9.0
LT05_196022_20030905,2003-09-05,196.0,22.0,20.0,9.0
LT05_196022_20030921,2003-09-21,196.0,22.0,40.0,9.0
LT05_196022_20031007,2003-10-07,196.0,22.0,66.0,9.0
LT05_196022_20031023,2003-10-23,196.0,22.0,4.0,9.0
LT05_196022_20040315,2004-03-15,196.0,22.0,61.0,9.0
LT05_196022_20040331,2004-03-31,196.0,22.0,1.0,9.0
LT05_196022_20040416,2004-04-16,196.0,22.0,6.0,9.0
LT05_196022_20040502,2004-05-02,196.0,22.0,56.0,9.0
LT05_196022_20040518,2004-05-18,196.0,22.0,26.0,9.0
LT05_196022_20040603,2004-06-03,196.0,22.0,0.0,9.0
LT05_196022_20040619,2004-06-19,196.0,22.0,44.0,9.0
LT05_196022_20040705,2004-07-05,196.0,22.0,67.0,9.0
LT05_196022_20040822,2004-08-22,196.0,22.0,24.0,9.0
LT05_196022_20040907,2004-09-07,196.0,22.0,6.0,9.0
LT05_196022_20040923,2004-09-23,196.0,22.0,63.0,9.0
LT05_196022_20041009,2004-10-09,196.0,22.0,16.0,9.0
LT05_196022_20041025,2004-10-25,196.0,22.0,61.0,9.0
LT05_196022_20050214,2005-02-14,196.0,22.0,13.0,7.0
LT05_196022_20050419,2005-04-19,196.0,22.0,55.0,9.0
LT05_196022_20050505,2005-05-05,196.0,22.0,51.0,9.0
LT05_196022_20050521,2005-05-21,196.0,22.0,57.0,9.0
LT05_196022_20050606,2005-06-06,196.0,22.0,81.0,9.0
LT05_196022_20050622,2005-06-22,196.0,22.0,31.0,9.0
LT05_196022_20050708,2005-07-08,196.0,22.0,81.0,9.0
LT05_196022_20050809,2005-08-09,196.0,22.0,86.0,9.0
LT05_196022_20050910,2005-09-10,196.0,22.0,53.0,9.0
LT05_196022_20050926,2005-09-26,196.0,22.0,61.0,9.0
LT05_196022_20051012,2005-10-12,196.0,22.0,0.0,9.0
LT05_196022_20051028,2005-10-28,196.0,22.0,0.0,9.0
LT05_196022_20051113,2005-11-13,196.0,22.0,63.0,9.0
LT05_196022_20060305,2006-03-05,196.0,22.0,66.0,9.0
LT05_196022_20060406,2006-04-06,196.0,22.0,93.0,9.0
LT05_196022_20060508,2006-05-08,196.0,22.0,1.0,9.0
LT05_196022_20060524,2006-05-24,196.0,22.0,81.0,9.0
LT05_196022_20060609,2006-06-09,196.0,22.0,11.0,9.0
LT05_196022_20060625,2006-06-25,196.0,22.0,17.0,9.0
LT05_196022_20060711,2006-07-11,196.0,22.0,84.0,9.0
LT05_196022_20060727,2006-07-27,196.0,22.0,20.0,9.0
LT05_196022_20060812,2006-08-12,196.0,22.0,94.0,9.0
LT05_196022_20060828,2006-08-28,196.0,22.0,61.0,9.0
LT05_196022_20060913,2006-09-13,196.0,22.0,1.0,9.0
LT05_196022_20060929,2006-09-29,196.0,22.0,78.0,9.0
LT05_196022_20061116,2006-11-16,196.0,22.0,27.0,9.0
LT05_196022_20070425,2007-04-25,196.0,22.0,1.0,9.0
LT05_196022_20070815,2007-08-15,196.0,22.0,81.0,9.0
LT05_196022_20070916,2007-09-16,196.0,22.0,12.0,9.0
LT05_196022_20080513,2008-05-13,196.0,22.0,6.0,9.0
LT05_196022_20080614,2008-06-14,196.0,22.0,65.0,9.0
LT05_196022_20090124,2009-01-24,196.0,22.0,81.0,9.0
LT05_196022_20090209,2009-02-09,196.0,22.0,88.0,9.0
LT05_196022_20090430,2009-04-30,196.0,22.0,8.0,9.0
LT05_196022_20090516,2009-05-16,196.0,22.0,65.0,9.0
LT05_196022_20090617,2009-06-17,196.0,22.0,5.0,9.0
LT05_196022_20090703,2009-07-03,196.0,22.0,2.0,9.0
LT05_196022_20090719,2009-07-19,196.0,22.0,80.0,9.0
LT05_196022_20090804,2009-08-04,196.0,22.0,38.0,9.0
LT05_196022_20090820,2009-08-20,196.0,22.0,0.0,9.0
LT05_196022_20090905,2009-09-05,196.0,22.0,80.0,9.0
LT05_196022_20090921,2009-09-21,196.0,22.0,70.0,9.0
LT05_196022_20091007,2009-10-07,196.0,22.0,81.0,9.0
LT05_196022_20100417,2010-04-17,196.0,22.0,21.0,9.0
LT05_196022_20100604,2010-06-04,196.0,22.0,19.0,9.0
LT05_196022_20100620,2010-06-20,196.0,22.0,48.0,9.0
LT05_196022_20100706,2010-07-06,196.0,22.0,53.0,9.0
LT05_196022_20100807,2010-08-07,196.0,22.0,32.0,9.0
LT05_196022_20101010,2010-10-10,196.0,22.0,6.0,9.0
LT05_196022_20110130,2011-01-30,196.0,22.0,52.0,9.0
LT05_196022_20110319,2011-03-19,196.0,22.0,30.0,9.0
LT05_196022_20110404,2011-04-04,196.0,22.0,46.0,9.0
LT05_196022_20110420,2011-04-20,196.0,22.0,1.0,9.0
LT05_196022_20110506,2011-05-06,196.0,22.0,1.0,9.0
LT05_196022_20110522,2011-05-22,196.0,22.0,76.0,9.0
LT05_196022_20110623,2011-06-23,196.0,22.0,77.0,9.0
LT05_196022_20110810,2011-08-10,196.0,22.0,87.0,9.0
LT05_196022_20110826,2011-08-26,196.0,22.0,54.0,9.0
LT05_196022_20110911,2011-09-11,196.0,22.0,61.0,9.0
LT05_196022_20110927,2011-09-27,196.0,22.0,21.0,9.0
LT05_196022_20111013,2011-10-13,196.0,22.0,13.0,9.0
LT05_196023_20000523,2000-05-23,196.0,23.0,87.0,9.0
LT05_196023_20000608,2000-06-08,196.0,23.0,28.0,9.0
LT05_196023_20000710,2000-07-10,196.0,23.0,80.0,9.0
LT05_196023_20000827,2000-08-27,196.0,23.0,64.0,9.0
LT05_196023_20001115,2000-11-15,196.0,23.0,41.0,9.0
LT05_196023_20010203,2001-02-03,196.0,23.0,38.0,9.0
LT05_196023_20010526,2001-05-26,196.0,23.0,75.0,9.0
LT05_196023_20010713,2001-07-13,196.0,23.0,54.0,9.0
LT05_196023_20010729,2001-07-29,196.0,23.0,16.0,9.0
LT05_196023_20020206,2002-02-06,196.0,23.0,19.0,9.0
LT05_196023_20020310,2002-03-10,196.0,23.0,83.0,9.0
LT05_196023_20020614,2002-06-14,196.0,23.0,94.0,9.0
LT05_196023_20030719,2003-07-19,196.0,23.0,7.0,9.0
LT05_196023_20030804,2003-08-04,196.0,23.0,2.0,9.0
LT05_196023_20030820,2003-08-20,196.0,23.0,59.0,9.0
LT05_196023_20030905,2003-09-05,196.0,23.0,8.0,7.0
LT05_196023_20030921,2003-09-21,196.0,23.0,11.0,9.0
LT05_196023_20031007,2003-10-07,196.0,23.0,80.0,9.0
LT05_196023_20031023,2003-10-23,196.0,23.0,36.0,9.0
LT05_196023_20040228,2004-02-28,196.0,23.0,43.0,7.0
LT05_196023_20040331,2004-03-31,196.0,23.0,0.0,9.0
LT05_196023_20040416,2004-04-16,196.0,23.0,2.0,9.0
LT05_196023_20040518,2004-05-18,196.0,23.0,44.0,9.0
LT05_196023_20040603,2004-06-03,196.0,23.0,3.0,9.0
LT05_196023_20040619,2004-06-19,196.0,23.0,55.0,9.0
LT05_196023_20040705,2004-07-05,196.0,23.0,68.0,9.0
LT05_196023_20040721,2004-07-21,196.0,23.0,89.0,9.0
LT05_196023_20040822,2004-08-22,196.0,23.0,36.0,9.0
LT05_196023_20040907,2004-09-07,196.0,23.0,14.0,9.0
LT05_196023_20041009,2004-10-09,196.0,23.0,31.0,9.0
LT05_196023_20041025,2004-10-25,196.0,23.0,61.0,9.0
LT05_196023_20050214,2005-02-14,196.0,23.0,41.0,7.0
LT05_196023_20050403,2005-04-03,196.0,23.0,0.0,9.0
LT05_196023_20050419,2005-04-19,196.0,23.0,89.0,9.0
LT05_196023_20050505,2005-05-05,196.0,23.0,54.0,9.0
LT05_196023_20050521,2005-05-21,196.0,23.0,59.0,9.0
LT05_196023_20050622,2005-06-22,196.0,23.0,45.0,9.0
LT05_196023_20050724,2005-07-24,196.0,23.0,30.0,9.0
LT05_196023_20050910,2005-09-10,196.0,23.0,58.0,9.0
LT05_196023_20050926,2005-09-26,196.0,23.0,67.0,9.0
LT05_196023_20051012,2005-10-12,196.0,23.0,0.0,9.0
LT05_196023_20051028,2005-10-28,196.0,23.0,0.0,9.0
LT05_196023_20051113,2005-11-13,196.0,23.0,86.0,9.0
LT05_196023_20060406,2006-04-06,196.0,23.0,78.0,9.0
LT05_196023_20060508,2006-05-08,196.0,23.0,1.0,9.0
LT05_196023_20060524,2006-05-24,196.0,23.0,96.0,9.0
LT05_196023_20060609,2006-06-09,196.0,23.0,12.0,9.0
LT05_196023_20060625,2006-06-25,196.0,23.0,33.0,9.0
LT05_196023_20060711,2006-07-11,196.0,23.0,66.0,9.0
LT05_196023_20060727,2006-07-27,196.0,23.0,31.0,9.0
LT05_196023_20060812,2006-08-12,196.0,23.0,80.0,9.0
LT05_196023_20060913,2006-09-13,196.0,23.0,0.0,9.0
LT05_196023_20060929,2006-09-29,196.0,23.0,83.0,9.0
LT05_196023_20061116,2006-11-16,196.0,23.0,41.0,9.0
LT05_196023_20070425,2007-04-25,196.0,23.0,8.0,9.0
LT05_196023_20070527,2007-05-27,196.0,23.0,86.0,9.0
LT05_196023_20070628,2007-06-28,196.0,23.0,62.0,9.0
LT05_196023_20070730,2007-07-30,196.0,23.0,86.0,9.0
LT05_196023_20070815,2007-08-15,196.0,23.0,65.0,9.0
LT05_196023_20070916,2007-09-16,196.0,23.0,5.0,7.0
LT05_196023_20080513,2008-05-13,196.0,23.0,34.0,9.0
LT05_196023_20080614,2008-06-14,196.0,23.0,81.0,9.0
LT05_196023_20090430,2009-04-30,196.0,23.0,47.0,9.0
LT05_196023_20090516,2009-05-16,196.0,23.0,43.0,9.0
LT05_196023_20090617,2009-06-17,196.0,23.0,0.0,9.0
LT05_196023_20090703,2009-07-03,196.0,23.0,13.0,9.0
LT05_196023_20090719,2009-07-19,196.0,23.0,77.0,9.0
LT05_196023_20090804,2009-08-04,196.0,23.0,22.0,9.0
LT05_196023_20090820,2009-08-20,196.0,23.0,7.0,9.0
LT05_196023_20090905,2009-09-05,196.0,23.0,75.0,9.0
LT05_196023_20090921,2009-09-21,196.0,23.0,47.0,9.0
LT05_196023_20091023,2009-10-23,196.0,23.0,100.0,9.0
LT05_196023_20091108,2009-11-08,196.0,23.0,81.0,9.0
LT05_196023_20091124,2009-11-24,196.0,23.0,67.0,9.0
LT05_196023_20100212,2010-02-12,196.0,23.0,85.0,9.0
LT05_196023_20100401,2010-04-01,196.0,23.0,86.0,9.0
LT05_196023_20100417,2010-04-17,196.0,23.0,0.0,9.0
LT05_196023_20100604,2010-06-04,196.0,23.0,11.0,9.0
LT05_196023_20100620,2010-06-20,196.0,23.0,89.0,9.0
LT05_196023_20100706,2010-07-06,196.0,23.0,70.0,9.0
LT05_196023_20100807,2010-08-07,196.0,23.0,31.0,9.0
LT05_196023_20101010,2010-10-10,196.0,23.0,0.0,9.0
LT05_196023_20110303,2011-03-03,196.0,23.0,50.0,9.0
LT05_196023_20110319,2011-03-19,196.0,23.0,38.0,9.0
LT05_196023_20110404,2011-04-04,196.0,23.0,76.0,9.0
LT05_196023_20110420,2011-04-20,196.0,23.0,0.0,9.0
LT05_196023_20110506,2011-05-06,196.0,23.0,15.0,9.0
LT05_196023_20110522,2011-05-22,196.0,23.0,87.0,9.0
LT05_196023_20110623,2011-06-23,196.0,23.0,77.0,9.0
LT05_196023_20110826,2011-08-26,196.0,23.0,27.0,9.0
LT05_196023_20110911,2011-09-11,196.0,23.0,60.0,9.0
LT05_196023_20110927,2011-09-27,196.0,23.0,48.0,9.0
LT05_196023_20111013,2011-10-13,196.0,23.0,20.0,9.0
LT05_196023_20111029,2011-10-29,196.0,23.0,91.0,9.0
LT05_196023_20111114,2011-11-14,196.0,23.0,61.0,9.0
LT05_196024_20000523,2000-05-23,196.0,24.0,100.0,9.0
LT05_196024_20000608,2000-06-08,196.0,24.0,16.0,9.0
LT05_196024_20000624,2000-06-24,196.0,24.0,81.0,9.0
LT05_196024_20000827,2000-08-27,196.0,24.0,89.0,9.0
LT05_196024_20000912,2000-09-12,196.0,24.0,100.0,9.0
LT05_196024_20001115,2000-11-15,196.0,24.0,60.0,9.0
LT05_196024_20010526,2001-05-26,196.0,24.0,17.0,9.0
LT05_196024_20010611,2001-06-11,196.0,24.0,57.0,9.0
LT05_196024_20010627,2001-06-27,196.0,24.0,87.0,9.0
LT05_196024_20010713,2001-07-13,196.0,24.0,53.0,9.0
LT05_196024_20010729,2001-07-29,196.0,24.0,43.0,9.0
LT05_196024_20010830,2001-08-30,196.0,24.0,54.0,9.0
LT05_196024_20020310,2002-03-10,196.0,24.0,26.0,9.0
LT05_196024_20020630,2002-06-30,196.0,24.0,60.0,9.0
LT05_196024_20030719,2003-07-19,196.0,24.0,5.0,9.0
LT05_196024_20030804,2003-08-04,196.0,24.0,3.0,9.0
LT05_196024_20030820,2003-08-20,196.0,24.0,36.0,9.0
LT05_196024_20030921,2003-09-21,196.0,24.0,0.0,9.0
LT05_196024_20031007,2003-10-07,196.0,24.0,87.0,9.0
LT05_196024_20031023,2003-10-23,196.0,24.0,57.0,9.0
LT05_196024_20040228,2004-02-28,196.0,24.0,76.0,9.0
LT05_196024_20040331,2004-03-31,196.0,24.0,13.0,7.0
LT05_196024_20040416,2004-04-16,196.0,24.0,5.0,9.0
LT05_196024_20040518,2004-05-18,196.0,24.0,52.0,9.0
LT05_196024_20040603,2004-06-03,196.0,24.0,22.0,9.0
LT05_196024_20040619,2004-06-19,196.0,24.0,74.0,9.0
LT05_196024_20040705,2004-07-05,196.0,24.0,83.0,9.0
LT05_196024_20040721,2004-07-21,196.0,24.0,19.0,9.0
LT05_196024_20040822,2004-08-22,196.0,24.0,48.0,9.0
LT05_196024_20040907,2004-09-07,196.0,24.0,3.0,9.0
LT05_196024_20041009,2004-10-09,196.0,24.0,26.0,9.0
LT05_196024_20041025,2004-10-25,196.0,24.0,70.0,9.0
LT05_196024_20041126,2004-11-26,196.0,24.0,75.0,9.0
LT05_196024_20050113,2005-01-13,196.0,24.0,70.0,9.0
LT05_196024_20050403,2005-04-03,196.0,24.0,0.0,9.0
LT05_196024_20050505,2005-05-05,196.0,24.0,43.0,9.0
LT05_196024_20050521,2005-05-21,196.0,24.0,76.0,9.0
LT05_196024_20050622,2005-06-22,196.0,24.0,32.0,9.0
LT05_196024_20050708,2005-07-08,196.0,24.0,85.0,9.0
LT05_196024_20050724,2005-07-24,196.0,24.0,40.0,9.0
LT05_196024_20050809,2005-08-09,196.0,24.0,90.0,9.0
LT05_196024_20050910,2005-09-10,196.0,24.0,75.0,9.0
LT05_196024_20050926,2005-09-26,196.0,24.0,58.0,9.0
LT05_196024_20051012,2005-10-12,196.0,24.0,0.0,9.0
LT05_196024_20051028,2005-10-28,196.0,24.0,1.0,9.0
LT05_196024_20060201,2006-02-01,196.0,24.0,48.0,9.0
LT05_196024_20060406,2006-04-06,196.0,24.0,45.0,9.0
LT05_196024_20060508,2006-05-08,196.0,24.0,5.0,9.0
LT05_196024_20060524,2006-05-24,196.0,24.0,97.0,9.0
LT05_196024_20060609,2006-06-09,196.0,24.0,16.0,9.0
LT05_196024_20060625,2006-06-25,196.0,24.0,75.0,9.0
LT05_196024_20060711,2006-07-11,196.0,24.0,36.0,9.0
LT05_196024_20060727,2006-07-27,196.0,24.0,37.0,9.0
LT05_196024_20060913,2006-09-13,196.0,24.0,0.0,7.0
LT05_196024_20060929,2006-09-29,196.0,24.0,69.0,9.0
LT05_196024_20061015,2006-10-15,196.0,24.0,20.0,9.0
LT05_196024_20061031,2006-10-31,196.0,24.0,81.0,9.0
LT05_196024_20061116,2006-11-16,196.0,24.0,42.0,9.0
LT05_196024_20061202,2006-12-02,196.0,24.0,96.0,9.0
LT05_196024_20070220,2007-02-20,196.0,24.0,92.0,9.0
LT05_196024_20070628,2007-06-28,196.0,24.0,77.0,9.0
LT05_196024_20070730,2007-07-30,196.0,24.0,69.0,9.0
LT05_196024_20070815,2007-08-15,196.0,24.0,74.0,9.0
LT05_196024_20080513,2008-05-13,196.0,24.0,34.0,9.0
LT05_196024_20080630,2008-06-30,196.0,24.0,41.0,9.0
LT05_196024_20081020,2008-10-20,196.0,24.0,4.0,9.0
LT05_196024_20090430,2009-04-30,196.0,24.0,86.0,9.0
LT05_196024_20090516,2009-05-16,196.0,24.0,59.0,9.0
LT05_196024_20090617,2009-06-17,196.0,24.0,30.0,9.0
LT05_196024_20090703,2009-07-03,196.0,24.0,12.0,9.0
LT05_196024_20090719,2009-07-19,196.0,24.0,89.0,9.0
LT05_196024_20090804,2009-08-04,196.0,24.0,30.0,9.0
LT05_196024_20090820,2009-08-20,196.0,24.0,31.0,9.0
LT05_196024_20090905,2009-09-05,196.0,24.0,81.0,9.0
LT05_196024_20090921,2009-09-21,196.0,24.0,31.0,9.0
LT05_196024_20091007,2009-10-07,196.0,24.0,89.0,9.0
LT05_196024_20091023,2009-10-23,196.0,24.0,100.0,9.0
LT05_196024_20091108,2009-11-08,196.0,24.0,57.0,9.0
LT05_196024_20100401,2010-04-01,196.0,24.0,79.0,9.0
LT05_196024_20100417,2010-04-17,196.0,24.0,0.0,9.0
LT05_196024_20100604,2010-06-04,196.0,24.0,0.0,9.0
LT05_196024_20100706,2010-07-06,196.0,24.0,69.0,9.0
LT05_196024_20100807,2010-08-07,196.0,24.0,19.0,9.0
LT05_196024_20101010,2010-10-10,196.0,24.0,0.0,9.0
LT05_196024_20101127,2010-11-27,196.0,24.0,74.0,9.0
LT05_196024_20110130,2011-01-30,196.0,24.0,28.0,9.0
LT05_196024_20110303,2011-03-03,196.0,24.0,0.0,9.0
LT05_196024_20110319,2011-03-19,196.0,24.0,5.0,9.0
LT05_196024_20110420,2011-04-20,196.0,24.0,0.0,9.0
LT05_196024_20110506,2011-05-06,196.0,24.0,16.0,9.0
LT05_196024_20110522,2011-05-22,196.0,24.0,83.0,9.0
LT05_196024_20110623,2011-06-23,196.0,24.0,69.0,9.0
LT05_196024_20110810,2011-08-10,196.0,24.0,77.0,9.0
LT05_196024_20110826,2011-08-26,196.0,24.0,34.0,9.0
LT05_196024_20110911,2011-09-11,196.0,24.0,92.0,9.0
LT05_196024_20110927,2011-09-27,196.0,24.0,59.0,9.0
LT05_196024_20111013,2011-10-13,196.0,24.0,42.0,9.0
LT05_196024_20111029,2011-10-29,196.0,24.0,88.0,9.0
LT05_196024_20111114,2011-11-14,196.0,24.0,31.0,9.0
LT05_196025_20000116,2000-01-16,196.0,25.0,74.0,9.0
LT05_196025_20000523,2000-05-23,196.0,25.0,100.0,9.0
LT05_196025_20000608,2000-06-08,196.0,25.0,10.0,9.0
LT05_196025_20000624,2000-06-24,196.0,25.0,82.0,9.0
LT05_196025_20000710,2000-07-10,196.0,25.0,84.0,9.0
LT05_196025_20000827,2000-08-27,196.0,25.0,99.0,9.0
LT05_196025_20000912,2000-09-12,196.0,25.0,93.0,9.0
LT05_196025_20010118,2001-01-18,196.0,25.0,83.0,9.0
LT05_196025_20010219,2001-02-19,196.0,25.0,93.0,9.0
LT05_196025_20010408,2001-04-08,196.0,25.0,59.0,9.0
LT05_196025_20010526,2001-05-26,196.0,25.0,26.0,9.0
LT05_196025_20010627,2001-06-27,196.0,25.0,86.0,9.0
LT05_196025_20010713,2001-07-13,196.0,25.0,69.0,9.0
LT05_196025_20010830,2001-08-30,196.0,25.0,98.0,9.0
LT05_196025_20020105,2002-01-05,196.0,25.0,0.0,7.0
LT05_196025_20020206,2002-02-06,196.0,25.0,81.0,9.0
LT05_196025_20020310,2002-03-10,196.0,25.0,14.0,9.0
LT05_196025_20020614,2002-06-14,196.0,25.0,89.0,9.0
LT05_196025_20020630,2002-06-30,196.0,25.0,27.0,9.0
LT05_196025_20030703,2003-07-03,196.0,25.0,91.0,9.0
LT05_196025_20030719,2003-07-19,196.0,25.0,1.0,9.0
LT05_196025_20030804,2003-08-04,196.0,25.0,0.0,9.0
LT05_196025_20030820,2003-08-20,196.0,25.0,32.0,9.0
LT05_196025_20030905,2003-09-05,196.0,25.0,5.0,7.0
LT05_196025_20030921,2003-09-21,196.0,25.0,0.0,9.0
LT05_196025_20031023,2003-10-23,196.0,25.0,83.0,9.0
LT05_196025_20040228,2004-02-28,196.0,25.0,58.0,9.0
LT05_196025_20040331,2004-03-31,196.0,25.0,34.0,9.0
LT05_196025_20040416,2004-04-16,196.0,25.0,3.0,9.0
LT05_196025_20040502,2004-05-02,196.0,25.0,62.0,9.0
LT05_196025_20040518,2004-05-18,196.0,25.0,25.0,9.0
LT05_196025_20040603,2004-06-03,196.0,25.0,69.0,9.0
LT05_196025_20040619,2004-06-19,196.0,25.0,86.0,9.0
LT05_196025_20040705,2004-07-05,196.0,25.0,60.0,9.0
LT05_196025_20040721,2004-07-21,196.0,25.0,33.0,9.0
LT05_196025_20040822,2004-08-22,196.0,25.0,68.0,9.0
LT05_196025_20040907,2004-09-07,196.0,25.0,26.0,9.0
LT05_196025_20041009,2004-10-09,196.0,25.0,49.0,9.0
LT05_196025_20041025,2004-10-25,196.0,25.0,53.0,9.0
LT05_196025_20041126,2004-11-26,196.0,25.0,77.0,9.0
LT05_196025_20050214,2005-02-14,196.0,25.0,76.0,7.0
LT05_196025_20050403,2005-04-03,196.0,25.0,1.0,7.0
LT05_196025_20050505,2005-05-05,196.0,25.0,26.0,9.0
LT05_196025_20050521,2005-05-21,196.0,25.0,85.0,9.0
LT05_196025_20050606,2005-06-06,196.0,25.0,88.0,9.0
LT05_196025_20050622,2005-06-22,196.0,25.0,42.0,9.0
LT05_196025_20050724,2005-07-24,196.0,25.0,73.0,9.0
LT05_196025_20050809,2005-08-09,196.0,25.0,67.0,9.0
LT05_196025_20050910,2005-09-10,196.0,25.0,89.0,9.0
LT05_196025_20050926,2005-09-26,196.0,25.0,33.0,9.0
LT05_196025_20051012,2005-10-12,196.0,25.0,3.0,9.0
LT05_196025_20051028,2005-10-28,196.0,25.0,10.0,9.0
LT05_196025_20060201,2006-02-01,196.0,25.0,30.0,9.0
LT05_196025_20060422,2006-04-22,196.0,25.0,52.0,9.0
LT05_196025_20060508,2006-05-08,196.0,25.0,26.0,9.0
LT05_196025_20060524,2006-05-24,196.0,25.0,84.0,9.0
LT05_196025_20060609,2006-06-09,196.0,25.0,25.0,9.0
LT05_196025_20060625,2006-06-25,196.0,25.0,74.0,9.0
LT05_196025_20060711,2006-07-11,196.0,25.0,14.0,9.0
LT05_196025_20060727,2006-07-27,196.0,25.0,29.0,9.0
LT05_196025_20060812,2006-08-12,196.0,25.0,87.0,9.0
LT05_196025_20060929,2006-09-29,196.0,25.0,71.0,9.0
LT05_196025_20061015,2006-10-15,196.0,25.0,28.0,9.0
LT05_196025_20061031,2006-10-31,196.0,25.0,87.0,9.0
LT05_196025_20061202,2006-12-02,196.0,25.0,94.0,9.0
LT05_196025_20070220,2007-02-20,196.0,25.0,79.0,9.0
LT05_196025_20070628,2007-06-28,196.0,25.0,82.0,9.0
LT05_196025_20070714,2007-07-14,196.0,25.0,48.0,9.0
LT05_196025_20070730,2007-07-30,196.0,25.0,71.0,9.0
LT05_196025_20070815,2007-08-15,196.0,25.0,82.0,9.0
LT05_196025_20080513,2008-05-13,196.0,25.0,10.0,9.0
LT05_196025_20080614,2008-06-14,196.0,25.0,84.0,7.0
LT05_196025_20080716,2008-07-16,196.0,25.0,73.0,9.0
LT05_196025_20081020,2008-10-20,196.0,25.0,12.0,9.0
LT05_196025_20090430,2009-04-30,196.0,25.0,90.0,9.0
LT05_196025_20090617,2009-06-17,196.0,25.0,8.0,9.0
LT05_196025_20090703,2009-07-03,196.0,25.0,39.0,9.0
LT05_196025_20090719,2009-07-19,196.0,25.0,82.0,9.0
LT05_196025_20090804,2009-08-04,196.0,25.0,12.0,9.0
LT05_196025_20090820,2009-08-20,196.0,25.0,19.0,9.0
LT05_196025_20090905,2009-09-05,196.0,25.0,83.0,9.0
LT05_196025_20090921,2009-09-21,196.0,25.0,61.0,9.0
LT05_196025_20091007,2009-10-07,196.0,25.0,83.0,9.0
LT05_196025_20091023,2009-10-23,196.0,25.0,100.0,9.0
LT05_196025_20091108,2009-11-08,196.0,25.0,66.0,9.0
LT05_196025_20091210,2009-12-10,196.0,25.0,38.0,9.0
LT05_196025_20100127,2010-01-27,196.0,25.0,85.0,9.0
LT05_196025_20100212,2010-02-12,196.0,25.0,74.0,9.0
LT05_196025_20100401,2010-04-01,196.0,25.0,71.0,9.0
LT05_196025_20100417,2010-04-17,196.0,25.0,0.0,9.0
LT05_196025_20100604,2010-06-04,196.0,25.0,0.0,9.0
LT05_196025_20100706,2010-07-06,196.0,25.0,63.0,9.0
LT05_196025_20100807,2010-08-07,196.0,25.0,20.0,9.0
LT05_196025_20101010,2010-10-10,196.0,25.0,0.0,9.0
LT05_196025_20101026,2010-10-26,196.0,25.0,13.0,9.0
LT05_196025_20110130,2011-01-30,196.0,25.0,6.0,9.0
LT05_196025_20110303,2011-03-03,196.0,25.0,0.0,9.0
LT05_196025_20110319,2011-03-19,196.0,25.0,47.0,9.0
LT05_196025_20110506,2011-05-06,196.0,25.0,57.0,9.0
LT05_196025_20110522,2011-05-22,196.0,25.0,83.0,9.0
LT05_196025_20110623,2011-06-23,196.0,25.0,90.0,9.0
LT05_196025_20110725,2011-07-25,196.0,25.0,61.0,9.0
LT05_196025_20110810,2011-08-10,196.0,25.0,48.0,9.0
LT05_196025_20110826,2011-08-26,196.0,25.0,49.0,9.0
LT05_196025_20110911,2011-09-11,196.0,25.0,100.0,9.0
LT05_196025_20110927,2011-09-27,196.0,25.0,11.0,9.0
LT05_196025_20111013,2011-10-13,196.0,25.0,50.0,9.0
LT05_196025_20111114,2011-11-14,196.0,25.0,41.0,9.0
LT05_196026_20000116,2000-01-16,196.0,26.0,20.0,9.0
LT05_196026_20000201,2000-02-01,196.0,26.0,80.0,9.0
LT05_196026_20000421,2000-04-21,196.0,26.0,75.0,9.0
LT05_196026_20000523,2000-05-23,196.0,26.0,58.0,9.0
LT05_196026_20000608,2000-06-08,196.0,26.0,0.0,9.0
LT05_196026_20000710,2000-07-10,196.0,26.0,87.0,9.0
LT05_196026_20001115,2000-11-15,196.0,26.0,74.0,9.0
LT05_196026_20010118,2001-01-18,196.0,26.0,72.0,9.0
LT05_196026_20010219,2001-02-19,196.0,26.0,24.0,9.0
LT05_196026_20010408,2001-04-08,196.0,26.0,60.0,9.0
LT05_196026_20010627,2001-06-27,196.0,26.0,84.0,9.0
LT05_196026_20010729,2001-07-29,196.0,26.0,72.0,9.0
LT05_196026_20010830,2001-08-30,196.0,26.0,89.0,9.0
LT05_196026_20010915,2001-09-15,196.0,26.0,93.0,9.0
LT05_196026_20011220,2001-12-20,196.0,26.0,25.0,9.0
LT05_196026_20020105,2002-01-05,196.0,26.0,0.0,9.0
LT05_196026_20020206,2002-02-06,196.0,26.0,55.0,9.0
LT05_196026_20020310,2002-03-10,196.0,26.0,15.0,9.0
LT05_196026_20020614,2002-06-14,196.0,26.0,22.0,9.0
LT05_196026_20020630,2002-06-30,196.0,26.0,32.0,9.0
LT05_196026_20030719,2003-07-19,196.0,26.0,0.0,9.0
LT05_196026_20030804,2003-08-04,196.0,26.0,0.0,9.0
LT05_196026_20030820,2003-08-20,196.0,26.0,27.0,9.0
LT05_196026_20030905,2003-09-05,196.0,26.0,45.0,7.0
LT05_196026_20030921,2003-09-21,196.0,26.0,0.0,9.0
LT05_196026_20040212,2004-02-12,196.0,26.0,70.0,9.0
LT05_196026_20040228,2004-02-28,196.0,26.0,53.0,9.0
LT05_196026_20040315,2004-03-15,196.0,26.0,80.0,9.0
LT05_196026_20040331,2004-03-31,196.0,26.0,12.0,7.0
LT05_196026_20040416,2004-04-16,196.0,26.0,1.0,9.0
LT05_196026_20040502,2004-05-02,196.0,26.0,58.0,9.0
LT05_196026_20040518,2004-05-18,196.0,26.0,4.0,9.0
LT05_196026_20040705,2004-07-05,196.0,26.0,59.0,9.0
LT05_196026_20040721,2004-07-21,196.0,26.0,29.0,9.0
LT05_196026_20040822,2004-08-22,196.0,26.0,93.0,9.0
LT05_196026_20040907,2004-09-07,196.0,26.0,3.0,9.0
LT05_196026_20041009,2004-10-09,196.0,26.0,90.0,9.0
LT05_196026_20041025,2004-10-25,196.0,26.0,88.0,9.0
LT05_196026_20050113,2005-01-13,196.0,26.0,40.0,9.0
LT05_196026_20050214,2005-02-14,196.0,26.0,86.0,9.0
LT05_196026_20050302,2005-03-02,196.0,26.0,82.0,9.0
LT05_196026_20050403,2005-04-03,196.0,26.0,16.0,9.0
LT05_196026_20050622,2005-06-22,196.0,26.0,13.0,9.0
LT05_196026_20050809,2005-08-09,196.0,26.0,65.0,9.0
LT05_196026_20050910,2005-09-10,196.0,26.0,85.0,9.0
LT05_196026_20050926,2005-09-26,196.0,26.0,46.0,9.0
LT05_196026_20051012,2005-10-12,196.0,26.0,11.0,9.0
LT05_196026_20051028,2005-10-28,196.0,26.0,8.0,9.0
LT05_196026_20051113,2005-11-13,196.0,26.0,22.0,9.0
LT05_196026_20060201,2006-02-01,196.0,26.0,49.0,9.0
LT05_196026_20060217,2006-02-17,196.0,26.0,90.0,9.0
LT05_196026_20060305,2006-03-05,196.0,26.0,11.0,9.0
LT05_196026_20060422,2006-04-22,196.0,26.0,48.0,9.0
LT05_196026_20060508,2006-05-08,196.0,26.0,92.0,9.0
LT05_196026_20060524,2006-05-24,196.0,26.0,53.0,9.0
LT05_196026_20060609,2006-06-09,196.0,26.0,8.0,9.0
LT05_196026_20060625,2006-06-25,196.0,26.0,16.0,9.0
LT05_196026_20060711,2006-07-11,196.0,26.0,3.0,9.0
LT05_196026_20060727,2006-07-27,196.0,26.0,42.0,9.0
LT05_196026_20060812,2006-08-12,196.0,26.0,82.0,9.0
LT05_196026_20060929,2006-09-29,196.0,26.0,52.0,9.0
LT05_196026_20061015,2006-10-15,196.0,26.0,49.0,9.0
LT05_196026_20061031,2006-10-31,196.0,26.0,100.0,9.0
LT05_196026_20061218,2006-12-18,196.0,26.0,64.0,9.0
LT05_196026_20070220,2007-02-20,196.0,26.0,76.0,9.0
LT05_196026_20070628,2007-06-28,196.0,26.0,84.0,9.0
LT05_196026_20070730,2007-07-30,196.0,26.0,18.0,9.0
LT05_196026_20070815,2007-08-15,196.0,26.0,73.0,9.0
LT05_196026_20070831,2007-08-31,196.0,26.0,81.0,9.0
LT05_196026_20070916,2007-09-16,196.0,26.0,2.0,9.0
LT05_196026_20080716,2008-07-16,196.0,26.0,60.0,9.0
LT05_196026_20080902,2008-09-02,196.0,26.0,42.0,9.0
LT05_196026_20081020,2008-10-20,196.0,26.0,49.0,9.0
LT05_196026_20090209,2009-02-09,196.0,26.0,100.0,9.0
LT05_196026_20090430,2009-04-30,196.0,26.0,46.0,7.0
LT05_196026_20090516,2009-05-16,196.0,26.0,72.0,7.0
LT05_196026_20090617,2009-06-17,196.0,26.0,1.0,9.0
LT05_196026_20090703,2009-07-03,196.0,26.0,40.0,9.0
LT05_196026_20090719,2009-07-19,196.0,26.0,79.0,9.0
LT05_196026_20090804,2009-08-04,196.0,26.0,17.0,9.0
LT05_196026_20090820,2009-08-20,196.0,26.0,15.0,9.0
LT05_196026_20090921,2009-09-21,196.0,26.0,69.0,9.0
LT05_196026_20091007,2009-10-07,196.0,26.0,48.0,9.0
LT05_196026_20091108,2009-11-08,196.0,26.0,70.0,9.0
LT05_196026_20100127,2010-01-27,196.0,26.0,34.0,9.0
LT05_196026_20100316,2010-03-16,196.0,26.0,50.0,9.0
LT05_196026_20100401,2010-04-01,196.0,26.0,67.0,9.0
LT05_196026_20100417,2010-04-17,196.0,26.0,0.0,9.0
LT05_196026_20100604,2010-06-04,196.0,26.0,1.0,9.0
LT05_196026_20100620,2010-06-20,196.0,26.0,91.0,9.0
LT05_196026_20100706,2010-07-06,196.0,26.0,58.0,7.0
LT05_196026_20100807,2010-08-07,196.0,26.0,15.0,9.0
LT05_196026_20100908,2010-09-08,196.0,26.0,85.0,9.0
LT05_196026_20101010,2010-10-10,196.0,26.0,18.0,9.0
LT05_196026_20101026,2010-10-26,196.0,26.0,1.0,9.0
LT05_196026_20101127,2010-11-27,196.0,26.0,54.0,9.0
LT05_196026_20101213,2010-12-13,196.0,26.0,7.0,9.0
LT05_196026_20110130,2011-01-30,196.0,26.0,3.0,9.0
LT05_196026_20110303,2011-03-03,196.0,26.0,4.0,9.0
LT05_196026_20110404,2011-04-04,196.0,26.0,84.0,9.0
LT05_196026_20110420,2011-04-20,196.0,26.0,2.0,9.0
LT05_196026_20110506,2011-05-06,196.0,26.0,35.0,9.0
LT05_196026_20110522,2011-05-22,196.0,26.0,75.0,9.0
LT05_196026_20110623,2011-06-23,196.0,26.0,92.0,9.0
LT05_196026_20110725,2011-07-25,196.0,26.0,85.0,7.0
LT05_196026_20110810,2011-08-10,196.0,26.0,19.0,9.0
LT05_196026_20110826,2011-08-26,196.0,26.0,44.0,9.0
LT05_196026_20110911,2011-09-11,196.0,26.0,86.0,9.0
LT05_196026_20110927,2011-09-27,196.0,26.0,3.0,9.0
LT05_196026_20111114,2011-11-14,196.0,26.0,94.0,9.0
LT05_196027_20000116,2000-01-16,196.0,27.0,50.0,9.0
LT05_196027_20000201,2000-02-01,196.0,27.0,37.0,9.0
LT05_196027_20000421,2000-04-21,196.0,27.0,55.0,9.0
LT05_196027_20000523,2000-05-23,196.0,27.0,14.0,9.0
LT05_196027_20000608,2000-06-08,196.0,27.0,0.0,9.0
LT05_196027_20001115,2000-11-15,196.0,27.0,52.0,9.0
LT05_196027_20010219,2001-02-19,196.0,27.0,9.0,9.0
LT05_196027_20010526,2001-05-26,196.0,27.0,29.0,9.0
LT05_196027_20010627,2001-06-27,196.0,27.0,67.0,9.0
LT05_196027_20010830,2001-08-30,196.0,27.0,80.0,9.0
LT05_196027_20010915,2001-09-15,196.0,27.0,83.0,9.0
LT05_196027_20011220,2001-12-20,196.0,27.0,78.0,9.0
LT05_196027_20020105,2002-01-05,196.0,27.0,4.0,9.0
LT05_196027_20020121,2002-01-21,196.0,27.0,24.0,9.0
LT05_196027_20020310,2002-03-10,196.0,27.0,1.0,9.0
LT05_196027_20020614,2002-06-14,196.0,27.0,0.0,9.0
LT05_196027_20020630,2002-06-30,196.0,27.0,17.0,9.0
LT05_196027_20030703,2003-07-03,196.0,27.0,82.0,9.0
LT05_196027_20030719,2003-07-19,196.0,27.0,0.0,9.0
LT05_196027_20030804,2003-08-04,196.0,27.0,1.0,9.0
LT05_196027_20030820,2003-08-20,196.0,27.0,73.0,9.0
LT05_196027_20030905,2003-09-05,196.0,27.0,81.0,9.0
LT05_196027_20030921,2003-09-21,196.0,27.0,0.0,9.0
LT05_196027_20040212,2004-02-12,196.0,27.0,49.0,9.0
LT05_196027_20040315,2004-03-15,196.0,27.0,21.0,9.0
LT05_196027_20040331,2004-03-31,196.0,27.0,25.0,9.0
LT05_196027_20040416,2004-04-16,196.0,27.0,40.0,9.0
LT05_196027_20040502,2004-05-02,196.0,27.0,87.0,9.0
LT05_196027_20040518,2004-05-18,196.0,27.0,1.0,9.0
LT05_196027_20040705,2004-07-05,196.0,27.0,95.0,9.0
LT05_196027_20040721,2004-07-21,196.0,27.0,23.0,9.0
LT05_196027_20040822,2004-08-22,196.0,27.0,75.0,9.0
LT05_196027_20040907,2004-09-07,196.0,27.0,1.0,9.0
LT05_196027_20041025,2004-10-25,196.0,27.0,91.0,9.0
LT05_196027_20041126,2004-11-26,196.0,27.0,69.0,9.0
LT05_196027_20050113,2005-01-13,196.0,27.0,32.0,7.0
LT05_196027_20050302,2005-03-02,196.0,27.0,13.0,9.0
LT05_196027_20050505,2005-05-05,196.0,27.0,92.0,9.0
LT05_196027_20050622,2005-06-22,196.0,27.0,3.0,9.0
LT05_196027_20050809,2005-08-09,196.0,27.0,4.0,9.0
LT05_196027_20050926,2005-09-26,196.0,27.0,58.0,9.0
LT05_196027_20051012,2005-10-12,196.0,27.0,2.0,9.0
LT05_196027_20051113,2005-11-13,196.0,27.0,48.0,9.0
LT05_196027_20060201,2006-02-01,196.0,27.0,24.0,9.0
LT05_196027_20060305,2006-03-05,196.0,27.0,46.0,9.0
LT05_196027_20060422,2006-04-22,196.0,27.0,35.0,9.0
LT05_196027_20060524,2006-05-24,196.0,27.0,34.0,9.0
LT05_196027_20060609,2006-06-09,196.0,27.0,1.0,9.0
LT05_196027_20060711,2006-07-11,196.0,27.0,2.0,9.0
LT05_196027_20060727,2006-07-27,196.0,27.0,14.0,7.0
LT05_196027_20060812,2006-08-12,196.0,27.0,81.0,5.0
LT05_196027_20060828,2006-08-28,196.0,27.0,94.0,9.0
LT05_196027_20060929,2006-09-29,196.0,27.0,40.0,9.0
LT05_196027_20061015,2006-10-15,196.0,27.0,40.0,9.0
LT05_196027_20061031,2006-10-31,196.0,27.0,100.0,9.0
LT05_196027_20061116,2006-11-16,196.0,27.0,32.0,9.0
LT05_196027_20061202,2006-12-02,196.0,27.0,90.0,9.0
LT05_196027_20061218,2006-12-18,196.0,27.0,52.0,9.0
LT05_196027_20070204,2007-02-04,196.0,27.0,3.0,9.0
LT05_196027_20070220,2007-02-20,196.0,27.0,31.0,9.0
LT05_196027_20070511,2007-05-11,196.0,27.0,94.0,9.0
LT05_196027_20070628,2007-06-28,196.0,27.0,88.0,9.0
LT05_196027_20070730,2007-07-30,196.0,27.0,21.0,9.0
LT05_196027_20070815,2007-08-15,196.0,27.0,13.0,9.0
LT05_196027_20070831,2007-08-31,196.0,27.0,29.0,9.0
LT05_196027_20070916,2007-09-16,196.0,27.0,0.0,9.0
LT05_196027_20080427,2008-04-27,196.0,27.0,20.0,9.0
LT05_196027_20080513,2008-05-13,196.0,27.0,4.0,9.0
LT05_196027_20080614,2008-06-14,196.0,27.0,51.0,9.0
LT05_196027_20080630,2008-06-30,196.0,27.0,32.0,9.0
LT05_196027_20080716,2008-07-16,196.0,27.0,14.0,9.0
LT05_196027_20080902,2008-09-02,196.0,27.0,18.0,9.0
LT05_196027_20081020,2008-10-20,196.0,27.0,45.0,9.0
LT05_196027_20090209,2009-02-09,196.0,27.0,91.0,9.0
LT05_196027_20090516,2009-05-16,196.0,27.0,49.0,9.0
LT05_196027_20090617,2009-06-17,196.0,27.0,0.0,9.0
LT05_196027_20090703,2009-07-03,196.0,27.0,61.0,9.0
LT05_196027_20090719,2009-07-19,196.0,27.0,76.0,9.0
LT05_196027_20090804,2009-08-04,196.0,27.0,18.0,9.0
LT05_196027_20090820,2009-08-20,196.0,27.0,0.0,9.0
LT05_196027_20090905,2009-09-05,196.0,27.0,51.0,9.0
LT05_196027_20090921,2009-09-21,196.0,27.0,45.0,9.0
LT05_196027_20091007,2009-10-07,196.0,27.0,19.0,9.0
LT05_196027_20091108,2009-11-08,196.0,27.0,63.0,9.0
LT05_196027_20100111,2010-01-11,196.0,27.0,32.0,9.0
LT05_196027_20100127,2010-01-27,196.0,27.0,47.0,9.0
LT05_196027_20100212,2010-02-12,196.0,27.0,81.0,9.0
LT05_196027_20100316,2010-03-16,196.0,27.0,54.0,9.0
LT05_196027_20100401,2010-04-01,196.0,27.0,64.0,9.0
LT05_196027_20100417,2010-04-17,196.0,27.0,1.0,9.0
LT05_196027_20100503,2010-05-03,196.0,27.0,80.0,9.0
LT05_196027_20100519,2010-05-19,196.0,27.0,89.0,9.0
LT05_196027_20100604,2010-06-04,196.0,27.0,3.0,9.0
LT05_196027_20100620,2010-06-20,196.0,27.0,80.0,9.0
LT05_196027_20100706,2010-07-06,196.0,27.0,63.0,9.0
LT05_196027_20100807,2010-08-07,196.0,27.0,9.0,9.0
LT05_196027_20100908,2010-09-08,196.0,27.0,68.0,9.0
LT05_196027_20101010,2010-10-10,196.0,27.0,65.0,9.0
LT05_196027_20101026,2010-10-26,196.0,27.0,1.0,9.0
LT05_196027_20101213,2010-12-13,196.0,27.0,30.0,9.0
LT05_196027_20110130,2011-01-30,196.0,27.0,74.0,9.0
LT05_196027_20110303,2011-03-03,196.0,27.0,31.0,9.0
LT05_196027_20110420,2011-04-20,196.0,27.0,5.0,9.0
LT05_196027_20110506,2011-05-06,196.0,27.0,4.0,9.0
LT05_196027_20110522,2011-05-22,196.0,27.0,42.0,9.0
LT05_196027_20110623,2011-06-23,196.0,27.0,88.0,9.0
LT05_196027_20110725,2011-07-25,196.0,27.0,93.0,9.0
LT05_196027_20110810,2011-08-10,196.0,27.0,8.0,7.0
LT05_196027_20110826,2011-08-26,196.0,27.0,36.0,9.0
LT05_196027_20110911,2011-09-11,196.0,27.0,62.0,9.0
LT05_196027_20110927,2011-09-27,196.0,27.0,12.0,9.0
LT05_196027_20111013,2011-10-13,196.0,27.0,81.0,9.0
LT05_196027_20111029,2011-10-29,196.0,27.0,78.0,9.0
LT05_196027_20111114,2011-11-14,196.0,27.0,66.0,9.0
LT05_197021_20010314,2001-03-14,197.0,21.0,78.0,9.0
LT05_197022_20000514,2000-05-14,197.0,22.0,0.0,9.0
LT05_197022_20000530,2000-05-30,197.0,22.0,25.0,9.0
LT05_197022_20000615,2000-06-15,197.0,22.0,32.0,9.0
LT05_197022_20000903,2000-09-03,197.0,22.0,65.0,9.0
LT05_197022_20010210,2001-02-10,197.0,22.0,25.0,9.0
LT05_197022_20010226,2001-02-26,197.0,22.0,33.0,9.0
LT05_197022_20010618,2001-06-18,197.0,22.0,27.0,9.0
LT05_197022_20010704,2001-07-04,197.0,22.0,1.0,9.0
LT05_197022_20020213,2002-02-13,197.0,22.0,13.0,9.0
LT05_197022_20020301,2002-03-01,197.0,22.0,34.0,9.0
LT05_197022_20020520,2002-05-20,197.0,22.0,42.0,9.0
LT05_197022_20020605,2002-06-05,197.0,22.0,84.0,9.0
LT05_197022_20030624,2003-06-24,197.0,22.0,78.0,9.0
LT05_197022_20030710,2003-07-10,197.0,22.0,6.0,9.0
LT05_197022_20030726,2003-07-26,197.0,22.0,30.0,9.0
LT05_197022_20030811,2003-08-11,197.0,22.0,0.0,9.0
LT05_197022_20030928,2003-09-28,197.0,22.0,62.0,9.0
LT05_197022_20031014,2003-10-14,197.0,22.0,1.0,9.0
LT05_197022_20040219,2004-02-19,197.0,22.0,13.0,9.0
LT05_197022_20040322,2004-03-22,197.0,22.0,60.0,9.0
LT05_197022_20040423,2004-04-23,197.0,22.0,26.0,9.0
LT05_197022_20040509,2004-05-09,197.0,22.0,56.0,9.0
LT05_197022_20040525,2004-05-25,197.0,22.0,77.0,9.0
LT05_197022_20040610,2004-06-10,197.0,22.0,15.0,9.0
LT05_197022_20040712,2004-07-12,197.0,22.0,87.0,9.0
LT05_197022_20040829,2004-08-29,197.0,22.0,75.0,9.0
LT05_197022_20040914,2004-09-14,197.0,22.0,34.0,9.0
LT05_197022_20041101,2004-11-01,197.0,22.0,87.0,9.0
LT05_197022_20050309,2005-03-09,197.0,22.0,37.0,7.0
LT05_197022_20050528,2005-05-28,197.0,22.0,15.0,9.0
LT05_197022_20050613,2005-06-13,197.0,22.0,78.0,9.0
LT05_197022_20050629,2005-06-29,197.0,22.0,56.0,9.0
LT05_197022_20050715,2005-07-15,197.0,22.0,83.0,9.0
LT05_197022_20050901,2005-09-01,197.0,22.0,2.0,9.0
LT05_197022_20050917,2005-09-17,197.0,22.0,31.0,9.0
LT05_197022_20051019,2005-10-19,197.0,22.0,27.0,9.0
LT05_197022_20060208,2006-02-08,197.0,22.0,65.0,9.0
LT05_197022_20060413,2006-04-13,197.0,22.0,67.0,9.0
LT05_197022_20060515,2006-05-15,197.0,22.0,95.0,9.0
LT05_197022_20060531,2006-05-31,197.0,22.0,71.0,9.0
LT05_197022_20060702,2006-07-02,197.0,22.0,0.0,9.0
LT05_197022_20060718,2006-07-18,197.0,22.0,0.0,9.0
LT05_197022_20060803,2006-08-03,197.0,22.0,93.0,9.0
LT05_197022_20060819,2006-08-19,197.0,22.0,33.0,9.0
LT05_197022_20060920,2006-09-20,197.0,22.0,57.0,9.0
LT05_197022_20061022,2006-10-22,197.0,22.0,51.0,9.0
LT05_197022_20061107,2006-11-07,197.0,22.0,32.0,9.0
LT05_197022_20070227,2007-02-27,197.0,22.0,94.0,9.0
LT05_197022_20070331,2007-03-31,197.0,22.0,0.0,9.0
LT05_197022_20070416,2007-04-16,197.0,22.0,0.0,9.0
LT05_197022_20070502,2007-05-02,197.0,22.0,54.0,9.0
LT05_197022_20070619,2007-06-19,197.0,22.0,36.0,9.0
LT05_197022_20070705,2007-07-05,197.0,22.0,30.0,9.0
LT05_197022_20070721,2007-07-21,197.0,22.0,24.0,9.0
LT05_197022_20070822,2007-08-22,197.0,22.0,73.0,9.0
LT05_197022_20070907,2007-09-07,197.0,22.0,37.0,9.0
LT05_197022_20070923,2007-09-23,197.0,22.0,32.0,9.0
LT05_197022_20080504,2008-05-04,197.0,22.0,3.0,9.0
LT05_197022_20080605,2008-06-05,197.0,22.0,5.0,9.0
LT05_197022_20080824,2008-08-24,197.0,22.0,76.0,9.0
LT05_197022_20080909,2008-09-09,197.0,22.0,76.0,9.0
LT05_197022_20090523,2009-05-23,197.0,22.0,5.0,9.0
LT05_197022_20090624,2009-06-24,197.0,22.0,30.0,9.0
LT05_197022_20090726,2009-07-26,197.0,22.0,15.0,9.0
LT05_197022_20090827,2009-08-27,197.0,22.0,92.0,9.0
LT05_197022_20090912,2009-09-12,197.0,22.0,52.0,9.0
LT05_197022_20091014,2009-10-14,197.0,22.0,2.0,9.0
LT05_197022_20091030,2009-10-30,197.0,22.0,83.0,9.0
LT05_197022_20091115,2009-11-15,197.0,22.0,38.0,9.0
LT05_197022_20100424,2010-04-24,197.0,22.0,32.0,9.0
LT05_197022_20100510,2010-05-10,197.0,22.0,70.0,9.0
LT05_197022_20100627,2010-06-27,197.0,22.0,2.0,9.0
LT05_197022_20101001,2010-10-01,197.0,22.0,81.0,9.0
LT05_197022_20101017,2010-10-17,197.0,22.0,3.0,9.0
LT05_197022_20110222,2011-02-22,197.0,22.0,36.0,9.0
LT05_197022_20110411,2011-04-11,197.0,22.0,3.0,9.0
LT05_197022_20110513,2011-05-13,197.0,22.0,22.0,9.0
LT05_197022_20110614,2011-06-14,197.0,22.0,50.0,9.0
LT05_197022_20110817,2011-08-17,197.0,22.0,36.0,9.0
LT05_197022_20110902,2011-09-02,197.0,22.0,47.0,9.0
LT05_197022_20111004,2011-10-04,197.0,22.0,54.0,7.0
LT05_197022_20111020,2011-10-20,197.0,22.0,40.0,9.0
LT05_197023_20000514,2000-05-14,197.0,23.0,0.0,9.0
LT05_197023_20000530,2000-05-30,197.0,23.0,53.0,9.0
LT05_197023_20000615,2000-06-15,197.0,23.0,55.0,9.0
LT05_197023_20000818,2000-08-18,197.0,23.0,13.0,9.0
LT05_197023_20010210,2001-02-10,197.0,23.0,12.0,9.0
LT05_197023_20010226,2001-02-26,197.0,23.0,49.0,9.0
LT05_197023_20010704,2001-07-04,197.0,23.0,0.0,9.0
LT05_197023_20011109,2001-11-09,197.0,23.0,40.0,9.0
LT05_197023_20020128,2002-01-28,197.0,23.0,64.0,9.0
LT05_197023_20020213,2002-02-13,197.0,23.0,53.0,9.0
LT05_197023_20020301,2002-03-01,197.0,23.0,46.0,9.0
LT05_197023_20020317,2002-03-17,197.0,23.0,46.0,9.0
LT05_197023_20020520,2002-05-20,197.0,23.0,47.0,9.0
LT05_197023_20020605,2002-06-05,197.0,23.0,83.0,9.0
LT05_197023_20030624,2003-06-24,197.0,23.0,57.0,9.0
LT05_197023_20030710,2003-07-10,197.0,23.0,21.0,9.0
LT05_197023_20030726,2003-07-26,197.0,23.0,48.0,9.0
LT05_197023_20030827,2003-08-27,197.0,23.0,95.0,9.0
LT05_197023_20030912,2003-09-12,197.0,23.0,88.0,9.0
LT05_197023_20030928,2003-09-28,197.0,23.0,91.0,9.0
LT05_197023_20031014,2003-10-14,197.0,23.0,5.0,9.0
LT05_197023_20040219,2004-02-19,197.0,23.0,42.0,9.0
LT05_197023_20040423,2004-04-23,197.0,23.0,31.0,9.0
LT05_197023_20040525,2004-05-25,197.0,23.0,88.0,9.0
LT05_197023_20040610,2004-06-10,197.0,23.0,77.0,9.0
LT05_197023_20040626,2004-06-26,197.0,23.0,42.0,9.0
LT05_197023_20040728,2004-07-28,197.0,23.0,54.0,9.0
LT05_197023_20040829,2004-08-29,197.0,23.0,65.0,9.0
LT05_197023_20040914,2004-09-14,197.0,23.0,20.0,9.0
LT05_197023_20041101,2004-11-01,197.0,23.0,83.0,9.0
LT05_197023_20050221,2005-02-21,197.0,23.0,81.0,9.0
LT05_197023_20050309,2005-03-09,197.0,23.0,84.0,9.0
LT05_197023_20050528,2005-05-28,197.0,23.0,2.0,9.0
LT05_197023_20050613,2005-06-13,197.0,23.0,70.0,9.0
LT05_197023_20050629,2005-06-29,197.0,23.0,92.0,9.0
LT05_197023_20050715,2005-07-15,197.0,23.0,90.0,9.0
LT05_197023_20050816,2005-08-16,197.0,23.0,63.0,9.0
LT05_197023_20050901,2005-09-01,197.0,23.0,14.0,9.0
LT05_197023_20050917,2005-09-17,197.0,23.0,38.0,9.0
LT05_197023_20051019,2005-10-19,197.0,23.0,90.0,9.0
LT05_197023_20060208,2006-02-08,197.0,23.0,73.0,9.0
LT05_197023_20060429,2006-04-29,197.0,23.0,74.0,9.0
LT05_197023_20060515,2006-05-15,197.0,23.0,100.0,9.0
LT05_197023_20060702,2006-07-02,197.0,23.0,7.0,9.0
LT05_197023_20060718,2006-07-18,197.0,23.0,1.0,9.0
LT05_197023_20060803,2006-08-03,197.0,23.0,87.0,9.0
LT05_197023_20060819,2006-08-19,197.0,23.0,6.0,9.0
LT05_197023_20061022,2006-10-22,197.0,23.0,91.0,9.0
LT05_197023_20070227,2007-02-27,197.0,23.0,100.0,9.0
LT05_197023_20070331,2007-03-31,197.0,23.0,1.0,9.0
LT05_197023_20070416,2007-04-16,197.0,23.0,0.0,9.0
LT05_197023_20070518,2007-05-18,197.0,23.0,53.0,9.0
LT05_197023_20070619,2007-06-19,197.0,23.0,27.0,9.0
LT05_197023_20070705,2007-07-05,197.0,23.0,46.0,9.0
LT05_197023_20070721,2007-07-21,197.0,23.0,15.0,9.0
LT05_197023_20070822,2007-08-22,197.0,23.0,51.0,9.0
LT05_197023_20070907,2007-09-07,197.0,23.0,60.0,9.0
LT05_197023_20080317,2008-03-17,197.0,23.0,85.0,9.0
LT05_197023_20080504,2008-05-04,197.0,23.0,4.0,9.0
LT05_197023_20080707,2008-07-07,197.0,23.0,79.0,9.0
LT05_197023_20080808,2008-08-08,197.0,23.0,80.0,9.0
LT05_197023_20080824,2008-08-24,197.0,23.0,90.0,9.0
LT05_197023_20080909,2008-09-09,197.0,23.0,5.0,9.0
LT05_197023_20090523,2009-05-23,197.0,23.0,16.0,9.0
LT05_197023_20090608,2009-06-08,197.0,23.0,73.0,9.0
LT05_197023_20090624,2009-06-24,197.0,23.0,22.0,9.0
LT05_197023_20090726,2009-07-26,197.0,23.0,43.0,9.0
LT05_197023_20090811,2009-08-11,197.0,23.0,80.0,9.0
LT05_197023_20090827,2009-08-27,197.0,23.0,80.0,9.0
LT05_197023_20090912,2009-09-12,197.0,23.0,79.0,9.0
LT05_197023_20091014,2009-10-14,197.0,23.0,8.0,9.0
LT05_197023_20100203,2010-02-03,197.0,23.0,15.0,9.0
LT05_197023_20100424,2010-04-24,197.0,23.0,36.0,9.0
LT05_197023_20100510,2010-05-10,197.0,23.0,91.0,9.0
LT05_197023_20100627,2010-06-27,197.0,23.0,0.0,9.0
LT05_197023_20100814,2010-08-14,197.0,23.0,27.0,9.0
LT05_197023_20101017,2010-10-17,197.0,23.0,12.0,9.0
LT05_197023_20110222,2011-02-22,197.0,23.0,5.0,9.0
LT05_197023_20110326,2011-03-26,197.0,23.0,76.0,9.0
LT05_197023_20110411,2011-04-11,197.0,23.0,5.0,9.0
LT05_197023_20110427,2011-04-27,197.0,23.0,77.0,9.0
LT05_197023_20110513,2011-05-13,197.0,23.0,60.0,9.0
LT05_197023_20110614,2011-06-14,197.0,23.0,68.0,9.0
LT05_197023_20110801,2011-08-01,197.0,23.0,77.0,9.0
LT05_197023_20110817,2011-08-17,197.0,23.0,40.0,9.0
LT05_197023_20110902,2011-09-02,197.0,23.0,12.0,9.0
LT05_197023_20111020,2011-10-20,197.0,23.0,26.0,9.0
LT05_197024_20000514,2000-05-14,197.0,24.0,0.0,9.0
LT05_197024_20000530,2000-05-30,197.0,24.0,95.0,9.0
LT05_197024_20000615,2000-06-15,197.0,24.0,88.0,9.0
LT05_197024_20000919,2000-09-19,197.0,24.0,0.0,9.0
LT05_197024_20001122,2000-11-22,197.0,24.0,78.0,9.0
LT05_197024_20010226,2001-02-26,197.0,24.0,69.0,9.0
LT05_197024_20010805,2001-08-05,197.0,24.0,74.0,9.0
LT05_197024_20010821,2001-08-21,197.0,24.0,10.0,9.0
LT05_197024_20010922,2001-09-22,197.0,24.0,77.0,9.0
LT05_197024_20011109,2001-11-09,197.0,24.0,20.0,9.0
LT05_197024_20020213,2002-02-13,197.0,24.0,82.0,7.0
LT05_197024_20020317,2002-03-17,197.0,24.0,51.0,9.0
LT05_197024_20020520,2002-05-20,197.0,24.0,38.0,9.0
LT05_197024_20030624,2003-06-24,197.0,24.0,55.0,9.0
LT05_197024_20030710,2003-07-10,197.0,24.0,3.0,9.0
LT05_197024_20030726,2003-07-26,197.0,24.0,79.0,9.0
LT05_197024_20030811,2003-08-11,197.0,24.0,3.0,9.0
LT05_197024_20030827,2003-08-27,197.0,24.0,95.0,9.0
LT05_197024_20030912,2003-09-12,197.0,24.0,71.0,9.0
LT05_197024_20030928,2003-09-28,197.0,24.0,92.0,9.0
LT05_197024_20031014,2003-10-14,197.0,24.0,31.0,9.0
LT05_197024_20040118,2004-01-18,197.0,24.0,72.0,9.0
LT05_197024_20040203,2004-02-03,197.0,24.0,100.0,9.0
LT05_197024_20040423,2004-04-23,197.0,24.0,35.0,9.0
LT05_197024_20040610,2004-06-10,197.0,24.0,89.0,9.0
LT05_197024_20040626,2004-06-26,197.0,24.0,44.0,9.0
LT05_197024_20040728,2004-07-28,197.0,24.0,25.0,9.0
LT05_197024_20040813,2004-08-13,197.0,24.0,84.0,9.0
LT05_197024_20040829,2004-08-29,197.0,24.0,65.0,9.0
LT05_197024_20040914,2004-09-14,197.0,24.0,29.0,9.0
LT05_197024_20040930,2004-09-30,197.0,24.0,49.0,9.0
LT05_197024_20041016,2004-10-16,197.0,24.0,86.0,9.0
LT05_197024_20041101,2004-11-01,197.0,24.0,0.0,9.0
LT05_197024_20050205,2005-02-05,197.0,24.0,23.0,9.0
LT05_197024_20050221,2005-02-21,197.0,24.0,72.0,9.0
LT05_197024_20050325,2005-03-25,197.0,24.0,81.0,9.0
LT05_197024_20050512,2005-05-12,197.0,24.0,48.0,9.0
LT05_197024_20050528,2005-05-28,197.0,24.0,0.0,9.0
LT05_197024_20050613,2005-06-13,197.0,24.0,73.0,9.0
LT05_197024_20050629,2005-06-29,197.0,24.0,84.0,9.0
LT05_197024_20050715,2005-07-15,197.0,24.0,87.0,9.0
LT05_197024_20050901,2005-09-01,197.0,24.0,28.0,9.0
LT05_197024_20050917,2005-09-17,197.0,24.0,40.0,9.0
LT05_197024_20051019,2005-10-19,197.0,24.0,29.0,9.0
LT05_197024_20060429,2006-04-29,197.0,24.0,72.0,9.0
LT05_197024_20060515,2006-05-15,197.0,24.0,100.0,9.0
LT05_197024_20060616,2006-06-16,197.0,24.0,73.0,9.0
LT05_197024_20060702,2006-07-02,197.0,24.0,7.0,9.0
LT05_197024_20060718,2006-07-18,197.0,24.0,0.0,9.0
LT05_197024_20060803,2006-08-03,197.0,24.0,79.0,9.0
LT05_197024_20060819,2006-08-19,197.0,24.0,45.0,9.0
LT05_197024_20061022,2006-10-22,197.0,24.0,87.0,9.0
LT05_197024_20070416,2007-04-16,197.0,24.0,0.0,9.0
LT05_197024_20070518,2007-05-18,197.0,24.0,54.0,7.0
LT05_197024_20070619,2007-06-19,197.0,24.0,20.0,9.0
LT05_197024_20070705,2007-07-05,197.0,24.0,83.0,9.0
LT05_197024_20070721,2007-07-21,197.0,24.0,26.0,7.0
LT05_197024_20070806,2007-08-06,197.0,24.0,18.0,9.0
LT05_197024_20070907,2007-09-07,197.0,24.0,86.0,9.0
LT05_197024_20080504,2008-05-04,197.0,24.0,2.0,9.0
LT05_197024_20080520,2008-05-20,197.0,24.0,14.0,9.0
LT05_197024_20080621,2008-06-21,197.0,24.0,55.0,9.0
LT05_197024_20080808,2008-08-08,197.0,24.0,71.0,9.0
LT05_197024_20080909,2008-09-09,197.0,24.0,1.0,9.0
LT05_197024_20090523,2009-05-23,197.0,24.0,14.0,9.0
LT05_197024_20090608,2009-06-08,197.0,24.0,55.0,9.0
LT05_197024_20090624,2009-06-24,197.0,24.0,0.0,9.0
LT05_197024_20090726,2009-07-26,197.0,24.0,45.0,9.0
LT05_197024_20090827,2009-08-27,197.0,24.0,50.0,9.0
LT05_197024_20090912,2009-09-12,197.0,24.0,71.0,9.0
LT05_197024_20090928,2009-09-28,197.0,24.0,100.0,9.0
LT05_197024_20091014,2009-10-14,197.0,24.0,29.0,9.0
LT05_197024_20091030,2009-10-30,197.0,24.0,44.0,9.0
LT05_197024_20100219,2010-02-19,197.0,24.0,96.0,9.0
LT05_197024_20100424,2010-04-24,197.0,24.0,27.0,9.0
LT05_197024_20100611,2010-06-11,197.0,24.0,43.0,9.0
LT05_197024_20100627,2010-06-27,197.0,24.0,1.0,9.0
LT05_197024_20100814,2010-08-14,197.0,24.0,6.0,9.0
LT05_197024_20100915,2010-09-15,197.0,24.0,34.0,9.0
LT05_197024_20101001,2010-10-01,197.0,24.0,26.0,9.0
LT05_197024_20101017,2010-10-17,197.0,24.0,62.0,9.0
LT05_197024_20101118,2010-11-18,197.0,24.0,86.0,9.0
LT05_197024_20110326,2011-03-26,197.0,24.0,96.0,9.0
LT05_197024_20110411,2011-04-11,197.0,24.0,29.0,9.0
LT05_197024_20110427,2011-04-27,197.0,24.0,91.0,9.0
LT05_197024_20110513,2011-05-13,197.0,24.0,80.0,9.0
LT05_197024_20110529,2011-05-29,197.0,24.0,83.0,9.0
LT05_197024_20110614,2011-06-14,197.0,24.0,77.0,9.0
LT05_197024_20110630,2011-06-30,197.0,24.0,46.0,9.0
LT05_197024_20110801,2011-08-01,197.0,24.0,31.0,9.0
LT05_197024_20110817,2011-08-17,197.0,24.0,55.0,9.0
LT05_197024_20110902,2011-09-02,197.0,24.0,10.0,9.0
LT05_197024_20111004,2011-10-04,197.0,24.0,98.0,7.0
LT05_197024_20111020,2011-10-20,197.0,24.0,46.0,9.0
LT05_197025_20000107,2000-01-07,197.0,25.0,63.0,9.0
LT05_197025_20000514,2000-05-14,197.0,25.0,5.0,9.0
LT05_197025_20000818,2000-08-18,197.0,25.0,66.0,9.0
LT05_197025_20000919,2000-09-19,197.0,25.0,4.0,9.0
LT05_197025_20001122,2000-11-22,197.0,25.0,86.0,9.0
LT05_197025_20001208,2000-12-08,197.0,25.0,72.0,9.0
LT05_197025_20010125,2001-01-25,197.0,25.0,95.0,9.0
LT05_197025_20010210,2001-02-10,197.0,25.0,59.0,9.0
LT05_197025_20010314,2001-03-14,197.0,25.0,83.0,9.0
LT05_197025_20010805,2001-08-05,197.0,25.0,79.0,9.0
LT05_197025_20010821,2001-08-21,197.0,25.0,25.0,9.0
LT05_197025_20010922,2001-09-22,197.0,25.0,49.0,9.0
LT05_197025_20011109,2001-11-09,197.0,25.0,81.0,9.0
LT05_197025_20011211,2001-12-11,197.0,25.0,45.0,9.0
LT05_197025_20020317,2002-03-17,197.0,25.0,8.0,9.0
LT05_197025_20020520,2002-05-20,197.0,25.0,54.0,9.0
LT05_197025_20030624,2003-06-24,197.0,25.0,25.0,9.0
LT05_197025_20030710,2003-07-10,197.0,25.0,1.0,9.0
LT05_197025_20030726,2003-07-26,197.0,25.0,81.0,9.0
LT05_197025_20030811,2003-08-11,197.0,25.0,0.0,9.0
LT05_197025_20030827,2003-08-27,197.0,25.0,83.0,9.0
LT05_197025_20030912,2003-09-12,197.0,25.0,66.0,9.0
LT05_197025_20030928,2003-09-28,197.0,25.0,83.0,9.0
LT05_197025_20031014,2003-10-14,197.0,25.0,26.0,9.0
LT05_197025_20040118,2004-01-18,197.0,25.0,85.0,9.0
LT05_197025_20040203,2004-02-03,197.0,25.0,79.0,9.0
LT05_197025_20040322,2004-03-22,197.0,25.0,81.0,9.0
LT05_197025_20040423,2004-04-23,197.0,25.0,38.0,9.0
LT05_197025_20040525,2004-05-25,197.0,25.0,22.0,9.0
LT05_197025_20040610,2004-06-10,197.0,25.0,79.0,9.0
LT05_197025_20040626,2004-06-26,197.0,25.0,65.0,9.0
LT05_197025_20040728,2004-07-28,197.0,25.0,3.0,9.0
LT05_197025_20040813,2004-08-13,197.0,25.0,82.0,9.0
LT05_197025_20040829,2004-08-29,197.0,25.0,78.0,9.0
LT05_197025_20040914,2004-09-14,197.0,25.0,58.0,9.0
LT05_197025_20041203,2004-12-03,197.0,25.0,45.0,9.0
LT05_197025_20041219,2004-12-19,197.0,25.0,92.0,9.0
LT05_197025_20050104,2005-01-04,197.0,25.0,47.0,9.0
LT05_197025_20050205,2005-02-05,197.0,25.0,51.0,9.0
LT05_197025_20050221,2005-02-21,197.0,25.0,72.0,9.0
LT05_197025_20050325,2005-03-25,197.0,25.0,74.0,9.0
LT05_197025_20050512,2005-05-12,197.0,25.0,5.0,9.0
LT05_197025_20050528,2005-05-28,197.0,25.0,0.0,9.0
LT05_197025_20050613,2005-06-13,197.0,25.0,45.0,9.0
LT05_197025_20050629,2005-06-29,197.0,25.0,44.0,9.0
LT05_197025_20050715,2005-07-15,197.0,25.0,68.0,9.0
LT05_197025_20050731,2005-07-31,197.0,25.0,89.0,9.0
LT05_197025_20050816,2005-08-16,197.0,25.0,78.0,9.0
LT05_197025_20050901,2005-09-01,197.0,25.0,69.0,9.0
LT05_197025_20050917,2005-09-17,197.0,25.0,55.0,9.0
LT05_197025_20051104,2005-11-04,197.0,25.0,100.0,9.0
LT05_197025_20051120,2005-11-20,197.0,25.0,89.0,9.0
LT05_197025_20060429,2006-04-29,197.0,25.0,58.0,9.0
LT05_197025_20060515,2006-05-15,197.0,25.0,82.0,9.0
LT05_197025_20060616,2006-06-16,197.0,25.0,42.0,9.0
LT05_197025_20060702,2006-07-02,197.0,25.0,2.0,9.0
LT05_197025_20060718,2006-07-18,197.0,25.0,0.0,9.0
LT05_197025_20060803,2006-08-03,197.0,25.0,82.0,9.0
LT05_197025_20060819,2006-08-19,197.0,25.0,66.0,9.0
LT05_197025_20060904,2006-09-04,197.0,25.0,62.0,9.0
LT05_197025_20061022,2006-10-22,197.0,25.0,99.0,9.0
LT05_197025_20061107,2006-11-07,197.0,25.0,35.0,9.0
LT05_197025_20070126,2007-01-26,197.0,25.0,82.0,9.0
LT05_197025_20070211,2007-02-11,197.0,25.0,98.0,7.0
LT05_197025_20070315,2007-03-15,197.0,25.0,0.0,9.0
LT05_197025_20070416,2007-04-16,197.0,25.0,0.0,9.0
LT05_197025_20070518,2007-05-18,197.0,25.0,71.0,7.0
LT05_197025_20070619,2007-06-19,197.0,25.0,40.0,9.0
LT05_197025_20070806,2007-08-06,197.0,25.0,20.0,9.0
LT05_197025_20070907,2007-09-07,197.0,25.0,99.0,9.0
LT05_197025_20080504,2008-05-04,197.0,25.0,18.0,9.0
LT05_197025_20080520,2008-05-20,197.0,25.0,28.0,9.0
LT05_197025_20080621,2008-06-21,197.0,25.0,65.0,9.0
LT05_197025_20080723,2008-07-23,197.0,25.0,57.0,9.0
LT05_197025_20080808,2008-08-08,197.0,25.0,72.0,9.0
LT05_197025_20090523,2009-05-23,197.0,25.0,1.0,9.0
LT05_197025_20090608,2009-06-08,197.0,25.0,65.0,9.0
LT05_197025_20090624,2009-06-24,197.0,25.0,0.0,9.0
LT05_197025_20090710,2009-07-10,197.0,25.0,96.0,9.0
LT05_197025_20090726,2009-07-26,197.0,25.0,75.0,9.0
LT05_197025_20090827,2009-08-27,197.0,25.0,21.0,9.0
LT05_197025_20090912,2009-09-12,197.0,25.0,66.0,9.0
LT05_197025_20090928,2009-09-28,197.0,25.0,83.0,9.0
LT05_197025_20091014,2009-10-14,197.0,25.0,23.0,9.0
LT05_197025_20091030,2009-10-30,197.0,25.0,52.0,9.0
LT05_197025_20100203,2010-02-03,197.0,25.0,91.0,9.0
LT05_197025_20100424,2010-04-24,197.0,25.0,11.0,9.0
LT05_197025_20100510,2010-05-10,197.0,25.0,83.0,9.0
LT05_197025_20100611,2010-06-11,197.0,25.0,4.0,9.0
LT05_197025_20100627,2010-06-27,197.0,25.0,6.0,9.0
LT05_197025_20100814,2010-08-14,197.0,25.0,36.0,9.0
LT05_197025_20100915,2010-09-15,197.0,25.0,55.0,9.0
LT05_197025_20101001,2010-10-01,197.0,25.0,65.0,9.0
LT05_197025_20101118,2010-11-18,197.0,25.0,89.0,9.0
LT05_197025_20101204,2010-12-04,197.0,25.0,76.0,9.0
LT05_197025_20110222,2011-02-22,197.0,25.0,14.0,9.0
LT05_197025_20110310,2011-03-10,197.0,25.0,100.0,9.0
LT05_197025_20110411,2011-04-11,197.0,25.0,30.0,9.0
LT05_197025_20110427,2011-04-27,197.0,25.0,96.0,9.0
LT05_197025_20110513,2011-05-13,197.0,25.0,39.0,9.0
LT05_197025_20110529,2011-05-29,197.0,25.0,27.0,9.0
LT05_197025_20110614,2011-06-14,197.0,25.0,76.0,9.0
LT05_197025_20110630,2011-06-30,197.0,25.0,29.0,9.0
LT05_197025_20110801,2011-08-01,197.0,25.0,49.0,9.0
LT05_197025_20110817,2011-08-17,197.0,25.0,18.0,9.0
LT05_197025_20110902,2011-09-02,197.0,25.0,4.0,9.0
LT05_197025_20111004,2011-10-04,197.0,25.0,63.0,7.0
LT05_197025_20111020,2011-10-20,197.0,25.0,57.0,9.0
LT05_197026_20000919,2000-09-19,197.0,26.0,1.0,9.0
LT05_197026_20001208,2000-12-08,197.0,26.0,76.0,9.0
LT05_197026_20010125,2001-01-25,197.0,26.0,98.0,9.0
LT05_197026_20010210,2001-02-10,197.0,26.0,92.0,9.0
LT05_197026_20010226,2001-02-26,197.0,26.0,56.0,9.0
LT05_197026_20010821,2001-08-21,197.0,26.0,25.0,9.0
LT05_197026_20010922,2001-09-22,197.0,26.0,32.0,9.0
LT05_197026_20011109,2001-11-09,197.0,26.0,78.0,9.0
LT05_197026_20011211,2001-12-11,197.0,26.0,5.0,9.0
LT05_197026_20020112,2002-01-12,197.0,26.0,61.0,9.0
LT05_197026_20020128,2002-01-28,197.0,26.0,90.0,9.0
LT05_197026_20020301,2002-03-01,197.0,26.0,39.0,9.0
LT05_197026_20020520,2002-05-20,197.0,26.0,48.0,9.0
LT05_197026_20020605,2002-06-05,197.0,26.0,53.0,9.0
LT05_197026_20030624,2003-06-24,197.0,26.0,12.0,9.0
LT05_197026_20030710,2003-07-10,197.0,26.0,5.0,9.0
LT05_197026_20030726,2003-07-26,197.0,26.0,91.0,9.0
LT05_197026_20030811,2003-08-11,197.0,26.0,1.0,9.0
LT05_197026_20030827,2003-08-27,197.0,26.0,13.0,9.0
LT05_197026_20030912,2003-09-12,197.0,26.0,82.0,9.0
LT05_197026_20030928,2003-09-28,197.0,26.0,70.0,9.0
LT05_197026_20031014,2003-10-14,197.0,26.0,36.0,9.0
LT05_197026_20040102,2004-01-02,197.0,26.0,78.0,7.0
LT05_197026_20040203,2004-02-03,197.0,26.0,70.0,9.0
LT05_197026_20040219,2004-02-19,197.0,26.0,30.0,9.0
LT05_197026_20040322,2004-03-22,197.0,26.0,80.0,9.0
LT05_197026_20040423,2004-04-23,197.0,26.0,54.0,9.0
LT05_197026_20040525,2004-05-25,197.0,26.0,5.0,9.0
LT05_197026_20040610,2004-06-10,197.0,26.0,47.0,9.0
LT05_197026_20040626,2004-06-26,197.0,26.0,66.0,9.0
LT05_197026_20040728,2004-07-28,197.0,26.0,0.0,9.0
LT05_197026_20040813,2004-08-13,197.0,26.0,80.0,9.0
LT05_197026_20040829,2004-08-29,197.0,26.0,84.0,9.0
LT05_197026_20040914,2004-09-14,197.0,26.0,76.0,9.0
LT05_197026_20040930,2004-09-30,197.0,26.0,92.0,9.0
LT05_197026_20041016,2004-10-16,197.0,26.0,91.0,9.0
LT05_197026_20050104,2005-01-04,197.0,26.0,68.0,9.0
LT05_197026_20050512,2005-05-12,197.0,26.0,0.0,9.0
LT05_197026_20050528,2005-05-28,197.0,26.0,0.0,9.0
LT05_197026_20050613,2005-06-13,197.0,26.0,37.0,9.0
LT05_197026_20050629,2005-06-29,197.0,26.0,42.0,9.0
LT05_197026_20050715,2005-07-15,197.0,26.0,12.0,9.0
LT05_197026_20050731,2005-07-31,197.0,26.0,60.0,9.0
LT05_197026_20050816,2005-08-16,197.0,26.0,47.0,9.0
LT05_197026_20050901,2005-09-01,197.0,26.0,79.0,9.0
LT05_197026_20050917,2005-09-17,197.0,26.0,39.0,9.0
LT05_197026_20051019,2005-10-19,197.0,26.0,81.0,9.0
LT05_197026_20051120,2005-11-20,197.0,26.0,87.0,9.0
LT05_197026_20060429,2006-04-29,197.0,26.0,48.0,9.0
LT05_197026_20060515,2006-05-15,197.0,26.0,87.0,9.0
LT05_197026_20060616,2006-06-16,197.0,26.0,68.0,9.0
LT05_197026_20060702,2006-07-02,197.0,26.0,0.0,9.0
LT05_197026_20060718,2006-07-18,197.0,26.0,0.0,9.0
LT05_197026_20060803,2006-08-03,197.0,26.0,80.0,9.0
LT05_197026_20060819,2006-08-19,197.0,26.0,73.0,9.0
LT05_197026_20060904,2006-09-04,197.0,26.0,64.0,9.0
LT05_197026_20060920,2006-09-20,197.0,26.0,40.0,9.0
LT05_197026_20061022,2006-10-22,197.0,26.0,82.0,9.0
LT05_197026_20061107,2006-11-07,197.0,26.0,49.0,9.0
LT05_197026_20070110,2007-01-10,197.0,26.0,97.0,9.0
LT05_197026_20070126,2007-01-26,197.0,26.0,38.0,9.0
LT05_197026_20070315,2007-03-15,197.0,26.0,0.0,9.0
LT05_197026_20070416,2007-04-16,197.0,26.0,0.0,9.0
LT05_197026_20070619,2007-06-19,197.0,26.0,13.0,9.0
LT05_197026_20070806,2007-08-06,197.0,26.0,36.0,9.0
LT05_197026_20080504,2008-05-04,197.0,26.0,42.0,9.0
LT05_197026_20080520,2008-05-20,197.0,26.0,31.0,9.0
LT05_197026_20080621,2008-06-21,197.0,26.0,37.0,9.0
LT05_197026_20080723,2008-07-23,197.0,26.0,5.0,9.0
LT05_197026_20080808,2008-08-08,197.0,26.0,79.0,9.0
LT05_197026_20080824,2008-08-24,197.0,26.0,83.0,9.0
LT05_197026_20080909,2008-09-09,197.0,26.0,0.0,9.0
LT05_197026_20090523,2009-05-23,197.0,26.0,11.0,9.0
LT05_197026_20090608,2009-06-08,197.0,26.0,95.0,7.0
LT05_197026_20090624,2009-06-24,197.0,26.0,8.0,9.0
LT05_197026_20090710,2009-07-10,197.0,26.0,84.0,9.0
LT05_197026_20090726,2009-07-26,197.0,26.0,12.0,9.0
LT05_197026_20090827,2009-08-27,197.0,26.0,5.0,7.0
LT05_197026_20090912,2009-09-12,197.0,26.0,6.0,7.0
LT05_197026_20090928,2009-09-28,197.0,26.0,53.0,9.0
LT05_197026_20091014,2009-10-14,197.0,26.0,12.0,9.0
LT05_197026_20100118,2010-01-18,197.0,26.0,88.0,9.0
LT05_197026_20100307,2010-03-07,197.0,26.0,2.0,9.0
LT05_197026_20100424,2010-04-24,197.0,26.0,0.0,9.0
LT05_197026_20100510,2010-05-10,197.0,26.0,79.0,9.0
LT05_197026_20100611,2010-06-11,197.0,26.0,16.0,9.0
LT05_197026_20100627,2010-06-27,197.0,26.0,1.0,9.0
LT05_197026_20100814,2010-08-14,197.0,26.0,80.0,9.0
LT05_197026_20101001,2010-10-01,197.0,26.0,78.0,9.0
LT05_197026_20101204,2010-12-04,197.0,26.0,39.0,9.0
LT05_197026_20110105,2011-01-05,197.0,26.0,5.0,9.0
LT05_197026_20110222,2011-02-22,197.0,26.0,75.0,9.0
LT05_197026_20110310,2011-03-10,197.0,26.0,78.0,9.0
LT05_197026_20110411,2011-04-11,197.0,26.0,4.0,9.0
LT05_197026_20110427,2011-04-27,197.0,26.0,79.0,7.0
LT05_197026_20110513,2011-05-13,197.0,26.0,8.0,9.0
LT05_197026_20110529,2011-05-29,197.0,26.0,2.0,9.0
LT05_197026_20110630,2011-06-30,197.0,26.0,34.0,9.0
LT05_197026_20110801,2011-08-01,197.0,26.0,33.0,9.0
LT05_197026_20110817,2011-08-17,197.0,26.0,15.0,9.0
LT05_197026_20110902,2011-09-02,197.0,26.0,9.0,9.0
LT05_197026_20111004,2011-10-04,197.0,26.0,26.0,7.0
LT05_197026_20111020,2011-10-20,197.0,26.0,81.0,9.0
LT05_198021_20040430,2004-04-30,198.0,21.0,56.0,9.0
LT05_198021_20040516,2004-05-16,198.0,21.0,64.0,9.0
LT05_198021_20040601,2004-06-01,198.0,21.0,3.0,9.0
LT05_198021_20040804,2004-08-04,198.0,21.0,56.0,9.0
LT05_198021_20060130,2006-01-30,198.0,21.0,45.0,9.0
LT05_198022_20010422,2001-04-22,198.0,22.0,4.0,9.0
LT05_198022_20010727,2001-07-27,198.0,22.0,16.0,7.0
LT05_198022_20011015,2001-10-15,198.0,22.0,62.0,9.0
LT05_198022_20040414,2004-04-14,198.0,22.0,91.0,9.0
LT05_198022_20040430,2004-04-30,198.0,22.0,62.0,9.0
LT05_198022_20040905,2004-09-05,198.0,22.0,69.0,9.0
LT05_198022_20050228,2005-02-28,198.0,22.0,50.0,9.0
LT05_198022_20050908,2005-09-08,198.0,22.0,12.0,9.0
LT05_198022_20060130,2006-01-30,198.0,22.0,89.0,9.0
LT05_198022_20060607,2006-06-07,198.0,22.0,59.0,9.0
LT05_198022_20060725,2006-07-25,198.0,22.0,10.0,9.0
LT05_198022_20090311,2009-03-11,198.0,22.0,1.0,9.0
LT05_198022_20090530,2009-05-30,198.0,22.0,0.0,9.0
LT05_198022_20090701,2009-07-01,198.0,22.0,5.0,9.0
LT05_198022_20090919,2009-09-19,198.0,22.0,2.0,9.0
LT05_198022_20100415,2010-04-15,198.0,22.0,41.0,9.0
LT05_198022_20100602,2010-06-02,198.0,22.0,1.0,9.0
LT05_198022_20110418,2011-04-18,198.0,22.0,69.0,9.0
LT05_198022_20110605,2011-06-05,198.0,22.0,33.0,9.0
LT05_198022_20110925,2011-09-25,198.0,22.0,41.0,9.0
LT05_198023_20000130,2000-01-30,198.0,23.0,32.0,9.0
LT05_198023_20000622,2000-06-22,198.0,23.0,62.0,9.0
LT05_198023_20000809,2000-08-09,198.0,23.0,47.0,9.0
LT05_198023_20000910,2000-09-10,198.0,23.0,92.0,9.0
LT05_198023_20010305,2001-03-05,198.0,23.0,30.0,9.0
LT05_198023_20010508,2001-05-08,198.0,23.0,43.0,9.0
LT05_198023_20010609,2001-06-09,198.0,23.0,38.0,7.0
LT05_198023_20010625,2001-06-25,198.0,23.0,17.0,9.0
LT05_198023_20010727,2001-07-27,198.0,23.0,19.0,9.0
LT05_198023_20010929,2001-09-29,198.0,23.0,56.0,9.0
LT05_198023_20020220,2002-02-20,198.0,23.0,56.0,9.0
LT05_198023_20020308,2002-03-08,198.0,23.0,67.0,9.0
LT05_198023_20020628,2002-06-28,198.0,23.0,69.0,9.0
LT05_198023_20030701,2003-07-01,198.0,23.0,77.0,9.0
LT05_198023_20030802,2003-08-02,198.0,23.0,69.0,9.0
LT05_198023_20030818,2003-08-18,198.0,23.0,71.0,9.0
LT05_198023_20030903,2003-09-03,198.0,23.0,77.0,9.0
LT05_198023_20030919,2003-09-19,198.0,23.0,35.0,9.0
LT05_198023_20031005,2003-10-05,198.0,23.0,29.0,9.0
LT05_198023_20040125,2004-01-25,198.0,23.0,35.0,9.0
LT05_198023_20040226,2004-02-26,198.0,23.0,48.0,9.0
LT05_198023_20040329,2004-03-29,198.0,23.0,27.0,9.0
LT05_198023_20040414,2004-04-14,198.0,23.0,29.0,9.0
LT05_198023_20040430,2004-04-30,198.0,23.0,53.0,9.0
LT05_198023_20040516,2004-05-16,198.0,23.0,50.0,9.0
LT05_198023_20040601,2004-06-01,198.0,23.0,36.0,9.0
LT05_198023_20040703,2004-07-03,198.0,23.0,56.0,9.0
LT05_198023_20040719,2004-07-19,198.0,23.0,64.0,9.0
LT05_198023_20040804,2004-08-04,198.0,23.0,46.0,9.0
LT05_198023_20040905,2004-09-05,198.0,23.0,8.0,9.0
LT05_198023_20040921,2004-09-21,198.0,23.0,57.0,9.0
LT05_198023_20041007,2004-10-07,198.0,23.0,29.0,9.0
LT05_198023_20041124,2004-11-24,198.0,23.0,38.0,9.0
LT05_198023_20050127,2005-01-27,198.0,23.0,100.0,9.0
LT05_198023_20050228,2005-02-28,198.0,23.0,23.0,9.0
LT05_198023_20050401,2005-04-01,198.0,23.0,1.0,9.0
LT05_198023_20050519,2005-05-19,198.0,23.0,80.0,9.0
LT05_198023_20050604,2005-06-04,198.0,23.0,77.0,9.0
LT05_198023_20050620,2005-06-20,198.0,23.0,48.0,9.0
LT05_198023_20050706,2005-07-06,198.0,23.0,91.0,9.0
LT05_198023_20050807,2005-08-07,198.0,23.0,48.0,9.0
LT05_198023_20050908,2005-09-08,198.0,23.0,1.0,9.0
LT05_198023_20051010,2005-10-10,198.0,23.0,16.0,9.0
LT05_198023_20060130,2006-01-30,198.0,23.0,100.0,9.0
LT05_198023_20060404,2006-04-04,198.0,23.0,27.0,9.0
LT05_198023_20060506,2006-05-06,198.0,23.0,9.0,9.0
LT05_198023_20060607,2006-06-07,198.0,23.0,62.0,9.0
LT05_198023_20060623,2006-06-23,198.0,23.0,61.0,9.0
LT05_198023_20060709,2006-07-09,198.0,23.0,95.0,9.0
LT05_198023_20060725,2006-07-25,198.0,23.0,1.0,9.0
LT05_198023_20060826,2006-08-26,198.0,23.0,56.0,9.0
LT05_198023_20060927,2006-09-27,198.0,23.0,73.0,9.0
LT05_198023_20061029,2006-10-29,198.0,23.0,61.0,9.0
LT05_198023_20061114,2006-11-14,198.0,23.0,92.0,9.0
LT05_198023_20070322,2007-03-22,198.0,23.0,46.0,9.0
LT05_198023_20070525,2007-05-25,198.0,23.0,37.0,9.0
LT05_198023_20070610,2007-06-10,198.0,23.0,78.0,9.0
LT05_198023_20070712,2007-07-12,198.0,23.0,82.0,9.0
LT05_198023_20070728,2007-07-28,198.0,23.0,50.0,9.0
LT05_198023_20070813,2007-08-13,198.0,23.0,34.0,9.0
LT05_198023_20070829,2007-08-29,198.0,23.0,45.0,9.0
LT05_198023_20080308,2008-03-08,198.0,23.0,99.0,9.0
LT05_198023_20080324,2008-03-24,198.0,23.0,48.0,9.0
LT05_198023_20080511,2008-05-11,198.0,23.0,1.0,9.0
LT05_198023_20080815,2008-08-15,198.0,23.0,19.0,9.0
LT05_198023_20081002,2008-10-02,198.0,23.0,71.0,9.0
LT05_198023_20090311,2009-03-11,198.0,23.0,25.0,9.0
LT05_198023_20090530,2009-05-30,198.0,23.0,1.0,9.0
LT05_198023_20090701,2009-07-01,198.0,23.0,14.0,9.0
LT05_198023_20090818,2009-08-18,198.0,23.0,17.0,9.0
LT05_198023_20090919,2009-09-19,198.0,23.0,1.0,9.0
LT05_198023_20091005,2009-10-05,198.0,23.0,84.0,9.0
LT05_198023_20091106,2009-11-06,198.0,23.0,48.0,9.0
LT05_198023_20100125,2010-01-25,198.0,23.0,64.0,9.0
LT05_198023_20100330,2010-03-30,198.0,23.0,79.0,9.0
LT05_198023_20100415,2010-04-15,198.0,23.0,1.0,9.0
LT05_198023_20100517,2010-05-17,198.0,23.0,56.0,9.0
LT05_198023_20100602,2010-06-02,198.0,23.0,7.0,9.0
LT05_198023_20100704,2010-07-04,198.0,23.0,3.0,9.0
LT05_198023_20100805,2010-08-05,198.0,23.0,58.0,9.0
LT05_198023_20100906,2010-09-06,198.0,23.0,0.0,9.0
LT05_198023_20101008,2010-10-08,198.0,23.0,78.0,9.0
LT05_198023_20101024,2010-10-24,198.0,23.0,35.0,9.0
LT05_198023_20110128,2011-01-28,198.0,23.0,1.0,9.0
LT05_198023_20110317,2011-03-17,198.0,23.0,92.0,9.0
LT05_198023_20110418,2011-04-18,198.0,23.0,9.0,9.0
LT05_198023_20110504,2011-05-04,198.0,23.0,41.0,9.0
LT05_198023_20110605,2011-06-05,198.0,23.0,92.0,9.0
LT05_198023_20110621,2011-06-21,198.0,23.0,92.0,9.0
LT05_198023_20110707,2011-07-07,198.0,23.0,50.0,9.0
LT05_198023_20110808,2011-08-08,198.0,23.0,65.0,9.0
LT05_198023_20110925,2011-09-25,198.0,23.0,43.0,9.0
LT05_198024_20000606,2000-06-06,198.0,24.0,77.0,9.0
LT05_198024_20000809,2000-08-09,198.0,24.0,32.0,9.0
LT05_198024_20000910,2000-09-10,198.0,24.0,53.0,9.0
LT05_198024_20010201,2001-02-01,198.0,24.0,79.0,9.0
LT05_198024_20010508,2001-05-08,198.0,24.0,45.0,9.0
LT05_198024_20010609,2001-06-09,198.0,24.0,45.0,9.0
LT05_198024_20010625,2001-06-25,198.0,24.0,3.0,9.0
LT05_198024_20010711,2001-07-11,198.0,24.0,61.0,9.0
LT05_198024_20010727,2001-07-27,198.0,24.0,53.0,9.0
LT05_198024_20010812,2001-08-12,198.0,24.0,97.0,9.0
LT05_198024_20010828,2001-08-28,198.0,24.0,37.0,9.0
LT05_198024_20011015,2001-10-15,198.0,24.0,47.0,9.0
LT05_198024_20020119,2002-01-19,198.0,24.0,44.0,9.0
LT05_198024_20020204,2002-02-04,198.0,24.0,45.0,9.0
LT05_198024_20020220,2002-02-20,198.0,24.0,69.0,9.0
LT05_198024_20020308,2002-03-08,198.0,24.0,46.0,9.0
LT05_198024_20020628,2002-06-28,198.0,24.0,79.0,9.0
LT05_198024_20030701,2003-07-01,198.0,24.0,81.0,9.0
LT05_198024_20030802,2003-08-02,198.0,24.0,65.0,9.0
LT05_198024_20030818,2003-08-18,198.0,24.0,93.0,9.0
LT05_198024_20030903,2003-09-03,198.0,24.0,33.0,9.0
LT05_198024_20030919,2003-09-19,198.0,24.0,14.0,9.0
LT05_198024_20031005,2003-10-05,198.0,24.0,36.0,9.0
LT05_198024_20040125,2004-01-25,198.0,24.0,32.0,9.0
LT05_198024_20040226,2004-02-26,198.0,24.0,77.0,9.0
LT05_198024_20040313,2004-03-13,198.0,24.0,94.0,9.0
LT05_198024_20040329,2004-03-29,198.0,24.0,48.0,9.0
LT05_198024_20040414,2004-04-14,198.0,24.0,9.0,9.0
LT05_198024_20040430,2004-04-30,198.0,24.0,62.0,9.0
LT05_198024_20040516,2004-05-16,198.0,24.0,41.0,9.0
LT05_198024_20040601,2004-06-01,198.0,24.0,29.0,9.0
LT05_198024_20040617,2004-06-17,198.0,24.0,89.0,9.0
LT05_198024_20040703,2004-07-03,198.0,24.0,64.0,9.0
LT05_198024_20040719,2004-07-19,198.0,24.0,25.0,9.0
LT05_198024_20040804,2004-08-04,198.0,24.0,67.0,9.0
LT05_198024_20040820,2004-08-20,198.0,24.0,77.0,9.0
LT05_198024_20040905,2004-09-05,198.0,24.0,13.0,9.0
LT05_198024_20040921,2004-09-21,198.0,24.0,70.0,9.0
LT05_198024_20041007,2004-10-07,198.0,24.0,46.0,9.0
LT05_198024_20041124,2004-11-24,198.0,24.0,43.0,9.0
LT05_198024_20050316,2005-03-16,198.0,24.0,74.0,9.0
LT05_198024_20050401,2005-04-01,198.0,24.0,0.0,9.0
LT05_198024_20050417,2005-04-17,198.0,24.0,70.0,9.0
LT05_198024_20050519,2005-05-19,198.0,24.0,60.0,9.0
LT05_198024_20050604,2005-06-04,198.0,24.0,91.0,9.0
LT05_198024_20050620,2005-06-20,198.0,24.0,24.0,9.0
LT05_198024_20050706,2005-07-06,198.0,24.0,89.0,9.0
LT05_198024_20050807,2005-08-07,198.0,24.0,53.0,9.0
LT05_198024_20050908,2005-09-08,198.0,24.0,1.0,9.0
LT05_198024_20051010,2005-10-10,198.0,24.0,2.0,9.0
LT05_198024_20060404,2006-04-04,198.0,24.0,46.0,9.0
LT05_198024_20060506,2006-05-06,198.0,24.0,45.0,9.0
LT05_198024_20060522,2006-05-22,198.0,24.0,73.0,9.0
LT05_198024_20060607,2006-06-07,198.0,24.0,77.0,9.0
LT05_198024_20060623,2006-06-23,198.0,24.0,66.0,9.0
LT05_198024_20060709,2006-07-09,198.0,24.0,75.0,9.0
LT05_198024_20060725,2006-07-25,198.0,24.0,6.0,9.0
LT05_198024_20060810,2006-08-10,198.0,24.0,85.0,9.0
LT05_198024_20060826,2006-08-26,198.0,24.0,85.0,9.0
LT05_198024_20060927,2006-09-27,198.0,24.0,63.0,9.0
LT05_198024_20061013,2006-10-13,198.0,24.0,40.0,9.0
LT05_198024_20061029,2006-10-29,198.0,24.0,62.0,9.0
LT05_198024_20061130,2006-11-30,198.0,24.0,61.0,9.0
LT05_198024_20070117,2007-01-17,198.0,24.0,94.0,9.0
LT05_198024_20070525,2007-05-25,198.0,24.0,40.0,9.0
LT05_198024_20070728,2007-07-28,198.0,24.0,55.0,9.0
LT05_198024_20070813,2007-08-13,198.0,24.0,39.0,9.0
LT05_198024_20070829,2007-08-29,198.0,24.0,21.0,9.0
LT05_198024_20080308,2008-03-08,198.0,24.0,95.0,9.0
LT05_198024_20080324,2008-03-24,198.0,24.0,59.0,9.0
LT05_198024_20080425,2008-04-25,198.0,24.0,69.0,9.0
LT05_198024_20080527,2008-05-27,198.0,24.0,98.0,9.0
LT05_198024_20080815,2008-08-15,198.0,24.0,27.0,9.0
LT05_198024_20080916,2008-09-16,198.0,24.0,54.0,9.0
LT05_198024_20081002,2008-10-02,198.0,24.0,61.0,9.0
LT05_198024_20090122,2009-01-22,198.0,24.0,100.0,9.0
LT05_198024_20090207,2009-02-07,198.0,24.0,94.0,9.0
LT05_198024_20090311,2009-03-11,198.0,24.0,52.0,9.0
LT05_198024_20090412,2009-04-12,198.0,24.0,99.0,9.0
LT05_198024_20090701,2009-07-01,198.0,24.0,6.0,9.0
LT05_198024_20090717,2009-07-17,198.0,24.0,71.0,9.0
LT05_198024_20090818,2009-08-18,198.0,24.0,18.0,9.0
LT05_198024_20090903,2009-09-03,198.0,24.0,81.0,9.0
LT05_198024_20090919,2009-09-19,198.0,24.0,38.0,9.0
LT05_198024_20091106,2009-11-06,198.0,24.0,80.0,9.0
LT05_198024_20091122,2009-11-22,198.0,24.0,46.0,9.0
LT05_198024_20100210,2010-02-10,198.0,24.0,64.0,9.0
LT05_198024_20100415,2010-04-15,198.0,24.0,1.0,9.0
LT05_198024_20100501,2010-05-01,198.0,24.0,83.0,9.0
LT05_198024_20100517,2010-05-17,198.0,24.0,56.0,9.0
LT05_198024_20100602,2010-06-02,198.0,24.0,4.0,9.0
LT05_198024_20100618,2010-06-18,198.0,24.0,94.0,9.0
LT05_198024_20100704,2010-07-04,198.0,24.0,28.0,9.0
LT05_198024_20100720,2010-07-20,198.0,24.0,63.0,9.0
LT05_198024_20100805,2010-08-05,198.0,24.0,71.0,9.0
LT05_198024_20100821,2010-08-21,198.0,24.0,73.0,9.0
LT05_198024_20100906,2010-09-06,198.0,24.0,1.0,9.0
LT05_198024_20100922,2010-09-22,198.0,24.0,37.0,9.0
LT05_198024_20101008,2010-10-08,198.0,24.0,64.0,9.0
LT05_198024_20101024,2010-10-24,198.0,24.0,33.0,9.0
LT05_198024_20101125,2010-11-25,198.0,24.0,83.0,9.0
LT05_198024_20110128,2011-01-28,198.0,24.0,5.0,9.0
LT05_198024_20110301,2011-03-01,198.0,24.0,68.0,9.0
LT05_198024_20110418,2011-04-18,198.0,24.0,2.0,9.0
LT05_198024_20110504,2011-05-04,198.0,24.0,44.0,9.0
LT05_198024_20110605,2011-06-05,198.0,24.0,80.0,9.0
LT05_198024_20110621,2011-06-21,198.0,24.0,83.0,9.0
LT05_198024_20110707,2011-07-07,198.0,24.0,53.0,9.0
LT05_198024_20110808,2011-08-08,198.0,24.0,70.0,9.0
LT05_198024_20110824,2011-08-24,198.0,24.0,92.0,9.0
LT05_198024_20110925,2011-09-25,198.0,24.0,8.0,9.0
LT05_198025_20000505,2000-05-05,198.0,25.0,13.0,9.0
LT05_198025_20000622,2000-06-22,198.0,25.0,76.0,9.0
LT05_198025_20000809,2000-08-09,198.0,25.0,51.0,9.0
LT05_198025_20000910,2000-09-10,198.0,25.0,2.0,9.0
LT05_198025_20010201,2001-02-01,198.0,25.0,81.0,9.0
LT05_198025_20010422,2001-04-22,198.0,25.0,53.0,9.0
LT05_198025_20010508,2001-05-08,198.0,25.0,48.0,9.0
LT05_198025_20010609,2001-06-09,198.0,25.0,39.0,9.0
LT05_198025_20010625,2001-06-25,198.0,25.0,3.0,9.0
LT05_198025_20010711,2001-07-11,198.0,25.0,66.0,9.0
LT05_198025_20010812,2001-08-12,198.0,25.0,42.0,9.0
LT05_198025_20010828,2001-08-28,198.0,25.0,8.0,9.0
LT05_198025_20011015,2001-10-15,198.0,25.0,61.0,9.0
LT05_198025_20020103,2002-01-03,198.0,25.0,0.0,9.0
LT05_198025_20020308,2002-03-08,198.0,25.0,35.0,9.0
LT05_198025_20020628,2002-06-28,198.0,25.0,60.0,9.0
LT05_198025_20030701,2003-07-01,198.0,25.0,78.0,9.0
LT05_198025_20030802,2003-08-02,198.0,25.0,23.0,9.0
LT05_198025_20030919,2003-09-19,198.0,25.0,0.0,9.0
LT05_198025_20031005,2003-10-05,198.0,25.0,61.0,9.0
LT05_198025_20040125,2004-01-25,198.0,25.0,59.0,9.0
LT05_198025_20040226,2004-02-26,198.0,25.0,64.0,9.0
LT05_198025_20040313,2004-03-13,198.0,25.0,95.0,9.0
LT05_198025_20040414,2004-04-14,198.0,25.0,21.0,9.0
LT05_198025_20040430,2004-04-30,198.0,25.0,74.0,9.0
LT05_198025_20040516,2004-05-16,198.0,25.0,20.0,9.0
LT05_198025_20040601,2004-06-01,198.0,25.0,77.0,9.0
LT05_198025_20040617,2004-06-17,198.0,25.0,40.0,9.0
LT05_198025_20040703,2004-07-03,198.0,25.0,63.0,9.0
LT05_198025_20040719,2004-07-19,198.0,25.0,32.0,9.0
LT05_198025_20040804,2004-08-04,198.0,25.0,49.0,9.0
LT05_198025_20040820,2004-08-20,198.0,25.0,58.0,9.0
LT05_198025_20040905,2004-09-05,198.0,25.0,5.0,9.0
LT05_198025_20040921,2004-09-21,198.0,25.0,69.0,9.0
LT05_198025_20041007,2004-10-07,198.0,25.0,32.0,9.0
LT05_198025_20041023,2004-10-23,198.0,25.0,97.0,9.0
LT05_198025_20041124,2004-11-24,198.0,25.0,32.0,9.0
LT05_198025_20041210,2004-12-10,198.0,25.0,65.0,9.0
LT05_198025_20041226,2004-12-26,198.0,25.0,74.0,9.0
LT05_198025_20050127,2005-01-27,198.0,25.0,100.0,9.0
LT05_198025_20050316,2005-03-16,198.0,25.0,57.0,9.0
LT05_198025_20050401,2005-04-01,198.0,25.0,0.0,9.0
LT05_198025_20050417,2005-04-17,198.0,25.0,96.0,9.0
LT05_198025_20050503,2005-05-03,198.0,25.0,75.0,9.0
LT05_198025_20050519,2005-05-19,198.0,25.0,51.0,9.0
LT05_198025_20050620,2005-06-20,198.0,25.0,8.0,9.0
LT05_198025_20050722,2005-07-22,198.0,25.0,88.0,9.0
LT05_198025_20050908,2005-09-08,198.0,25.0,3.0,9.0
LT05_198025_20051010,2005-10-10,198.0,25.0,2.0,9.0
LT05_198025_20060130,2006-01-30,198.0,25.0,14.0,9.0
LT05_198025_20060404,2006-04-04,198.0,25.0,64.0,9.0
LT05_198025_20060506,2006-05-06,198.0,25.0,48.0,9.0
LT05_198025_20060522,2006-05-22,198.0,25.0,66.0,9.0
LT05_198025_20060607,2006-06-07,198.0,25.0,88.0,9.0
LT05_198025_20060623,2006-06-23,198.0,25.0,30.0,9.0
LT05_198025_20060709,2006-07-09,198.0,25.0,90.0,9.0
LT05_198025_20060725,2006-07-25,198.0,25.0,44.0,9.0
LT05_198025_20060810,2006-08-10,198.0,25.0,86.0,9.0
LT05_198025_20060826,2006-08-26,198.0,25.0,94.0,9.0
LT05_198025_20060927,2006-09-27,198.0,25.0,77.0,9.0
LT05_198025_20061013,2006-10-13,198.0,25.0,25.0,9.0
LT05_198025_20061029,2006-10-29,198.0,25.0,49.0,9.0
LT05_198025_20070117,2007-01-17,198.0,25.0,84.0,9.0
LT05_198025_20070525,2007-05-25,198.0,25.0,30.0,9.0
LT05_198025_20070728,2007-07-28,198.0,25.0,66.0,9.0
LT05_198025_20070813,2007-08-13,198.0,25.0,31.0,9.0
LT05_198025_20070930,2007-09-30,198.0,25.0,83.0,7.0
LT05_198025_20080324,2008-03-24,198.0,25.0,79.0,9.0
LT05_198025_20080425,2008-04-25,198.0,25.0,72.0,9.0
LT05_198025_20080511,2008-05-11,198.0,25.0,0.0,9.0
LT05_198025_20080730,2008-07-30,198.0,25.0,24.0,9.0
LT05_198025_20080815,2008-08-15,198.0,25.0,26.0,9.0
LT05_198025_20080831,2008-08-31,198.0,25.0,37.0,9.0
LT05_198025_20080916,2008-09-16,198.0,25.0,29.0,9.0
LT05_198025_20081002,2008-10-02,198.0,25.0,69.0,9.0
LT05_198025_20090311,2009-03-11,198.0,25.0,48.0,9.0
LT05_198025_20090412,2009-04-12,198.0,25.0,100.0,9.0
LT05_198025_20090530,2009-05-30,198.0,25.0,0.0,9.0
LT05_198025_20090701,2009-07-01,198.0,25.0,13.0,9.0
LT05_198025_20090717,2009-07-17,198.0,25.0,90.0,9.0
LT05_198025_20090818,2009-08-18,198.0,25.0,8.0,9.0
LT05_198025_20090903,2009-09-03,198.0,25.0,68.0,9.0
LT05_198025_20090919,2009-09-19,198.0,25.0,25.0,9.0
LT05_198025_20091021,2009-10-21,198.0,25.0,86.0,9.0
LT05_198025_20091122,2009-11-22,198.0,25.0,37.0,9.0
LT05_198025_20100210,2010-02-10,198.0,25.0,79.0,9.0
LT05_198025_20100415,2010-04-15,198.0,25.0,21.0,9.0
LT05_198025_20100501,2010-05-01,198.0,25.0,65.0,9.0
LT05_198025_20100602,2010-06-02,198.0,25.0,9.0,9.0
LT05_198025_20100618,2010-06-18,198.0,25.0,81.0,9.0
LT05_198025_20100704,2010-07-04,198.0,25.0,24.0,9.0
LT05_198025_20100720,2010-07-20,198.0,25.0,42.0,9.0
LT05_198025_20100821,2010-08-21,198.0,25.0,21.0,9.0
LT05_198025_20100906,2010-09-06,198.0,25.0,35.0,9.0
LT05_198025_20100922,2010-09-22,198.0,25.0,4.0,9.0
LT05_198025_20101008,2010-10-08,198.0,25.0,22.0,9.0
LT05_198025_20101024,2010-10-24,198.0,25.0,32.0,9.0
LT05_198025_20110128,2011-01-28,198.0,25.0,36.0,9.0
LT05_198025_20110301,2011-03-01,198.0,25.0,47.0,9.0
LT05_198025_20110418,2011-04-18,198.0,25.0,2.0,9.0
LT05_198025_20110504,2011-05-04,198.0,25.0,4.0,9.0
LT05_198025_20110605,2011-06-05,198.0,25.0,72.0,9.0
LT05_198025_20110707,2011-07-07,198.0,25.0,61.0,9.0
LT05_198025_20110808,2011-08-08,198.0,25.0,79.0,7.0
LT05_198025_20110824,2011-08-24,198.0,25.0,99.0,9.0
LT05_198025_20110925,2011-09-25,198.0,25.0,2.0,9.0
